player_id,player_name,spotrac_id,matched_name,position,confidence
abrinal01,Álex Abrines,13345,Alex Abrines,Shooting Guard,high
achiupr01,Precious Achiuwa,70662,Precious Achiuwa,Power Forward,high
acyqu01,Quincy Acy,10862,Quincy Acy,Power Forward,high
adamsst01,Steven Adams,13325,Steven Adams,Center,high
adebaba01,Bam Adebayo,23609,Bam Adebayo,Center,high
afflaar01,Arron Afflalo,2297,Arron Afflalo,Shooting Guard,high
agbajoc01,Ochai Agbaji,78124,Ochai Agbaji,Small Forward,high
ajincal01,Alexis Ajinça,6087,Alexis Ajinca,Center,high
aldamsa01,Santi Aldama,74137,Santi Aldama,Center,high
aldrico01,Cole Aldrich,6893,Cole Aldrich,Center,high
aldrila01,LaMarcus Aldridge,2672,LaMarcus Aldridge,Power Forward,high
alexani01,Nickeil Alexander-Walker,31574,Nickeil Alexander-Walker,Shooting Guard,high
allengr01,Grayson Allen,26987,Grayson Allen,Shooting Guard,high
allenja01,Jarrett Allen,23617,Jarrett Allen,Center,high
allenka01,Kadeem Allen,23654,Kadeem Allen,Shooting Guard,high
allenla01,Lavoy Allen,8102,LaVoy Allen,Power Forward,high
allento01,Tony Allen,2210,Tony Allen,Shooting Guard,high
alvarjo01,Jose Alvarado,74331,Jose Alvarado,Point Guard,high
aminual01,Al-Farouq Aminu,6890,Al-Farouq Aminu,Power Forward,high
anderal01,Alan Anderson,9261,Alan Anderson,Shooting Guard,high
anderch01,Chris Andersen,6102,Chris Andersen,Power Forward,high
anderja01,James Anderson,1197,James Anderson,,high
anderju01,Justin Anderson,17849,Justin Anderson,Shooting Guard,high
anderky01,Kyle Anderson,15382,Kyle Anderson,Power Forward,high
anderry01,Ryan Anderson,6133,Ryan Anderson,Power Forward,high
antetgi01,Giannis Antetokounmpo,13328,Giannis Antetokounmpo,Power Forward,high
antetth01,Thanasis Antetokounmpo,15403,Thanasis Antetokounmpo,Small Forward,high
anthoca01,Carmelo Anthony,2283,Carmelo Anthony,Power Forward,high
anthoco01,Cole Anthony,70657,Cole Anthony,Point Guard,high
anunoog01,OG Anunoby,23618,OG Anunoby,Small Forward,high
arcidry01,Ryan Arcidiacono,20275,Ryan Arcidiacono,Point Guard,high
arizatr01,Trevor Ariza,2513,Trevor Ariza,Small Forward,high
artesro01,Metta World Peace,2687,Metta World Peace,Small Forward,high
arthuda01,Darrell Arthur,6121,Darrell Arthur,Power Forward,high
asikom01,Ömer Aşık,7110,Omer Asik,Center,medium
augusdj01,D.J. Augustin,6088,D.J. Augustin,Point Guard,high
avdijde01,Deni Avdija,70651,Deni Avdija,Small Forward,high
aytonde01,Deandre Ayton,26967,Deandre Ayton,Center,high
azubuud01,Udoka Azubuike,70669,Udoka Azubuike,Center,high
babbilu01,Luke Babbitt,6898,Luke Babbitt,Small Forward,high
bacondw01,Dwayne Bacon,23640,Dwayne Bacon,Shooting Guard,high
baglema01,Marvin Bagley III,26968,Marvin Bagley III,Power Forward,high
baileac01,Ace Bailey,98599,Ace Bailey,Small Forward,high
bakerro01,Ron Baker,20278,Ron Baker,Shooting Guard,high
baldwpa01,Patrick Baldwin Jr.,78139,Patrick Baldwin Jr.,Small Forward,high
baldwwa01,Wade Baldwin,20222,Wade Baldwin,Point Guard,high
ballla01,LaMelo Ball,70645,LaMelo Ball,Point Guard,high
balllo01,Lonzo Ball,23597,Lonzo Ball,Point Guard,high
bambamo01,Mo Bamba,26972,Mohamed Bamba,Center,medium
banchpa01,Paolo Banchero,78110,Paolo Banchero,Power Forward,high
banede01,Desmond Bane,70672,Desmond Bane,Shooting Guard,high
bantoda01,Dalano Banton,74153,Dalano Banton,Point Guard,high
barbole01,Leandro Barbosa,2659,Leandro Barbosa,Shooting Guard,high
bareajo01,J.J. Barea,2269,Jose Barea,Point Guard,low
bargnan01,Andrea Bargnani,2730,Andrea Bargnani,Center,high
barlodo01,Dominick Barlow,78565,Dominick Barlow,Power Forward,high
barneha02,Harrison Barnes,10815,Harrison Barnes,Power Forward,high
barnema02,Matt Barnes,2313,Matt Barnes,Small Forward,high
barnesc01,Scottie Barnes,74111,Scottie Barnes,Power Forward,high
barrerj01,RJ Barrett,31560,R.J. Barrett,Shooting Guard,high
bartowi01,Will Barton,10865,Will Barton,Shooting Guard,high
bassbr01,Brandon Bass,2270,Brandon Bass,Power Forward,high
bassech01,Charles Bassey,74160,Charles Bassey,Center,high
bateske01,Keita Bates-Diop,27014,Keita Bates-Diop,Small Forward,high
battlja01,Jamison Battle,95121,Jamison Battle,Small Forward,high
batumni01,Nicolas Batum,6149,Nicolas Batum,Small Forward,high
bayleje01,Jerryd Bayless,6150,Jerryd Bayless,Point Guard,high
baynear01,Aron Baynes,11850,Aron Baynes,Center,high
bazemke01,Kent Bazemore,11079,Kent Bazemore,Shooting Guard,high
bazleda01,Darius Bazley,31581,Darius Bazley,Power Forward,high
bealbr01,Bradley Beal,10811,Bradley Beal,Shooting Guard,high
beaslma01,Malik Beasley,20224,Malik Beasley,Shooting Guard,high
beaslmi01,Michael Beasley,6127,Michael Beasley,Small Forward,high
beaucma01,MarJon Beauchamp,78134,MarJon Beauchamp,Shooting Guard,high
belinma01,Marco Belinelli,2314,Marco Belinelli,Shooting Guard,high
belljo01,Jordan Bell,23633,Jordan Bell,Center,high
bembrde01,DeAndre' Bembry,20226,DeAndre' Bembry,Small Forward,high
bendedr01,Dragan Bender,20209,Dragan Bender,Power Forward,high
bertada01,Dāvis Bertāns,8094,Davis Bertans,Power Forward,high
beverpa01,Patrick Beverley,6297,Patrick Beverley,Point Guard,high
beysa01,Saddiq Bey,70661,Saddiq Bey,Small Forward,high
birchkh01,Khem Birch,15786,Khem Birch,Center,high
bitadgo01,Goga Bitadze,31575,Goga Bitadze,Center,high
biyombi01,Bismack Biyombo,8057,Bismack Biyombo,Center,high
bjeline01,Nemanja Bjelica,6917,Nemanja Bjelica,Power Forward,high
blackan01,Anthony Black,82203,Anthony Black,Shooting Guard,high
blackle01,Leaky Black,85398,Leaky Black,Small Forward,high
blackta01,Tarik Black,15767,Tarik Black,Power Forward,high
blakean01,Antonio Blakeney,24223,Antonio Blakeney,Shooting Guard,high
blakest01,Steve Blake,2673,Steve Blake,Point Guard,high
bledser01,Eric Bledsoe,6900,Eric Bledsoe,Point Guard,high
bogdabo01,Bogdan Bogdanović,15379,Bogdan Bogdanovic,Shooting Guard,high
bogdabo02,Bojan Bogdanović,8083,Bojan Bogdanovic,Small Forward,high
bogutan01,Andrew Bogut,2560,Andrew Bogut,Center,high
bolbo01,Bol Bol,31603,Bol Bol,Power Forward,high
boldejo01,Jonah Bolden,23631,Jonah Bolden,Small Forward,high
bonaad01,Adem Bona,91790,Adem Bona,Center,high
bongais01,Isaac Bonga,27005,Isaac Bonga,Small Forward,high
bookede01,Devin Booker,17841,Devin Booker,Shooting Guard,high
booketr01,Trevor Booker,6905,Trevor Booker,Power Forward,high
boshch01,Chris Bosh,2732,Chris Bosh,Power Forward,high
bostobr01,Brandon Boston Jr.,74158,Brandon Boston Jr,Shooting Guard,high
bouchch01,Chris Boucher,23671,Chris Boucher,Power Forward,high
bouknja01,James Bouknight,74118,James Bouknight,Shooting Guard,high
bouyeja01,Jamaree Bouyea,78578,Jamaree Bouyea,Point Guard,high
bowmaky01,Ky Bowman,32457,Ky Bowman,Shooting Guard,high
bradlav01,Avery Bradley,6901,Avery Bradley,Point Guard,high
bradlto01,Tony Bradley,23623,Tony Bradley,Center,high
branhma01,Malaki Branham,78120,Malaki Branham,Shooting Guard,high
braunch01,Christian Braun,78148,Christian Braun,Shooting Guard,high
brazdig01,Ignas Brazdeikis,31606,Ignas Brazdeikis,Small Forward,high
breweco01,Corey Brewer,2573,Corey Brewer,Shooting Guard,high
bridgmi01,Mikal Bridges,26976,Mikal Bridges,Small Forward,high
bridgmi02,Miles Bridges,26978,Miles Bridges,Small Forward,high
briscis01,Isaiah Briscoe,24479,Isaiah Briscoe,Point Guard,high
brissos01,Oshae Brissett,32418,Oshae Brissett,Small Forward,high
broekry01,Ryan Broekhoff,27626,Ryan Broekhoff,Small Forward,high
brogdma01,Malcolm Brogdon,20242,Malcolm Brogdon,Point Guard,high
brookaa01,Aaron Brooks,2390,Aaron Brooks,Point Guard,high
brookar01,Armoni Brooks,32812,Armoni Brooks,Shooting Guard,high
brookdi01,Dillon Brooks,23646,Dillon Brooks,Small Forward,high
brookma01,MarShon Brooks,8076,MarShon Brooks,Shooting Guard,high
brownan02,Anthony Brown,17862,Anthony Brown,Small Forward,high
brownbr01,Bruce Brown,27008,Bruce Brown Jr.,Shooting Guard,medium
browngr01,Greg Brown III,74150,Greg Brown III,Power Forward,high
brownja02,Jaylen Brown,20208,Jaylen Brown,Small Forward,high
brownko01,Kobe Brown,84464,Kobe Brown,Power Forward,high
brownma02,Markel Brown,15396,Markel Brown,Shooting Guard,high
brownmo01,Moses Brown,32830,Moses Brown,Center,high
brownst02,Sterling Brown,23647,Sterling Brown,Shooting Guard,high
browntr01,Troy Brown Jr.,26981,Troy Brown Jr.,Shooting Guard,high
brunsja01,Jalen Brunson,26999,Jalen Brunson,Point Guard,high
brussni01,Nicolás Brussino,20754,Nicolas Brussino,Small Forward,high
bryanca01,Carter Bryant,98614,Carter Bryant,Power Forward,high
bryanko01,Kobe Bryant,2514,Kobe Bryant,Small Forward,high
bryanth01,Thomas Bryant,23643,Thomas Bryant,Center,high
budinch01,Chase Budinger,6288,Chase Budinger,Small Forward,high
bullore01,Reggie Bullock,13338,Reggie Bullock,Small Forward,high
burketr01,Trey Burke,13322,Trey Burke,Point Guard,high
burksal01,Alec Burks,8063,Alec Burks,Shooting Guard,high
burtode02,Deonte Burton,28767,Deonte Burton,Small Forward,high
butleja02,Jared Butler,74147,Jared Butler,Point Guard,high
butleji01,Jimmy Butler,8081,Jimmy Butler,Small Forward,high
buzelma01,Matas Buzelis,91738,Matas Buzelis,Small Forward,high
cabocbr01,Bruno Caboclo,15372,Bruno Caboclo,Small Forward,high
cainja01,Jamal Cain,78584,Jamal Cain,Small Forward,high
caldejo01,José Calderón,2734,Jose Calderon,Point Guard,high
caldwke01,Kentavious Caldwell-Pope,13321,Kentavious Caldwell-Pope,Shooting Guard,high
camarto01,Toumani Camara,84478,Toumani Camara,Power Forward,high
campafa01,Facundo Campazzo,70736,Facundo Campazzo,Point Guard,high
canaais01,Isaiah Canaan,13347,Isaiah Canaan,Point Guard,high
cancavl01,Vlatko Čančar,23650,Vlatko Cancar,Power Forward,high
capelca01,Clint Capela,15377,Clint Capela,Center,high
cardwdy01,Dylan Cardwell,99643,Dylan Cardwell,Power Forward,high
carlsbr01,Branden Carlson,94490,Branden Carlson,Center,high
carrica01,Bub Carrington,91766,Bub Carrington,Point Guard,high
carrode01,DeMarre Carroll,6294,DeMarre Carroll,Small Forward,high
cartede02,Devin Carter,91758,Devin Carter,Point Guard,high
carteje01,Jevon Carter,26998,Jevon Carter,Point Guard,high
cartemi01,Michael Carter-Williams,13324,Michael Carter-Williams,Point Guard,high
cartevi01,Vince Carter,2590,Vince Carter,Shooting Guard,high
cartewe01,Wendell Carter Jr.,26973,Wendell Carter Jr.,Center,high
carusal01,Alex Caruso,21076,Alex Caruso,Shooting Guard,high
casspom01,Omri Casspi,6325,Omri Casspi,Small Forward,high
castlco01,Colin Castleton,84736,Colin Castleton,Power Forward,high
castlst01,Stephon Castle,91750,Stephon Castle,Point Guard,high
caulewi01,Willie Cauley-Stein,17834,Willie Cauley-Stein,Center,high
cavanty01,Tyler Cavanaugh,24294,Tyler Cavanaugh,Power Forward,high
chalmma01,Mario Chalmers,6128,Mario Chalmers,Point Guard,high
champju01,Justin Champagnie,74240,Justin Champagnie,Small Forward,high
champju02,Julian Champagnie,78268,Julian Champagnie,Small Forward,high
chandke01,Kennedy Chandler,78127,Kennedy Chandler,Point Guard,high
chandty01,Tyson Chandler,2605,Tyson Chandler,Center,high
chandwi01,Wilson Chandler,2616,Wilson Chandler,Small Forward,high
chiozch01,Chris Chiozza,28033,Chris Chiozza,Point Guard,high
chrisca02,Cam Christie,91777,Cameron Christie,Shooting Guard,medium
chrisjo01,Josh Christopher,74131,Josh Christopher,Shooting Guard,high
chrisma01,Marquese Chriss,20213,Marquese Chriss,Small Forward,high
chrisma02,Max Christie,78136,Max Christie,Shooting Guard,high
chrisse01,Semaj Christon,15407,Semaj Christon,Point Guard,high
cissemo01,Moussa Cisse,99882,Moussa Cisse,Forward,high
cissosi01,Sidy Cissoko,84471,Sidy Cissoko,Shooting Guard,high
clarkbr01,Brandon Clarke,31578,Brandon Clarke,Power Forward,high
clarkga01,Gary Clark,27627,Gary Clark,Power Forward,high
clarkia01,Ian Clark,13442,Ian Clark,Shooting Guard,high
clarkja02,Jaylen Clark,84479,Jaylen Clark,Shooting Guard,high
clarkjo01,Jordan Clarkson,15398,Jordan Clarkson,Shooting Guard,high
claxtni01,Nic Claxton,31590,Nicolas Claxton,Center,medium
claytwa01,Walter Clayton,98613,Walter Clayton Jr.,Point Guard,medium
cliffni01,Nique Clifford,98612,Nique Clifford,Small Forward,high
clingdo01,Donovan Clingan,91735,Donovan Clingan,Center,high
clownno01,Noah Clowney,82214,Noah Clowney,Power Forward,high
coffeam01,Amir Coffey,32198,Amir Coffey,Shooting Guard,high
coleno01,Norris Cole,8079,Norris Cole,Point Guard,high
collida01,Darren Collison,6307,Darren Collison,Point Guard,high
colliis01,Isaiah Collier,91753,Isaiah Collier,Point Guard,high
collijo01,John Collins,23614,John Collins,Power Forward,high
collini01,Nick Collison,2715,Nick Collison,Power Forward,high
colliza01,Zach Collins,23605,Zach Collins,Center,high
conlemi01,Mike Conley,2532,Mike Conley,Point Guard,high
connapa01,Pat Connaughton,17869,Pat Connaughton,Shooting Guard,high
cookqu01,Quinn Cook,18264,Quinn Cook,Point Guard,high
cookty01,Tyler Cook,32778,Tyler Cook,Power Forward,high
coopesh01,Sharife Cooper,74155,Sharife Cooper,Point Guard,high
coulibi01,Bilal Coulibaly,82317,Bilal Coulibaly,Small Forward,high
councri01,Ricky Council IV,84718,Ricky Council IV,Guard,high
couside01,DeMarcus Cousins,6886,DeMarcus Cousins,Center,high
covinro01,Robert Covington,13379,Robert Covington,Power Forward,high
cowarce01,Cedric Coward,98639,Cedric Coward,Shooting Guard,high
crabbal01,Allen Crabbe,13344,Allen Crabbe,Shooting Guard,high
craigto01,Torrey Craig,24230,Torrey Craig,Small Forward,high
crawfja01,Jamal Crawford,2618,Jamal Crawford,Shooting Guard,high
crowdja01,Jae Crowder,10859,Jae Crowder,Small Forward,high
culveja01,Jarrett Culver,31563,Jarrett Culver,Shooting Guard,high
cunnica01,Cade Cunningham,74108,Cade Cunningham,Point Guard,high
cunnida01,Dante Cunningham,6321,Dante Cunningham,Power Forward,high
curryse01,Seth Curry,13512,Seth Curry,Shooting Guard,high
curryst01,Stephen Curry,6287,Stephen Curry,Point Guard,high
daniedy01,Dyson Daniels,78114,Dyson Daniels,Point Guard,high
danietr01,Troy Daniels,13383,Troy Daniels,Shooting Guard,high
dasiltr01,Tristan Da Silva,91759,Tristan Da Silva,Small Forward,high
davisan02,Anthony Davis,10809,Anthony Davis,Center,high
davisde01,Deyonta Davis,20237,Deyonta Davis,Center,high
davised01,Ed Davis,6895,Ed Davis,Center,high
davisjo06,Johnny Davis,78117,Johnny Davis,Shooting Guard,high
daviste02,Terence Davis,32059,Terence Davis,Shooting Guard,high
dedmode01,Dewayne Dedmon,13536,Dewayne Dedmon,Center,high
dekkesa01,Sam Dekker,17846,Sam Dekker,Small Forward,high
delanma01,Malcolm Delaney,20666,Malcom Delaney,Shooting Guard,low
dellama01,Matthew Dellavedova,13478,Matthew Dellavedova,Point Guard,high
demineg01,Egor Dёmin,98610,Egor Demin,Point Guard,medium
denglu01,Luol Deng,2240,Luol Deng,Small Forward,high
derozde01,DeMar DeRozan,6327,DeMar DeRozan,Small Forward,high
diabamo01,Moussa Diabaté,78154,Moussa Diabate,Power Forward,high
diakima01,Mamadi Diakite,70766,Mamadi Diakite,Power Forward,high
diallch01,Cheick Diallo,20239,Cheick Diallo,Power Forward,high
diallha01,Hamidou Diallo,27011,Hamidou Diallo,Shooting Guard,high
diawamo01,Mohamed Diawara,99263,Mohamed Diawara,Power Forward,high
diawbo01,Boris Diaw,6089,Boris Diaw,Center,high
dickgr01,Gradey Dick,82204,Gradey Dick,Shooting Guard,high
dienggo01,Gorgui Dieng,13334,Gorgui Dieng,Center,high
diengou01,Ousmane Dieng,78118,Ousmane Dieng,Small Forward,high
dilliro01,Rob Dillingham,91736,Rob Dillingham,Point Guard,high
dinwisp01,Spencer Dinwiddie,15390,Spencer Dinwiddie,Point Guard,high
divindo01,Donte DiVincenzo,26983,Donte DiVincenzo,Shooting Guard,high
doncilu01,Luka Dončić,26969,Luka Doncic,Point Guard,high
dorsety01,Tyler Dorsey,23642,Tyler Dorsey,Shooting Guard,high
dortlu01,Luguentz Dort,33033,Luguentz Dort,Shooting Guard,high
dosunay01,Ayo Dosunmu,74145,Ayo Dosunmu,Point Guard,high
dotsoda01,Damyean Dotson,23645,Damyean Dotson,Shooting Guard,high
douglto01,Toney Douglas,6309,Toney Douglas,Shooting Guard,high
doumbse01,Sekou Doumbouya,31572,Sekou Doumbouya,Small Forward,high
dowtije01,Jeff Dowtin Jr.,70872,Jeff Dowtin,Point Guard,medium
doziepj01,PJ Dozier,23668,P.J. Dozier,Point Guard,high
dragigo01,Goran Dragić,6146,Goran Dragic,Point Guard,high
drumman01,Andre Drummond,10817,Andre Drummond,Center,high
duartch01,Chris Duarte,74120,Chris Duarte,Small Forward,high
dudleja01,Jared Dudley,2228,Jared Dudley,Small Forward,high
dukeda01,David Duke Jr.,74239,David Duke Jr.,Shooting Guard,high
duncati01,Tim Duncan,2703,Tim Duncan,Power Forward,high
dunlemi02,Mike Dunleavy,2406,Mike Dunleavy,Small Forward,high
dunnkr01,Kris Dunn,20210,Kris Dunn,Point Guard,high
dunnry01,Ryan Dunn,91771,Ryan Dunn,Small Forward,high
duranke01,Kevin Durant,2717,Kevin Durant,Small Forward,high
durenja01,Jalen Duren,78116,Jalen Duren,Center,high
easonta01,Tari Eason,78123,Tari Eason,Power Forward,high
edeyza01,Zach Edey,91755,Zach Edey,Center,high
edgecvj01,VJ Edgecombe,98600,VJ Edgecombe,Shooting Guard,high
edwaran01,Anthony Edwards,70643,Anthony Edwards,Shooting Guard,high
edwarca01,Carsen Edwards,31592,Carsen Edwards,Point Guard,high
edwarju01,Justin Edwards,91770,Justin Edwards,Shooting Guard,high
edwarke02,Kessler Edwards,74151,Kessler Edwards,Small Forward,high
ellebcj01,CJ Elleby,70688,CJ Elleby,Small Forward,high
ellenhe01,Henry Ellenson,20223,Henry Ellenson,Center,high
ellinwa01,Wayne Ellington,6302,Wayne Ellington,Shooting Guard,high
elliske01,Keon Ellis,78267,Keon Ellis,Small Forward,high
ellismo01,Monta Ellis,2318,Monta Ellis,Shooting Guard,high
embiijo01,Joel Embiid,15355,Joel Embiid,Center,high
ennisja01,James Ennis III,13363,James Ennis III,Small Forward,high
ennisty01,Tyler Ennis,6454,Tyler Ennis,Center,high
etienty01,Tyson Etienne,79693,Tyson Etienne,Guard,high
eubandr01,Drew Eubanks,28052,Drew Eubanks,Center,high
evansja01,Jawun Evans,23634,Jawun Evans,Point Guard,high
evansja02,Jacob Evans,26994,Jacob Evans,Shooting Guard,high
evansty01,Tyreke Evans,6326,Tyreke Evans,Shooting Guard,high
evbuoto01,Tosan Evbuomwan,85500,Tosan Evbuomwan,Shooting Guard,high
exumda01,Danté Exum,15357,Dante Exum,Point Guard,high
ezelife01,Festus Ezeli,10855,Festus Ezeli,Center,high
farieke01,Kenneth Faried,8073,Kenneth Faried,Power Forward,high
favorde01,Derrick Favors,6884,Derrick Favors,Center,high
fearsje01,Jeremiah Fears,98603,Jeremiah Fears,Point Guard,high
feldeka01,Kay Felder,20260,Kay Felder,Point Guard,high
feliccr01,Cristiano Felício,17990,Cristiano Felicio,Power Forward,high
feltora01,Raymond Felton,2229,Raymond Felton,Point Guard,high
fergute01,Terrance Ferguson,23616,Terrance Ferguson,Small Forward,high
fernabr01,Bruno Fernando,31593,Bruno Fernando,Center,high
ferreyo01,Yogi Ferrell,20283,Yogi Ferrell,Point Guard,high
filipky01,Kyle Filipowski,91757,Kyle Filipowski,Power Forward,high
finnedo01,Dorian Finney-Smith,20757,Dorian Finney-Smith,Power Forward,high
flaggco01,Cooper Flagg,98597,Cooper Flagg,Small Forward,high
flemira01,Rasheer Fleming,98617,Rasheer Fleming,Power Forward,high
flynnma01,Malachi Flynn,70671,Malachi Flynn,Point Guard,high
fontesi01,Simone Fontecchio,78654,Simone Fontecchio,Small Forward,high
forbebr01,Bryn Forbes,20796,Bryn Forbes,Shooting Guard,high
forretr01,Trent Forrest,70708,Trent Forrest,Point Guard,high
fournev01,Evan Fournier,10845,Evan Fournier,Shooting Guard,high
foxde01,De'Aaron Fox,23600,De'Aaron Fox,Point Guard,high
foyera01,Randy Foye,2576,Randy Foye,Shooting Guard,high
fraziti01,Tim Frazier,15755,Tim Frazier,Point Guard,high
fryech01,Channing Frye,2674,Channing Frye,Power Forward,high
fultzma01,Markelle Fultz,23596,Markelle Fultz,Point Guard,high
furphjo01,Johnny Furphy,91768,Johnny Furphy,Shooting Guard,high
gabriwe01,Wenyen Gabriel,27806,Wenyen Gabriel,Power Forward,high
gaffoda01,Daniel Gafford,31597,Daniel Gafford,Center,high
gallida01,Danilo Gallinari,6138,Danilo Gallinari,Power Forward,high
gallola01,Langston Galloway,15824,Langston Galloway,Shooting Guard,high
garlada01,Darius Garland,31562,Darius Garland,Point Guard,high
garneke01,Kevin Garnett,2214,Kevin Garnett,Power Forward,high
garubus01,Usman Garuba,74130,Usman Garuba,Power Forward,high
garzalu01,Luka Garza,74159,Luka Garza,Center,high
gasolma01,Marc Gasol,6122,Marc Gasol,Center,high
gasolpa01,Pau Gasol,2518,Pau Gasol,Center,high
gayru01,Rudy Gay,2534,Rudy Gay,Power Forward,high
geeal01,Alonzo Gee,6486,Alonzo Gee,Small Forward,high
georgke01,Keyonte George,82209,Keyonte George,Shooting Guard,high
georgky01,Kyshawn George,91765,Kyshawn George,Shooting Guard,high
georgpa01,Paul George,6892,Paul George,Shooting Guard,high
gibsota01,Taj Gibson,6278,Taj Gibson,Center,high
giddejo01,Josh Giddey,74113,Josh Giddey,Shooting Guard,high
gilesha01,Harry Giles,23615,Harry Giles,Center,high
gilgesh01,Shai Gilgeous-Alexander,26977,Shai Gilgeous-Alexander,Point Guard,high
gillan01,Anthony Gill,70741,Anthony Gill,Power Forward,high
gilleco01,Collin Gillespie,78276,Collin Gillespie,Point Guard,high
gillefr01,Freddie Gillespie,70712,Freddie Gillespie,Power Forward,high
gilyaja01,Jacob Gilyard,79973,Jacob Gilyard,Point Guard,high
ginobma01,Manu Ginóbili,2705,Manu Ginobili,Shooting Guard,high
goberru01,Rudy Gobert,13340,Rudy Gobert,Center,high
gonzahu01,Hugo González,98623,Hugo Gonzalez,Small Forward,high
goodwar01,Archie Goodwin,13342,Archie Goodwin,Shooting Guard,high
goodwbr01,Brandon Goodwin,28020,Brandon Goodwin,Point Guard,high
goodwjo01,Jordan Goodwin,74333,Jordan Goodwin,Point Guard,high
gordoaa01,Aaron Gordon,15356,Aaron Gordon,Power Forward,high
gordoer01,Eric Gordon,6116,Eric Gordon,Shooting Guard,high
gortama01,Marcin Gortat,2639,Marcin Gortat,Center,high
grahade01,Devonte' Graham,27000,Devonte' Graham,Point Guard,high
grahatr01,Treveon Graham,18124,Treveon Graham,Small Forward,high
grantje01,Jerami Grant,15391,Jerami Grant,Power Forward,high
grantje02,Jerian Grant,17847,Jerian Grant,Point Guard,high
greenaj01,A.J. Green,78250,AJ Green,Shooting Guard,high
greenda02,Danny Green,6277,Danny Green,Small Forward,high
greendr01,Draymond Green,10860,Draymond Green,Power Forward,high
greenge01,Gerald Green,6100,Gerald Green,Shooting Guard,high
greenja01,JaMychal Green,11666,JaMychal Green,Power Forward,high
greenja02,Javonte Green,32409,Javonte Green,Shooting Guard,high
greenja05,Jalen Green,74109,Jalen Green,Shooting Guard,high
greenje02,Jeff Green,2720,Jeff Green,Power Forward,high
greenjo02,Josh Green,70660,Josh Green,Shooting Guard,high
griffaj01,AJ Griffin,78119,A.J. Griffin,Small Forward,high
griffbl01,Blake Griffin,6501,Blake Griffin,Center,high
grimequ01,Quentin Grimes,74132,Quentin Grimes,Shooting Guard,high
gueyemo02,Mouhamed Gueye,84468,Mouhamed Gueye,Power Forward,high
hachiru01,Rui Hachimura,31566,Rui Hachimura,Power Forward,high
hairspj02,P.J. Hairston,15378,P.J. Hairston,Shooting Guard,high
halibty01,Tyrese Haliburton,70654,Tyrese Haliburton,Point Guard,high
hamilju01,Justin Hamilton,10870,Justin Hamilton,Center,high
hamptrj01,R.J. Hampton,70666,RJ Hampton,Point Guard,high
hardati02,Tim Hardaway Jr.,13337,Tim Hardaway Jr.,Shooting Guard,high
hardeja01,James Harden,6312,James Harden,Shooting Guard,high
hardyja02,Jaden Hardy,78130,Jaden Hardy,Shooting Guard,high
harklej01,Elijah Harkless,95564,Elijah Harkless,Point Guard,high
harklma01,Maurice Harkless,10823,Maurice Harkless,Small Forward,high
harpedy01,Dylan Harper,98598,Dylan Harper,Point Guard,high
harremo01,Montrezl Harrell,17860,Montrezl Harrell,Center,high
harrian01,Andrew Harrison,17872,Andrew Harrison,Shooting Guard,high
harride01,Devin Harris,2592,Devin Harris,Point Guard,high
harriga01,Gary Harris,15371,Gary Harris,Shooting Guard,high
harrijo01,Joe Harris,15385,Joe Harris,Shooting Guard,high
harrish01,Shaquille Harrison,21066,Shaquille Harrison,Point Guard,high
harrito02,Tobias Harris,8070,Tobias Harris,Power Forward,high
harteis01,Isaiah Hartenstein,23644,Isaiah Hartenstein,Center,high
hartjo01,Josh Hart,23625,Josh Hart,Shooting Guard,high
hasleud01,Udonis Haslem,2549,Udonis Haslem,Power Forward,high
hausesa01,Sam Hauser,74311,Sam Hauser,Small Forward,high
hawessp01,Spencer Hawes,2690,Spencer Hawes,Power Forward,high
hawkijo01,Jordan Hawkins,82208,Jordan Hawkins,Shooting Guard,high
hayesja02,Jaxson Hayes,31565,Jaxson Hayes,Center,high
hayeski01,Killian Hayes,70649,Killian Hayes,Point Guard,high
haywago01,Gordon Hayward,6891,Gordon Hayward,Small Forward,high
hendege02,Gerald Henderson,6275,Gerald Henderson,Shooting Guard,high
hendesc01,Scoot Henderson,82198,Scoot Henderson,Point Guard,high
hendrta01,Taylor Hendricks,82205,Taylor Hendricks,Power Forward,high
hensojo01,John Henson,10822,John Henson,Power Forward,high
hernaju01,Juancho Hernangómez,20220,Juancho Hernangomez,Power Forward,high
hernawi01,Willy Hernangómez,17863,Willy Hernangomez,Center,high
herroty01,Tyler Herro,31570,Tyler Herro,Shooting Guard,high
hezonma01,Mario Hezonja,17833,Mario Hezonja,Shooting Guard,high
hibbero01,Roy Hibbert,6113,Roy Hibbert,Center,high
hieldbu01,Buddy Hield,20211,Buddy Hield,Shooting Guard,high
highsha01,Haywood Highsmith,28301,Haywood Highsmith,Forward,high
hilarne01,Nenê,6103,Nene Hilario,Center,medium
hillge01,George Hill,6154,George Hill,Point Guard,high
hillida01,Darrun Hilliard,17866,Darrun Hilliard II,Shooting Guard,medium
hilljo01,Jordan Hill,6310,Jordan Hill,Center,high
hillso01,Solomon Hill,13336,Solomon Hill,Small Forward,high
hinriki01,Kirk Hinrich,2245,Kirk Hinrich,Shooting Guard,high
hoardja01,Jaylen Hoard,31893,Jaylen Hoard,Forward,high
holidaa01,Aaron Holiday,26989,Aaron Holiday,Point Guard,high
holidjr01,Jrue Holiday,6316,Jrue Holiday,Point Guard,high
holidju01,Justin Holiday,11441,Justin Holiday,Shooting Guard,high
hollaro01,Ron Holland,91751,Ron Holland II,Small Forward,medium
holliro01,Rondae Hollis-Jefferson,17851,Rondae Hollis-Jefferson,Small Forward,high
holmeri01,Richaun Holmes,17865,Richaun Holmes,Center,high
holmgch01,Chet Holmgren,78108,Chet Holmgren,Center,high
hoodro01,Rodney Hood,15375,Rodney Hood,Small Forward,high
horfoal01,Al Horford,2199,Al Horford,Center,high
hortota01,Talen Horton-Tucker,31605,Talen Horton-Tucker,Shooting Guard,high
houseda01,Danuel House Jr.,20800,Danuel House Jr.,Small Forward,high
houstca01,Caleb Houstan,78142,Caleb Houstan,Small Forward,high
howardw01,Dwight Howard,2640,Dwight Howard,Center,high
howarje01,Jett Howard,82211,Jett Howard,Shooting Guard,high
huertke01,Kevin Huerter,26985,Kevin Huerter,Shooting Guard,high
huertma01,Marcelo Huertas,18207,Marcelo Huertas,Point Guard,high
huestjo01,Josh Huestis,15381,Josh Huestis,Small Forward,high
huffja01,Jay Huff,74262,Jay Huff,Center,high
hukpoar01,Ariel Hukporti,93962,Ariel Hukporti,Center,high
humphkr01,Kris Humphries,2739,Kris Humphries,Power Forward,high
huntede01,De'Andre Hunter,31561,De'Andre Hunter,Small Forward,high
hutchch01,Chandler Hutchison,26988,Chandler Hutchison,Small Forward,high
hylanbo01,Bones Hyland,74133,Nah'Shon Hyland,Point Guard,low
ibakase01,Serge Ibaka,6313,Serge Ibaka,Center,high
ighodos01,Oso Ighodaro,93953,Oso Ighodaro,Center,high
iguodan01,Andre Iguodala,2652,Andre Iguodala,Small Forward,high
ilyaser01,Ersan İlyasova,6341,Ersan Ilyasova,Power Forward,high
inglejo01,Joe Ingles,15852,Joe Ingles,Small Forward,high
ingrabr01,Brandon Ingram,20207,Brandon Ingram,Small Forward,high
irvinky01,Kyrie Irving,8051,Kyrie Irving,Point Guard,high
isaacjo01,Jonathan Isaac,23601,Jonathan Isaac,Power Forward,high
iveyja01,Jaden Ivey,78111,Jaden Ivey,Shooting Guard,high
iwundwe01,Wes Iwundu,23628,Wesley Iwundu,Small Forward,medium
jackja01,Jarrett Jack,2675,Jarrett Jack,Point Guard,high
jacksan01,Andre Jackson Jr.,82321,Andre Jackson Jr.,Shooting Guard,high
jacksfr01,Frank Jackson,23626,Frank Jackson,Point Guard,high
jacksgg01,GG Jackson II,85972,G.G. Jackson,Power Forward,medium
jacksis01,Isaiah Jackson,74129,Isaiah Jackson,Power Forward,high
jacksja02,Jaren Jackson Jr.,26970,Jaren Jackson Jr.,Power Forward,high
jacksjo02,Josh Jackson,23599,Josh Jackson,Shooting Guard,high
jacksju01,Justin Jackson,23610,Justin Jackson,Small Forward,high
jacksqu01,Quenton Jackson,79955,Quenton Jackson,Guard,high
jacksre01,Reggie Jackson,8075,Reggie Jackson,Point Guard,high
jackstr02,Trayce Jackson-Davis,84443,Trayce Jackson-Davis,Power Forward,high
jakucka01,Kasparas Jakučionis,98605,Kasparas Jakucionis,Point Guard,high
jamesbr02,Bronny James,92960,Bronny James,Point Guard,high
jamesju01,Justin James,31599,Justin James,Shooting Guard,high
jamesle01,LeBron James,2257,LeBron James,Power Forward,high
jamesmi02,Mike James,2607,Mike James,Point Guard,high
jamessi01,Sion James,98641,Sion James,Small Forward,high
jaqueja01,Jaime Jaquez Jr.,82323,Jaime Jaquez Jr.,Small Forward,high
jeffeal01,Al Jefferson,2579,Al Jefferson,Center,high
jefferi01,Richard Jefferson,2594,Richard Jefferson,Small Forward,high
jeffrda01,DaQuan Jeffries,32680,DaQuan Jeffries,Shooting Guard,high
jemistr01,Trey Jemison,86044,Trey Jemison,Power Forward,high
jenkida01,Daniss Jenkins,94498,Daniss Jenkins,Guard,high
jenkijo01,John Jenkins,12363,John Jenkins,,high
jennibr01,Brandon Jennings,6299,Brandon Jennings,Point Guard,high
jerebjo01,Jonas Jerebko,6285,Jonas Jerebko,Power Forward,high
jeromty01,Ty Jerome,31582,Ty Jerome,Shooting Guard,high
joeis01,Isaiah Joe,70691,Isaiah Joe,Shooting Guard,high
johnsaj01,AJ Johnson,92952,AJ Johnson,Point Guard,high
johnsal02,Alize Johnson,27016,Alize Johnson,Power Forward,high
johnsam01,Amir Johnson,2304,Amir Johnson,Center,high
johnsca02,Cameron Johnson,31568,Cameron Johnson,Small Forward,high
johnsch04,Chris Johnson,7677,Chris Johnson,Power Forward,high
johnsja01,James Johnson,6279,James Johnson,Power Forward,high
johnsja05,Jalen Johnson,74127,Jalen Johnson,Small Forward,high
johnsjo02,Joe Johnson,2200,Joe Johnson,Shooting Guard,high
johnske04,Keldon Johnson,31588,Keldon Johnson,Shooting Guard,high
johnske07,Keon Johnson,74128,Keon Johnson,Shooting Guard,high
johnsst04,Stanley Johnson,17836,Stanley Johnson,Small Forward,high
johnstr03,Tre Johnson,98601,Tre Johnson,Shooting Guard,high
johnsty01,Tyler Johnson,15645,Tyler Johnson,Shooting Guard,high
johnswe01,Wesley Johnson,6885,Wesley Johnson,Small Forward,high
jokicni01,Nikola Jokić,15393,Nikola Jokic,Center,high
jonesco02,Colby Jones,82320,Colby Jones,Shooting Guard,high
jonesda03,Damian Jones,20235,Damian Jones,Center,high
jonesde02,Derrick Jones Jr.,21067,Derrick Jones Jr.,Small Forward,high
jonesdi01,Dillon Jones,91778,Dillon Jones,Small Forward,high
joneshe01,Herbert Jones,74142,Herb Jones,Small Forward,medium
jonesja02,James Jones,2676,James Jones,Shooting Guard,high
joneska01,Kai Jones,74126,Kai Jones,Power Forward,high
joneska03,Kam Jones,98618,Kam Jones,Point Guard,high
jonessp01,Spencer Jones,95438,Spencer Jones,Small Forward,high
joneste01,Terrence Jones,10843,Terrence Jones,Power Forward,high
jonestr01,Tre Jones,70683,Tre Jones,Point Guard,high
jonesty01,Tyus Jones,17852,Tyus Jones,Point Guard,high
jordade01,DeAndre Jordan,6117,DeAndre Jordan,Center,high
josepco01,Cory Joseph,8080,Cory Joseph,Point Guard,high
jovicni01,Nikola Jović,78135,Nikola Jovic,Small Forward,high
juzanjo01,Johnny Juzang,78583,Johnny Juzang,Shooting Guard,high
kalkbry01,Ryan Kalkbrenner,98627,Ryan Kalkbrenner,Center,high
kaminfr01,Frank Kaminsky,17837,Frank Kaminsky,Center,high
kanteen01,Enes Freedom,8053,Enes Freedom,Center,high
kellyry01,Ryan Kelly,18966,Ryan Kelly,Center,high
kennalu01,Luke Kennard,23607,Luke Kennard,Shooting Guard,high
kesslwa01,Walker Kessler,78133,Walker Kessler,Center,high
kiddgmi01,Michael Kidd-Gilchrist,10810,Michael Kidd-Gilchrist,Small Forward,high
kilpase01,Sean Kilpatrick,15922,Sean Kilpatrick,Shooting Guard,high
kispeco01,Corey Kispert,74122,Corey Kispert,Small Forward,high
klebima01,Maxi Kleber,24212,Maxi Kleber,Power Forward,high
knechda01,Dalton Knecht,91749,Dalton Knecht,Small Forward,high
knighbr03,Brandon Knight,8058,Brandon Knight,Point Guard,high
knighna01,Nathan Knight,70772,Nathan Knight,Power Forward,high
knoxke01,Kevin Knox,26975,Kevin Knox,Small Forward,high
knuepko01,Kon Knueppel,98602,Kon Knueppel,Small Forward,high
kolekty01,Tyler Kolek,91769,Tyler Kolek,Point Guard,high
kolokch01,Christian Koloko,78131,Christian Koloko,Center,high
konchjo01,John Konchar,32170,John Konchar,Shooting Guard,high
korkmfu01,Furkan Korkmaz,20231,Furkan Korkmaz,Shooting Guard,high
kornelu01,Luke Kornet,23670,Luke Kornet,Center,high
korveky01,Kyle Korver,2752,Kyle Korver,Shooting Guard,high
koufoko01,Kosta Koufos,6254,Kosta Koufos,Center,high
krejcvi01,Vít Krejčí,70679,Vit Krejci,Point Guard,high
kuminjo01,Jonathan Kuminga,74114,Jonathan Kuminga,Power Forward,high
kurucro01,Rodions Kurucs,27006,Rodions Kurucs,Small Forward,high
kuzmaky01,Kyle Kuzma,23622,Kyle Kuzma,Power Forward,high
kuzmimi01,Mindaugas Kuzminskas,20688,Mindaugas Kuzminskas,Small Forward,high
labissk01,Skal Labissière,20233,Skal Labissiere,Power Forward,high
lamban01,Anthony Lamb,70763,Anthony Lamb,Small Forward,high
lambje01,Jeremy Lamb,10820,Jeremy Lamb,Shooting Guard,high
landajo01,Jock Landale,74215,Jock Landale,Center,high
landrca01,Carl Landry,2396,Carl Landry,Power Forward,high
langfro01,Romeo Langford,31571,Romeo Langford,Shooting Guard,high
laravja01,Jake LaRavia,78141,Jake LaRavia,Power Forward,high
larkish01,Shane Larkin,13331,Shane Larkin,Point Guard,high
larsspe01,Pelle Larsson,91787,Pelle Larsson,Shooting Guard,high
lauvejo01,Joffrey Lauvergne,13368,Joffrey Lauvergne,Power Forward,high
lavinza01,Zach LaVine,15365,Zach LaVine,Shooting Guard,high
lawsoaj01,A.J. Lawson,74329,A.J. Lawson,Forward,high
lawsoty01,Ty Lawson,6283,Ty Lawson,Point Guard,high
laymaja01,Jake Layman,20253,Jake Layman,Small Forward,high
leaftj01,T.J. Leaf,23613,TJ Leaf,Power Forward,high
leeco01,Courtney Lee,6144,Courtney Lee,Shooting Guard,high
leeda02,David Lee,2623,David Lee,Power Forward,high
leeda03,Damion Lee,21063,Damion Lee,Shooting Guard,high
leesa01,Saben Lee,70680,Saben Lee,Point Guard,high
lenal01,Alex Len,13318,Alex Len,Center,high
leonaka01,Kawhi Leonard,8066,Kawhi Leonard,Small Forward,high
leoname01,Meyers Leonard,10819,Meyers Leonard,Center,high
leuerjo01,Jon Leuer,8092,Jon Leuer,Power Forward,high
leverca01,Caris LeVert,20225,Caris LeVert,Shooting Guard,high
lewiski01,Kira Lewis Jr.,70655,Kira Lewis Jr.,Point Guard,high
liggide01,DeAndre Liggins,8105,DeAndre Liggins,Shooting Guard,high
lillada01,Damian Lillard,10814,Damian Lillard,Point Guard,high
linje01,Jeremy Lin,7115,Jeremy Lin,Point Guard,high
littlna01,Nassir Little,31583,Nassir Little,Small Forward,high
livelde01,Dereck Lively II,82272,Dereck Lively II,Center,high
liveris01,Isaiah Livers,74149,Isaiah Livers,Small Forward,high
livinsh01,Shaun Livingston,2477,Shaun Livingston,Point Guard,high
looneke01,Kevon Looney,17858,Kevon Looney,Center,high
lopezbr01,Brook Lopez,6136,Brook Lopez,Center,high
lopezro01,Robin Lopez,6147,Robin Lopez,Center,high
loveca01,Caleb Love,99629,Caleb Love,Guard,high
loveke01,Kevin Love,6132,Kevin Love,Center,high
lowryky01,Kyle Lowry,2536,Kyle Lowry,Point Guard,high
luwawti01,Timothé Luwawu-Cabarrot,20229,Timothe Luwawu-Cabarrot,Shooting Guard,high
lylestr01,Trey Lyles,17840,Trey Lyles,Power Forward,high
macksh01,Shelvin Mack,8086,Shelvin Mack,Point Guard,high
mahinia01,Ian Mahinmi,2708,Ian Mahinmi,Center,high
makerth01,Thon Maker,20215,Thon Maker,Center,high
maledth01,Théo Maledon,70676,Theo Maledon,Point Guard,high
mamuksa01,Sandro Mamukelashvili,74161,Sandro Mamukelashvili,Center,high
mannte01,Terance Mann,31607,Terance Mann,Shooting Guard,high
manntr01,Tre Mann,74125,Tre Mann,Point Guard,high
marjabo01,Boban Marjanović,17984,Boban Marjanovic,Center,high
markkla01,Lauri Markkanen,23602,Lauri Markkanen,Power Forward,high
marshna01,Naji Marshall,70704,Naji Marshall,Small Forward,high
martica02,Caleb Martin,32682,Caleb Martin,Small Forward,high
martico01,Cody Martin,31595,Cody Martin,Small Forward,high
martija01,Jarell Martin,17853,Jarell Martin,Power Forward,high
martike02,Kevin Martin,2692,Kevin Martin,Shooting Guard,high
martike03,Kelan Martin,32756,Kelan Martin,Small Forward,high
martike04,KJ Martin,70694,Kenyon Martin Jr.,Small Forward,medium
martity01,Tyrese Martin,78162,Tyrese Martin,Small Forward,high
mashaja01,Jahmai Mashack,99272,Jahmai Mashack,Forward,high
masonfr01,Frank Mason III,23629,Frank Mason III,Point Guard,high
mathega01,Garrison Mathews,32044,Garrison Mathews,Shooting Guard,high
mathube01,Bennedict Mathurin,78115,Bennedict Mathurin,Shooting Guard,high
matkoka01,Karlo Matković,78144,Karlo Matkovic,Power Forward,high
matthwe02,Wesley Matthews,6489,Wesley Matthews,Shooting Guard,high
maxeyty01,Tyrese Maxey,70663,Tyrese Maxey,Point Guard,high
mayooj01,O.J. Mayo,6124,O.J. Mayo,Shooting Guard,high
mayssk01,Skylar Mays,70692,Skylar Mays,Shooting Guard,high
mbahalu01,Luc Mbah a Moute,6130,Luc Richard Mbah a Moute,Power Forward,medium
mcadoja01,James Michael McAdoo,15783,James McAdoo,Small Forward,medium
mcbrimi01,Miles McBride,74143,Miles McBride,Point Guard,high
mccaija01,Jared McCain,91760,Jared McCain,Point Guard,high
mccawpa01,Patrick McCaw,20244,Patrick McCaw,Shooting Guard,high
mccolcj01,CJ McCollum,13323,C.J. McCollum,Shooting Guard,high
mccontj01,T.J. McConnell,18252,T.J. McConnell,Point Guard,high
mcculch01,Chris McCullough,17857,Chris McCullough,Power Forward,high
mcdanja01,Jalen McDaniels,31611,Jalen McDaniels,Small Forward,high
mcdanja02,Jaden McDaniels,70670,Jaden McDaniels,Power Forward,high
mcdankj01,K.J. McDaniels,15384,K.J. McDaniels,Shooting Guard,high
mcderdo01,Doug McDermott,15363,Doug McDermott,Small Forward,high
mcgeeja01,JaVale McGee,6159,JaVale McGee,Center,high
mcgowbr01,Bryce McGowens,78140,Bryce McGowens,Shooting Guard,high
mcgruro01,Rodney McGruder,13575,Rodney McGruder,Shooting Guard,high
mckinal01,Alfonzo McKinnie,24106,Alfonzo McKinnie,Small Forward,high
mclaujo01,Jordan McLaughlin,27975,Jordan McLaughlin,Point Guard,high
mclembe01,Ben McLemore,13320,Ben McLemore,Small Forward,high
mcraejo01,Jordan McRae,15410,Jordan McRae,Shooting Guard,high
mcrobjo01,Josh McRoberts,2678,Josh McRoberts,Power Forward,high
meeksjo01,Jodie Meeks,6300,Jodie Meeks,Shooting Guard,high
mejrisa01,Salah Mejri,18067,Salah Mejri,Center,high
mellini01,Nicolò Melli,31886,Nicolo Melli,Power Forward,high
meltode01,De'Anthony Melton,27012,De'Anthony Melton,Shooting Guard,high
merrisa01,Sam Merrill,70702,Sam Merrill,Shooting Guard,high
metuch01,Chimezie Metu,27015,Chimezie Metu,Center,high
micicva01,Vasilije Micić,15404,Vasilije Micic,Point Guard,high
middlkh01,Khris Middleton,10864,Khris Middleton,Small Forward,high
milescj01,C.J. Miles,2753,C.J. Miles,Small Forward,high
millebr02,Brandon Miller,82197,Brandon Miller,Small Forward,high
milleda01,Darius Miller,10871,Darius Miller,Small Forward,high
millejo02,Jordan Miller,84474,Jordan Miller,Small Forward,high
millele01,Leonard Miller,82215,Leonard Miller,Small Forward,high
millemi01,Mike Miller,2539,Mike Miller,Shooting Guard,high
millspa01,Paul Millsap,2754,Paul Millsap,Power Forward,high
millspa02,Patty Mills,6322,Patty Mills,Point Guard,high
miltosh01,Shake Milton,27020,Shake Milton,Shooting Guard,high
minayju01,Justin Minaya,82122,Justin Minaya,Forward,high
minotjo01,Josh Minott,78156,Josh Minott,Small Forward,high
mirotni01,Nikola Mirotić,8074,Nikola Mirotic,Power Forward,high
missiyv01,Yves Missi,91761,Yves Missi,Center,high
mitchaj01,Ajay Mitchell,92958,Ajay Mitchell,Point Guard,high
mitchda01,Davion Mitchell,74116,Davion Mitchell,Point Guard,high
mitchdo01,Donovan Mitchell,23608,Donovan Mitchell,Shooting Guard,high
mobleev01,Evan Mobley,74110,Evan Mobley,Power Forward,high
mogbojo01,Jonathan Mogbo,92956,Jonathan Mogbo,Center,high
monkma01,Malik Monk,23606,Malik Monk,Shooting Guard,high
monrogr01,Greg Monroe,6889,Greg Monroe,Center,high
moodymo01,Moses Moody,74121,Moses Moody,Shooting Guard,high
mooreet01,E'Twaun Moore,8107,E'Twaun Moore,Shooting Guard,high
moorewe01,Wendell Moore Jr.,78145,Wendell Moore Jr.,Shooting Guard,high
moranja01,Ja Morant,31559,Ja Morant,Point Guard,high
moreler01,Eric Moreland,15622,Eric Moreland,Power Forward,high
morrima02,Markieff Morris,8064,Markieff Morris,Power Forward,high
morrima03,Marcus Morris,8065,Marcus Morris Sr.,Small Forward,medium
morrimo01,Monte Morris,23652,Monte Morris,Point Guard,high
morroan01,Anthony Morrow,6109,Anthony Morrow,Shooting Guard,high
motiedo01,Donatas Motiejūnas,8071,Donatas Motiejunas,Power Forward,high
mozgoti01,Timofey Mozgov,7118,Timofey Mozgov,Center,high
mudiaem01,Emmanuel Mudiay,17835,Emmanuel Mudiay,Point Guard,high
muhamsh01,Shabazz Muhammad,13327,Shabazz Muhammad,Shooting Guard,high
muldemy01,Mychal Mulder,32841,Mychal Mulder,Guard,high
murphtr02,Trey Murphy III,74124,Trey Murphy III,Small Forward,high
murraco01,Collin Murray-Boyles,98609,Collin Murray-Boyles,Power Forward,high
murrade01,Dejounte Murray,20234,Dejounte Murray,Point Guard,high
murraja01,Jamal Murray,20212,Jamal Murray,Point Guard,high
murrake02,Keegan Murray,78112,Keegan Murray,Power Forward,high
murrakr01,Kris Murray,82275,Kris Murray,Power Forward,high
musadz01,Džanan Musa,26995,Dzanan Musa,Shooting Guard,high
muscami01,Mike Muscala,13357,Mike Muscala,Center,high
mykhasv01,Svi Mykhailiuk,27013,Sviatoslav Mykhailiuk,Shooting Guard,medium
naderab01,Abdel Nader,20264,Abdel Nader,Small Forward,high
nancela02,Larry Nance Jr.,17855,Larry Nance Jr.,Power Forward,high
nancepe01,Pete Nance,86006,Pete Nance,Power Forward,high
napiesh01,Shabazz Napier,15376,Shabazz Napier,Point Guard,high
nealga01,Gary Neal,6995,Gary Neal,Point Guard,high
nelsoja01,Jameer Nelson,2642,Jameer Nelson,Point Guard,high
nembhan01,Andrew Nembhard,78137,Andrew Nembhard,Point Guard,high
nembhry01,Ryan Nembhard,99651,Ryan Nembhard,Point Guard,high
nesmiaa01,Aaron Nesmith,70656,Aaron Nesmith,Small Forward,high
netora01,Raul Neto,13360,Raul Neto,Point Guard,high
newelas01,Asa Newell,98611,Asa Newell,Power Forward,high
niangge01,Georges Niang,20256,Georges Niang,Power Forward,high
nichoan01,Andrew Nicholson,10844,Andrew Nicholson,Power Forward,high
nixda01,Daishen Nix,74357,Daishen Nix,Point Guard,high
nnajize01,Zeke Nnaji,70664,Zeke Nnaji,Power Forward,high
noahjo01,Joakim Noah,2248,Joakim Noah,Center,high
noelne01,Nerlens Noel,13319,Nerlens Noel,Center,high
noguelu01,Lucas Nogueira,13329,Lucas Nogueira,Center,high
nowelja01,Jaylen Nowell,31602,Jaylen Nowell,Shooting Guard,high
nowitdi01,Dirk Nowitzki,2279,Dirk Nowitzki,Power Forward,high
ntilila01,Frank Ntilikina,23603,Frank Ntilikina,Point Guard,high
nunnke01,Kendrick Nunn,28041,Kendrick Nunn,Point Guard,high
nurkiju01,Jusuf Nurkić,15368,Jusuf Nurkic,Center,high
nwabada01,David Nwaba,21577,David Nwaba,Shooting Guard,high
nworajo01,Jordan Nwora,70687,Jordan Nwora,Small Forward,high
obryajo01,Johnny O'Bryant,15388,Johnny O'Bryant,Power Forward,high
ojelese01,Semi Ojeleye,23632,Semi Ojeleye,Power Forward,high
okafoja01,Jahlil Okafor,17831,Jahlil Okafor,Center,high
okekech01,Chuma Okeke,31573,Chuma Okeke,Power Forward,high
okoboel01,Elie Okobo,26997,Élie Okobo,Point Guard,high
okogijo01,Josh Okogie,26986,Josh Okogie,Shooting Guard,high
okongon01,Onyeka Okongwu,70648,Onyeka Okongwu,Center,high
okorois01,Isaac Okoro,70647,Isaac Okoro,Shooting Guard,high
okpalkz01,KZ Okpala,31591,KZ Okpala,Small Forward,high
oladivi01,Victor Oladipo,13315,Victor Oladipo,Shooting Guard,high
olynyke01,Kelly Olynyk,13326,Kelly Olynyk,Power Forward,high
omorueu01,Eugene Omoruyi,74300,Eugene Omoruyi,Small Forward,high
onealro01,Royce O'Neale,24240,Royce O'Neale,Small Forward,high
onimi01,Miye Oni,31617,Miye Oni,Shooting Guard,high
oquinky01,Kyle O'Quinn,10874,Kyle O'Quinn,Center,high
osmande01,Cedi Osman,17859,Cedi Osman,Small Forward,high
oubreke01,Kelly Oubre Jr.,17843,Kelly Oubre Jr.,Small Forward,high
pachuza01,Zaza Pachulia,2203,Zaza Pachulia,Center,high
parkeja01,Jabari Parker,15354,Jabari Parker,Power Forward,high
parketo01,Tony Parker,2710,Tony Parker,Point Guard,high
parsoch01,Chandler Parsons,8090,Chandler Parsons,Small Forward,high
pascher01,Eric Paschall,31600,Eric Paschall,Power Forward,high
pattepa01,Patrick Patterson,6896,Patrick Patterson,Power Forward,high
paulbr01,Brandon Paul,20889,Brandon Paul,Shooting Guard,high
paulch01,Chris Paul,2609,Chris Paul,Point Guard,high
paynead01,Adreian Payne,15367,Adreian Payne,Power Forward,high
payneca01,Cameron Payne,17842,Cameron Payne,Point Guard,high
paytoel01,Elfrid Payton,15362,Elfrid Payton,Point Guard,high
paytoga02,Gary Payton II,20272,Gary Payton II,Point Guard,high
peavymi01,Micah Peavy,98645,Micah Peavy,Shooting Guard,high
pendano01,Noah Penda,98630,Noah Penda,Small Forward,high
perkike01,Kendrick Perkins,2216,Kendrick Perkins,Center,high
phillju01,Julian Phillips,84444,Julian Phillips,Small Forward,high
pickeja02,Jalen Pickett,84465,Jalen Pickett,Point Guard,high
piercpa01,Paul Pierce,2217,Paul Pierce,Small Forward,high
pinsoth01,Theo Pinson,27827,Theo Pinson,Shooting Guard,high
pippesc02,Scotty Pippen Jr.,78256,Scotty Pippen Jr.,Point Guard,high
plowdda01,Daeqwon Plowden,79950,Daeqwon Plowden,Guard,high
plumlma01,Mason Plumlee,13335,Mason Plumlee,Center,high
plumlmi01,Miles Plumlee,10851,Miles Plumlee,Center,high
podzibr01,Brandin Podziemski,84438,Brandin Podziemski,Shooting Guard,high
poeltja01,Jakob Poeltl,20214,Jakob Poeltl,Center,high
pokusal01,Aleksej Pokusevski,70659,Aleksej Pokusevski,Power Forward,high
poolejo01,Jordan Poole,31587,Jordan Poole,Shooting Guard,high
portecr01,Craig Porter Jr.,84768,Craig Porter Jr.,Guard,high
porteke02,Kevin Porter Jr.,31589,Kevin Porter Jr.,Point Guard,high
portemi01,Michael Porter Jr.,26980,Michael Porter Jr.,Small Forward,high
porteot01,Otto Porter Jr.,13316,Otto Porter Jr.,Small Forward,high
portibo01,Bobby Portis,17850,Bobby Portis,Power Forward,high
porzikr01,Kristaps Porziņģis,17832,Kristaps Porzingis,Power Forward,high
postqu01,Quinten Post,93959,Quinten Post,Center,high
pottemi01,Micah Potter,74418,Micah Potter,Center,high
poweldr01,Drake Powell,98620,Drake Powell,Small Forward,high
poweldw01,Dwight Powell,15397,Dwight Powell,Center,high
powelno01,Norman Powell,17874,Norman Powell,Shooting Guard,high
poythal01,Alex Poythress,20970,Alex Poythress,Small Forward,high
pricero01,Ronnie Price,2756,Ronnie Price,Point Guard,high
prigipa01,Pablo Prigioni,10998,Pablo Prigioni,Point Guard,high
primojo01,Joshua Primo,74119,Joshua Primo,Shooting Guard,high
princta01,Tayshaun Prince,2307,Tayshaun Prince,Small Forward,high
princta02,Taurean Prince,20217,Taurean Prince,Power Forward,high
pritcpa01,Payton Pritchard,70668,Payton Pritchard,Point Guard,high
proctty01,Tyrese Proctor,98636,Tyrese Proctor,Shooting Guard,high
prospol01,Olivier-Maxence Prosper,84439,Olivier-Maxence Prosper,Power Forward,high
queende01,Derik Queen,98607,Derik Queen,Center,high
queentr01,Trevelin Queen,70720,Trevelin Queen,Shooting Guard,high
quetane01,Neemias Queta,74146,Neemias Queta,Center,high
quickim01,Immanuel Quickley,70667,Immanuel Quickley,Point Guard,high
quinole01,Lester Quiñones,78288,Lester Quinones,Shooting Guard,high
rabbiv01,Ivan Rabb,23630,Ivan Rabb,Power Forward,high
randlch01,Chasson Randle,20940,Chasson Randle,Point Guard,high
randlju01,Julius Randle,15359,Julius Randle,Power Forward,high
randoza01,Zach Randolph,2626,Zach Randolph,Power Forward,high
raynama01,Maxime Raynaud,98635,Maxime Raynaud,Center,high
reathdu01,Duop Reath,86051,Duop Reath,Center,high
reaveau01,Austin Reaves,74218,Austin Reaves,Shooting Guard,high
reddica01,Cam Reddish,31567,Cam Reddish,Small Forward,high
redicjj01,JJ Redick,2643,J.J. Redick,Shooting Guard,high
reedda01,Davon Reed,23627,Davon Reed,Shooting Guard,high
reedpa01,Paul Reed,70700,Paul Reed,Center,high
reedwi02,Willie Reed,11665,Willie Reed,Center,high
reevean01,Antonio Reeves,93956,Antonio Reeves,Shooting Guard,high
reidna01,Naz Reid,32045,Naz Reid,Center,high
rhodeja01,Jared Rhoden,79316,Jared Rhoden,Shooting Guard,high
richaja02,Jase Richardson,98604,Jase Richardson,Shooting Guard,high
richajo01,Josh Richardson,17868,Josh Richardson,Shooting Guard,high
richama01,Malachi Richardson,20227,Malachi Richardson,Shooting Guard,high
richani01,Nick Richards,70684,Nick Richards,Center,high
richawi02,Will Richard,99269,Will Richard,Guard,high
rileywi01,Will Riley,98622,Will Riley,Small Forward,high
risacza01,Zaccharie Risacher,91733,Zaccharie Risacher,Small Forward,high
riverau01,Austin Rivers,10818,Austin Rivers,Shooting Guard,high
roberan03,Andre Roberson,13339,Andre Roberson,Shooting Guard,high
roberbr01,Brian Roberts,11160,Brian Roberts,Point Guard,high
robindu01,Duncan Robinson,27658,Duncan Robinson,Small Forward,high
robingl02,Glenn Robinson III,15392,Glenn Robinson III,Small Forward,high
robinje01,Jerome Robinson,26979,Jerome Robinson,Shooting Guard,high
robinje02,Jeremiah Robinson-Earl,74139,Jeremiah Robinson-Earl,Power Forward,high
robinmi01,Mitchell Robinson,27002,Mitchell Robinson,Center,high
robinor01,Orlando Robinson,78309,Orlando Robinson,Center,high
robinth01,Thomas Robinson,10813,Thomas Robinson,Power Forward,high
robyis01,Isaiah Roby,31604,Isaiah Roby,Power Forward,high
roddyda01,David Roddy,78149,David Roddy,Power Forward,high
rodrise01,Sergio Rodríguez,2682,Sergio Rodriguez,Shooting Guard,high
rolliry01,Ryan Rollins,78155,Ryan Rollins,Shooting Guard,high
rondora01,Rajon Rondo,2222,Rajon Rondo,Point Guard,high
rosede01,Derrick Rose,6095,Derrick Rose,Point Guard,high
rosste01,Terrence Ross,10816,Terrence Ross,Small Forward,high
roziete01,Terry Rozier,17844,Terry Rozier,Point Guard,high
rubiori01,Ricky Rubio,6305,Ricky Rubio,Point Guard,high
rudezda01,Damjan Rudež,15567,Damjan Rudez,Small Forward,high
ruperra01,Rayan Rupert,82212,Rayan Rupert,Shooting Guard,high
rushbr01,Brandon Rush,6114,Brandon Rush,Shooting Guard,high
russeda01,D'Angelo Russell,17830,D'Angelo Russell,Point Guard,high
ryanma01,Matt Ryan,74472,Matt Ryan,Small Forward,high
sabondo01,Domantas Sabonis,20216,Domantas Sabonis,Center,high
salauti01,Tidjane Salaün,91756,Tidjane Salaun,Power Forward,high
samanlu01,Luka Šamanić,31576,Luka Samanic,Power Forward,high
sampsja02,JaKarr Sampson,15838,JaKarr Sampson,Small Forward,high
sandeko01,Kobe Sanders,99262,Kobe Sanders,Guard,high
santogu01,Gui Santos,78165,Gui Santos,Small Forward,high
sarafbe01,Ben Saraf,98626,Ben Saraf,Point Guard,high
saricda01,Dario Šarić,15364,Dario Saric,Power Forward,high
sarral01,Alex Sarr,91734,Alex Sarr,Power Forward,high
sarrol01,Olivier Sarr,74604,Olivier Sarr,Center,high
sassema01,Marcus Sasser,84442,Marcus Sasser,Point Guard,high
satorto01,Tomáš Satoranský,10857,Tomas Satoransky,Shooting Guard,high
scheiba01,Baylor Scheierman,91780,Baylor Scheierman,Shooting Guard,high
schofad01,Admiral Schofield,31601,Admiral Schofield,Small Forward,high
schrode01,Dennis Schröder,13330,Dennis Schröder,Point Guard,high
scolalu01,Luis Scola,2400,Luis Scola,Power Forward,high
scottmi01,Mike Scott,10868,Mike Scott,Power Forward,high
sefolth01,Thabo Sefolosha,2250,Thabo Sefolosha,Small Forward,high
seldewa01,Wayne Selden,20921,Wayne Selden,Shooting Guard,high
sengual01,Alperen Şengün,74123,Alperen Sengun,Center,high
sensabr01,Brice Sensabaugh,82213,Brice Sensabaugh,Small Forward,high
serapke01,Kevin Séraphin,6899,Kevin Seraphin,Power Forward,high
sessira01,Ramon Sessions,2566,Ramon Sessions,Point Guard,high
sextoco01,Collin Sexton,26974,Collin Sexton,Point Guard,high
shamela01,Landry Shamet,26992,Landry Shamet,Shooting Guard,high
shannte01,Terrence Shannon Jr.,91774,Terrence Shannon Jr.,Shooting Guard,high
sharpda01,Day'Ron Sharpe,74136,Day'Ron Sharpe,Center,high
sharpsh01,Shaedon Sharpe,78113,Shaedon Sharpe,Shooting Guard,high
sheadja01,Jamal Shead,93955,Jamal Shead,Point Guard,high
sheppbe01,Ben Sheppard,84440,Ben Sheppard,Small Forward,high
sheppre01,Reed Sheppard,91739,Reed Sheppard,Shooting Guard,high
shumpim01,Iman Shumpert,8068,Iman Shumpert,Shooting Guard,high
siakapa01,Pascal Siakam,20232,Pascal Siakam,Power Forward,high
silvach01,Chris Silva,32319,Chris Silva,Forward,high
simmobe01,Ben Simmons,20206,Ben Simmons,Point Guard,high
simmojo02,Jonathon Simmons,17983,Jonathon Simmons,Small Forward,high
simmoko01,Kobi Simmons,23674,Kobi Simmons,Point Guard,high
simonan01,Anfernee Simons,26990,Anfernee Simons,Shooting Guard,high
simpskj01,KJ Simpson,91788,K.J. Simpson,Point Guard,high
simsje01,Jericho Sims,74166,Jericho Sims,Center,high
singlky01,Kyle Singler,8085,Kyle Singler,Small Forward,high
sloando01,Donald Sloan,8678,Donald Sloan,Point Guard,high
smallja01,Javon Small,99261,Javon Small,Guard,high
smartma01,Marcus Smart,15358,Marcus Smart,Point Guard,high
smithde03,Dennis Smith Jr.,23604,Dennis Smith Jr.,Point Guard,high
smithdr01,Dru Smith,74420,Dru Smith,Shooting Guard,high
smithis01,Ish Smith,7116,Ishmael Smith,Point Guard,medium
smithja02,Jason Smith,6018,Jason Smith,Left Tackle,high
smithja04,Jalen Smith,70652,Jalen Smith,Power Forward,high
smithja05,Jabari Smith Jr.,78109,Jabari Smith Jr.,Power Forward,high
smithjo03,Josh Smith,2205,Josh Smith,Small Forward,high
smithjr01,J.R. Smith,2296,J.R. Smith,Shooting Guard,high
smithni01,Nick Smith Jr.,82206,Nick Smith Jr.,Point Guard,high
snellto01,Tony Snell,13333,Tony Snell,Shooting Guard,high
sochaje01,Jeremy Sochan,78122,Jeremy Sochan,Power Forward,high
speigma01,Marreese Speights,6145,Marreese Speights,Power Forward,high
spellom01,Omari Spellman,26996,Omari Spellman,Power Forward,high
spencca01,Cam Spencer,93960,Cam Spencer,Shooting Guard,high
spencpa01,Pat Spencer,79256,Pat Spencer,Guard,high
splitti01,Tiago Splitter,7119,Tiago Splitter,Power Forward,high
sprinja01,Jaden Springer,74135,Jaden Springer,Point Guard,high
stausni01,Nik Stauskas,15360,Nik Stauskas,Shooting Guard,high
stephla01,Lance Stephenson,6922,Lance Stephenson,Shooting Guard,high
stevela01,Lamar Stevens,70716,Lamar Stevens,Small Forward,high
stewais01,Isaiah Stewart,70658,Isaiah Stewart,Center,high
stoudam01,Amar'e Stoudemire,2669,Amar'e Stoudemire,Power Forward,high
strawju01,Julian Strawther,84463,Julian Strawther,Small Forward,high
strusma01,Max Strus,32411,Max Strus,Shooting Guard,high
stuckro01,Rodney Stuckey,2310,Rodney Stuckey,Point Guard,high
suggsja01,Jalen Suggs,74112,Jalen Suggs,Shooting Guard,high
sullija01,Jared Sullinger,10846,Jared Sullinger,Power Forward,high
sumneed01,Edmond Sumner,23653,Edmond Sumner,Shooting Guard,high
swanica01,Caleb Swanigan,23621,Caleb Swanigan,Power Forward,high
sykeske01,Keifer Sykes,18265,Keifer Sykes,Point Guard,high
tateja01,Jae'Sean Tate,70758,Jae’Sean Tate,Small Forward,high
tatumja01,Jayson Tatum,23598,Jayson Tatum,Power Forward,high
taylois01,Isaiah Taylor,20273,Isaiah Taylor,Point Guard,high
taylote01,Terry Taylor,74222,Terry Taylor,Small Forward,high
teaguje01,Jeff Teague,6272,Jeff Teague,Point Guard,high
teletmi01,Mirza Teletović,10905,Mirza Teletovic,Power Forward,high
templga01,Garrett Temple,6492,Garrett Temple,Shooting Guard,high
teodomi01,Miloš Teodosić,24094,Milos Teodosic,Point Guard,high
terryda01,Dalen Terry,78128,Dalen Terry,Shooting Guard,high
terryja01,Jason Terry,2281,Jason Terry,Shooting Guard,high
theisda01,Daniel Theis,23828,Daniel Theis,Center,high
thomaca02,Cam Thomas,76963,Cam Thomas,,high
thomais02,Isaiah Thomas,8111,Isaiah Thomas,Point Guard,high
thomala01,Lance Thomas,8713,Lance Thomas,Small Forward,high
thomama02,Matt Thomas,31891,Matt Thomas,Shooting Guard,high
thompam01,Amen Thompson,82199,Amen Thompson,Point Guard,high
thompau01,Ausar Thompson,82200,Ausar Thompson,Shooting Guard,high
thompet01,Ethan Thompson,74413,Ethan Thompson,Shooting Guard,high
thompho01,Hollis Thompson,10996,Hollis Thompson,Shooting Guard,high
thompkl01,Klay Thompson,8062,Klay Thompson,Shooting Guard,high
thomptr01,Tristan Thompson,8054,Tristan Thompson,Center,high
thorjt01,JT Thor,74144,JT Thor,Power Forward,high
thornma01,Marcus Thornton,6308,Marcus Thornton,Shooting Guard,high
thornsi01,Sindarius Thornwell,23649,Sindarius Thornwell,Shooting Guard,high
thybuma01,Matisse Thybulle,31577,Matisse Thybulle,Shooting Guard,high
tilliki02,Killian Tillie,70714,Killian Tillie,Power Forward,high
tillmxa01,Xavier Tillman Sr.,70677,Xavier Tillman,Center,medium
tollian01,Anthony Tolliver,6483,Anthony Tolliver,Power Forward,high
tomlina01,Nae'Qwan Tomlin,95599,Nae'qwan Tomlin,Forward,high
toppiob01,Obi Toppin,70650,Obi Toppin,Power Forward,high
toscaju01,Juan Toscano-Anderson,32831,Juan Toscano-Anderson,Small Forward,high
townska01,Karl-Anthony Towns,17829,Karl-Anthony Towns,Center,high
traorno01,Nolan Traoré,98615,Nolan Traore,Point Guard,high
trentga02,Gary Trent Jr.,27003,Gary Trent Jr.,Shooting Guard,high
trieral01,Allonzo Trier,27606,Allonzo Trier,Shooting Guard,high
tshieos01,Oscar Tshiebwe,84732,Oscar Tshiebwe,Power Forward,high
tuckepj01,P.J. Tucker,11059,P.J. Tucker,Power Forward,high
turneev01,Evan Turner,6883,Evan Turner,Small Forward,high
turnemy01,Myles Turner,17839,Myles Turner,Center,high
tysonhu01,Hunter Tyson,84466,Hunter Tyson,Small Forward,high
tysonja01,Jaylon Tyson,91773,Jaylon Tyson,Shooting Guard,high
udohek01,Ekpe Udoh,8222,Ekpe Udoh,Center,high
udrihbe01,Beno Udrih,2697,Beno Udrih,Point Guard,high
ulisty01,Tyler Ulis,20240,Tyler Ulis,Point Guard,high
valanjo01,Jonas Valančiūnas,8055,Jonas Valanciunas,Center,high
valende01,Denzel Valentine,20219,Denzel Valentine,Shooting Guard,high
vandeja01,Jarred Vanderbilt,27007,Jarred Vanderbilt,Power Forward,high
vanvlfr01,Fred VanVleet,20778,Fred VanVleet,Point Guard,high
varejan01,Anderson Varejão,2265,Anderson Varejao,Power Forward,high
vassede01,Devin Vassell,70653,Devin Vassell,Shooting Guard,high
vaughra01,Rashad Vaughn,17845,Rashad Vaughn,Shooting Guard,high
vezenal01,Sasha Vezenkov,23658,Sasha Vezenkov,Small Forward,high
villach01,Charlie Villanueva,2569,Charlie Villanueva,Power Forward,high
vincega01,Gabe Vincent,28087,Gabe Vincent,Point Guard,high
vonleno01,Noah Vonleh,15361,Noah Vonleh,Power Forward,high
vucevni01,Nikola Vučević,8067,Nikola Vucevic,Center,high
vujacsa01,Sasha Vujačić,2526,Sasha Vujacic,Shooting Guard,high
vukcetr01,Tristan Vukcevic,84470,Tristan Vukcevic,Center,high
wadede01,Dean Wade,31963,Dean Wade,Power Forward,high
wadedw01,Dwyane Wade,2556,Dwyane Wade,Shooting Guard,high
wagnefr01,Franz Wagner,74115,Franz Wagner,Small Forward,high
wagnemo01,Moritz Wagner,26991,Moritz Wagner,Center,high
wainris01,Ish Wainright,74220,Ishmail Wainright,Small Forward,medium
waitedi01,Dion Waiters,10812,Dion Waiters,Shooting Guard,high
walkeja01,Jabari Walker,78167,Jabari Walker,Small Forward,high
walkeja02,Jarace Walker,82201,Jarace Walker,Power Forward,high
walkeke02,Kemba Walker,8059,Kemba Walker,Point Guard,high
walkelo01,Lonnie Walker IV,26984,Lonnie Walker IV,Shooting Guard,high
wallaca01,Cason Wallace,82207,Cason Wallace,Point Guard,high
wallake01,Keaton Wallace,79960,Keaton Wallace,Guard,high
wallaty01,Tyrone Wallace,20266,Tyrone Wallace,Shooting Guard,high
walljo01,John Wall,6882,John Wall,Point Guard,high
walshjo01,Jordan Walsh,84467,Jordan Walsh,Small Forward,high
walteja01,Ja'Kobe Walter,91754,Ja'Kobe Walter,Shooting Guard,high
waltode01,Derrick Walton,24263,Derrick Walton Jr.,Point Guard,medium
wanambr01,Brad Wanamaker,27289,Brad Wanamaker,Point Guard,high
wareke01,Kel'el Ware,91767,Kel'el Ware,Center,high
warretj01,T.J. Warren,15366,T.J. Warren,Small Forward,high
washidu02,Duane Washington Jr.,74221,Duane Washington Jr.,Point Guard,high
washipj01,P.J. Washington,31569,PJ Washington,Power Forward,high
washity02,TyTy Washington Jr.,78125,TyTy Washington Jr.,Point Guard,high
watanyu01,Yuta Watanabe,27713,Yuta Watanabe,Small Forward,high
waterli01,Lindy Waters III,75746,Lindy Waters III,Small Forward,high
watfotr01,Trendon Watford,74232,Trendon Watford,Power Forward,high
watkija01,Jamir Watkins,99257,Jamir Watkins,Guard,high
watsocj01,C.J. Watson,2324,C.J. Watson,Point Guard,high
watsopa01,Paul Watson,28089,Paul Watson,Shooting Guard,high
watsope01,Peyton Watson,78138,Peyton Watson,Shooting Guard,high
weberbr01,Briante Weber,18287,Briante Weber,Point Guard,high
wellsja01,Jaylen Wells,93952,Jaylen Wells,Shooting Guard,high
wembavi01,Victor Wembanyama,82196,Victor Wembanyama,Center,high
weslebl01,Blake Wesley,78132,Blake Wesley,Shooting Guard,high
westbru01,Russell Westbrook,6141,Russell Westbrook,Point Guard,high
westda01,David West,2613,David West,Power Forward,high
whiteco01,Coby White,31564,Coby White,Point Guard,high
whitede01,Derrick White,23624,Derrick White,Point Guard,high
whiteha01,Hassan Whiteside,6915,Hassan Whiteside,Center,high
whiteis01,Isaiah Whitehead,20248,Isaiah Whitehead,Point Guard,high
whiteok01,Okaro White,20798,Okaro White,Power Forward,high
whitmca01,Cam Whitmore,82202,Cam Whitmore,Small Forward,high
wiggiaa01,Aaron Wiggins,74162,Aaron Wiggins,Shooting Guard,high
wiggian01,Andrew Wiggins,15353,Andrew Wiggins,Small Forward,high
willial03,Alan Williams,18820,Alan Williams,Power Forward,high
willibr03,Brandon Williams,12375,Brandon Williams,,high
willicj01,C.J. Williams,21071,C.J. Williams,Shooting Guard,high
willico04,Cody Williams,91752,Cody Williams,Shooting Guard,high
willide01,Deron Williams,2757,Deron Williams,Point Guard,high
willide02,Derrick Williams,8052,Derrick Williams,Power Forward,high
willigr01,Grant Williams,31579,Grant Williams,Power Forward,high
willija06,Jalen Williams,78126,Jalen Williams,Small Forward,high
willija07,Jaylin Williams,78150,Jaylin Williams,Center,high
willije02,Nate Williams,100255,Nate Williams,Pitchers,medium
willijo04,Johnathan Williams,27739,Johnathan Williams,Power Forward,high
willike04,Kenrich Williams,27758,Kenrich Williams,Power Forward,high
willilo02,Lou Williams,2657,Louis Williams,Shooting Guard,medium
willima01,Mo Williams,2571,Mo Williams,Point Guard,high
willima02,Marvin Williams,2208,Marvin Williams,Power Forward,high
willima07,Mark Williams,78121,Mark Williams,Center,high
willipa01,Patrick Williams,70646,Patrick Williams,Power Forward,high
williro04,Robert Williams,26993,Robert Williams III,Center,medium
willitr02,Troy Williams,20919,Troy Williams,Small Forward,high
willivi01,Vince Williams Jr.,12488,Vince Williams,,medium
willizi01,Zion Williamson,31558,Zion Williamson,Power Forward,high
willizi02,Ziaire Williams,74117,Ziaire Williams,Small Forward,high
wilsodj01,D.J. Wilson,23612,DJ Wilson,Power Forward,high
wilsoja03,Jalen Wilson,84477,Jalen Wilson,Power Forward,high
windldy01,Dylan Windler,31585,Dylan Windler,Small Forward,high
winslju01,Justise Winslow,17838,Justise Winslow,Small Forward,high
wisemja01,James Wiseman,70644,James Wiseman,Center,high
witheje01,Jeff Withey,13352,Jeff Withey,Center,high
wolfda01,Danny Wolf,98616,Danny Wolf,Power Forward,high
woodch01,Christian Wood,18218,Christian Wood,Center,high
wrighbr03,Brandan Wright,2325,Brandan Wright,Power Forward,high
wrighde01,Delon Wright,17848,Delon Wright,Point Guard,high
yabusgu01,Guerschon Yabusele,20221,Guerschon Yabusele,Power Forward,high
youngjo01,Joe Young,13824,Joe Young,Safety,medium
youngni01,Nick Young,2770,Nick Young,Shooting Guard,high
youngth01,Thaddeus Young,2658,Thaddeus Young,Power Forward,high
youngtr01,Trae Young,26971,Trae Young,Point Guard,high
yurtsom01,Omer Yurtseven,70706,Omer Yurtseven,Center,high
zelleco01,Cody Zeller,13317,Cody Zeller,Center,high
zellety01,Tyler Zeller,10825,Tyler Zeller,Center,high
zipsepa01,Paul Zipser,20254,Paul Zipser,Small Forward,high
zizican01,Ante Žižić,20228,Ante Zizic,Center,high
zubaciv01,Ivica Zubac,20238,Ivica Zubac,Center,high
