season,team,conference,conference_seed,wins,losses,win_loss_pct,mov,sos,srs,ortg,drtg,nrtg,pace,ts_pct,made_playoffs,playoff_round_reached,playoff_wins,playoff_losses,champion
2014-15,GSW,Western,1,67,15,0.817,10.1,-0.09,10.01,111.6,101.4,10.2,98.3,0.571,1,5,16,5,1
2014-15,LAC,Western,2,56,26,0.683,6.59,0.22,6.8,112.4,105.5,6.9,94.7,0.565,1,2,7,7,0
2014-15,SAS,Western,5,55,27,0.671,6.2,0.14,6.34,108.5,102.0,6.5,93.8,0.555,1,1,3,4,0
2014-15,ATL,Eastern,1,60,22,0.732,5.43,-0.68,4.75,108.9,103.1,5.8,93.9,0.563,1,3,8,8,0
2014-15,CLE,Eastern,2,53,29,0.646,4.48,-0.4,4.08,111.1,106.3,4.8,92.3,0.557,1,4,14,6,0
2014-15,POR,Western,6,51,31,0.622,4.23,0.18,4.41,108.2,103.7,4.5,94.2,0.544,1,1,1,4,0
2014-15,HOU,Western,3,56,26,0.683,3.44,0.38,3.82,107.0,103.4,3.6,96.5,0.548,1,3,9,8,0
2014-15,MEM,Western,4,55,27,0.671,3.24,0.38,3.62,105.7,102.2,3.5,92.0,0.531,1,2,6,5,0
2014-15,TOR,Eastern,4,49,33,0.598,3.07,-0.62,2.45,111.0,107.7,3.3,92.8,0.553,1,1,0,4,0
2014-15,CHI,Eastern,3,50,32,0.61,3.0,-0.46,2.54,107.5,104.3,3.2,92.8,0.536,1,2,6,6,0
2014-15,DAL,Western,7,50,32,0.61,2.9,0.46,3.36,109.5,106.4,3.1,95.2,0.55,1,1,1,4,0
2014-15,OKC,Western,8,45,37,0.549,2.18,0.28,2.47,107.8,105.5,2.3,95.7,0.532,0,0,0,0,0
2014-15,NOP,Western,9,45,37,0.549,0.79,0.34,1.13,108.2,107.3,0.9,91.4,0.537,1,1,0,4,0
2014-15,WAS,Eastern,5,46,36,0.561,0.72,-0.55,0.17,103.7,103.0,0.7,93.7,0.534,1,2,6,4,0
2014-15,MIL,Eastern,6,41,41,0.5,0.43,-0.52,-0.09,102.7,102.2,0.5,94.1,0.536,1,1,2,4,0
2014-15,IND,Eastern,9,38,44,0.463,0.28,-0.51,-0.23,103.5,103.2,0.3,93.2,0.523,0,0,0,0,0
2014-15,UTA,Western,11,38,44,0.463,0.22,0.49,0.71,105.1,104.9,0.2,90.4,0.531,0,0,0,0,0
2014-15,BOS,Eastern,7,40,42,0.488,0.16,-0.56,-0.4,104.7,104.5,0.2,95.8,0.523,1,1,0,4,0
2014-15,PHX,Western,10,39,43,0.476,-0.9,0.52,-0.38,105.3,106.2,-0.9,96.3,0.537,0,0,0,0,0
2014-15,DET,Eastern,12,32,50,0.39,-1.0,-0.39,-1.39,105.3,106.4,-1.1,92.8,0.515,0,0,0,0,0
2014-15,MIA,Eastern,10,37,45,0.451,-2.6,-0.32,-2.92,103.9,106.7,-2.8,90.9,0.54,0,0,0,0,0
2014-15,BKN,Eastern,8,38,44,0.463,-2.88,-0.25,-3.13,104.4,107.4,-3.0,92.7,0.529,1,1,2,4,0
2014-15,CHA,Eastern,11,33,49,0.402,-3.17,-0.27,-3.44,100.1,103.5,-3.4,93.0,0.498,0,0,0,0,0
2014-15,DEN,Western,12,30,52,0.366,-3.55,0.48,-3.07,104.5,108.2,-3.7,96.1,0.518,0,0,0,0,0
2014-15,SAC,Western,13,29,53,0.354,-3.71,0.64,-3.07,105.3,109.2,-3.9,95.4,0.542,0,0,0,0,0
2014-15,ORL,Eastern,13,25,57,0.305,-5.72,-0.15,-5.87,101.6,107.7,-6.1,93.8,0.524,0,0,0,0,0
2014-15,LAL,Western,14,21,61,0.256,-6.84,0.67,-6.17,103.4,110.6,-7.2,94.0,0.513,0,0,0,0,0
2014-15,MIN,Western,15,16,66,0.195,-8.79,0.79,-8.0,102.9,112.2,-9.3,94.4,0.517,0,0,0,0,0
2014-15,PHI,Eastern,14,18,64,0.22,-8.98,-0.07,-9.04,95.5,104.8,-9.3,95.7,0.494,0,0,0,0,0
2014-15,NYK,Eastern,15,17,65,0.207,-9.32,-0.18,-9.5,99.9,110.0,-10.1,91.2,0.508,0,0,0,0,0
2015-16,SAS,Western,2,67,15,0.817,10.63,-0.36,10.28,110.3,99.0,11.3,93.8,0.564,1,2,6,4,0
2015-16,GSW,Western,1,73,9,0.89,10.76,-0.38,10.38,114.5,103.8,10.7,99.3,0.593,1,4,15,9,0
2015-16,OKC,Western,3,55,27,0.671,7.28,-0.19,7.09,113.1,105.6,7.5,96.7,0.565,1,3,11,7,0
2015-16,CLE,Eastern,1,57,25,0.695,6.0,-0.55,5.45,110.9,104.5,6.4,93.3,0.558,1,5,16,5,1
2015-16,TOR,Eastern,2,56,26,0.683,4.5,-0.42,4.08,110.0,105.2,4.8,92.9,0.552,1,3,10,10,0
2015-16,LAC,Western,4,53,29,0.646,4.28,-0.15,4.13,108.3,103.8,4.5,95.8,0.556,1,1,2,4,0
2015-16,ATL,Eastern,4,48,34,0.585,3.61,-0.12,3.49,105.1,101.4,3.7,97.1,0.552,1,2,4,6,0
2015-16,BOS,Eastern,5,48,34,0.585,3.21,-0.37,2.84,106.8,103.6,3.2,98.5,0.531,1,1,2,4,0
2015-16,CHA,Eastern,6,48,34,0.585,2.72,-0.36,2.36,107.2,104.3,2.9,95.6,0.545,1,1,3,4,0
2015-16,UTA,Western,9,40,42,0.488,1.79,0.05,1.84,105.9,103.9,2.0,91.0,0.54,0,0,0,0,0
2015-16,MIA,Eastern,3,48,34,0.585,1.65,-0.14,1.5,106.1,104.4,1.7,93.6,0.545,1,2,7,7,0
2015-16,IND,Eastern,7,45,37,0.549,1.71,-0.09,1.62,104.6,102.9,1.7,96.6,0.536,1,1,3,4,0
2015-16,POR,Western,5,44,38,0.537,0.83,0.15,0.98,108.8,108.0,0.8,96.0,0.548,1,2,5,6,0
2015-16,DET,Eastern,8,44,38,0.537,0.61,-0.18,0.43,106.1,105.5,0.6,95.1,0.522,1,1,0,4,0
2015-16,HOU,Western,8,41,41,0.5,0.2,0.14,0.34,108.3,108.1,0.2,97.6,0.553,1,1,1,4,0
2015-16,DAL,Western,6,42,40,0.512,-0.3,0.29,-0.02,106.7,107.0,-0.3,94.3,0.544,1,1,1,4,0
2015-16,WAS,Eastern,10,41,41,0.5,-0.5,0.0,-0.5,105.3,105.8,-0.5,98.5,0.544,0,0,0,0,0
2015-16,CHI,Eastern,9,42,40,0.512,-1.48,0.01,-1.46,105.0,106.5,-1.5,95.7,0.526,0,0,0,0,0
2015-16,ORL,Eastern,11,35,47,0.427,-1.62,-0.06,-1.68,105.1,106.8,-1.7,96.0,0.533,0,0,0,0,0
2015-16,SAC,Western,10,33,49,0.402,-2.48,0.16,-2.32,106.0,108.4,-2.4,100.0,0.546,0,0,0,0,0
2015-16,MEM,Western,7,42,40,0.512,-2.24,0.11,-2.14,105.4,107.8,-2.4,93.3,0.524,1,1,0,4,0
2015-16,NYK,Eastern,13,32,50,0.39,-2.73,0.0,-2.74,104.6,107.6,-3.0,93.4,0.527,0,0,0,0,0
2015-16,DEN,Western,11,33,49,0.402,-3.1,0.29,-2.81,105.6,108.9,-3.3,95.7,0.531,0,0,0,0,0
2015-16,MIN,Western,13,29,53,0.354,-3.54,0.15,-3.38,106.5,110.1,-3.6,95.2,0.549,0,0,0,0,0
2015-16,NOP,Western,12,30,52,0.366,-3.79,0.24,-3.56,105.6,109.5,-3.9,96.8,0.537,0,0,0,0,0
2015-16,MIL,Eastern,12,33,49,0.402,-4.18,0.2,-3.98,104.3,108.7,-4.4,94.2,0.537,0,0,0,0,0
2015-16,PHX,Western,14,23,59,0.28,-6.66,0.34,-6.32,102.2,109.0,-6.8,98.5,0.526,0,0,0,0,0
2015-16,BKN,Eastern,14,21,61,0.256,-7.35,0.24,-7.12,103.2,110.9,-7.7,95.2,0.527,0,0,0,0,0
2015-16,LAL,Western,15,17,65,0.207,-9.56,0.64,-8.92,101.6,111.6,-10.0,95.6,0.509,0,0,0,0,0
2015-16,PHI,Eastern,15,10,72,0.122,-10.23,0.31,-9.92,98.8,109.2,-10.4,97.9,0.519,0,0,0,0,0
2016-17,GSW,Western,1,67,15,0.817,11.63,-0.28,11.35,115.6,104.0,11.6,99.8,0.597,1,5,16,1,1
2016-17,SAS,Western,2,61,21,0.744,7.2,-0.06,7.13,111.1,103.5,7.6,94.2,0.564,1,3,8,8,0
2016-17,HOU,Western,3,55,27,0.671,5.77,0.08,5.84,114.7,109.0,5.7,100.0,0.583,1,2,6,5,0
2016-17,TOR,Eastern,3,51,31,0.622,4.21,-0.56,3.65,112.3,107.8,4.5,94.7,0.561,1,2,4,6,0
2016-17,LAC,Western,4,51,31,0.622,4.29,0.13,4.42,112.7,108.2,4.5,96.1,0.574,1,1,3,4,0
2016-17,UTA,Western,5,51,31,0.622,3.94,0.06,4.0,109.6,105.3,4.3,91.6,0.563,1,2,4,7,0
2016-17,CLE,Eastern,2,51,31,0.622,3.18,-0.31,2.87,113.6,110.3,3.3,96.2,0.58,1,4,13,5,0
2016-17,BOS,Eastern,1,53,29,0.646,2.63,-0.39,2.25,111.2,108.4,2.8,96.8,0.567,1,3,9,9,0
2016-17,WAS,Eastern,4,49,33,0.598,1.8,-0.45,1.36,111.2,109.3,1.9,97.4,0.564,1,2,7,6,0
2016-17,MIA,Eastern,9,41,41,0.5,1.06,-0.29,0.77,107.8,106.7,1.1,95.2,0.541,0,0,0,0,0
2016-17,OKC,Western,6,47,35,0.573,0.76,0.39,1.14,108.3,107.5,0.8,97.8,0.54,1,1,1,4,0
2016-17,MEM,Western,7,43,39,0.524,0.49,0.47,0.96,107.7,107.1,0.6,92.3,0.535,1,1,2,4,0
2016-17,DEN,Western,9,40,42,0.488,0.51,0.19,0.7,113.2,112.7,0.5,98.3,0.568,0,0,0,0,0
2016-17,CHI,Eastern,8,41,41,0.5,0.43,-0.39,0.03,107.4,107.0,0.4,95.3,0.53,1,1,2,4,0
2016-17,CHA,Eastern,11,36,46,0.439,0.2,-0.26,-0.07,108.8,108.6,0.2,95.7,0.547,0,0,0,0,0
2016-17,IND,Eastern,7,42,40,0.512,-0.22,-0.42,-0.64,108.6,108.8,-0.2,95.9,0.558,1,1,0,4,0
2016-17,MIL,Eastern,6,42,40,0.512,-0.18,-0.26,-0.45,109.1,109.3,-0.2,94.5,0.565,1,1,2,4,0
2016-17,POR,Western,8,41,41,0.5,-0.52,0.3,-0.23,110.3,110.8,-0.5,96.7,0.559,1,1,0,4,0
2016-17,ATL,Eastern,5,43,39,0.524,-0.85,-0.38,-1.23,104.9,105.7,-0.8,97.4,0.541,1,1,2,4,0
2016-17,DET,Eastern,10,37,45,0.451,-1.12,-0.17,-1.29,106.0,107.1,-1.1,95.0,0.521,0,0,0,0,0
2016-17,MIN,Western,13,31,51,0.378,-1.11,0.47,-0.64,110.8,112.0,-1.2,94.6,0.555,0,0,0,0,0
2016-17,NOP,Western,10,34,48,0.415,-2.1,0.41,-1.69,105.2,107.4,-2.2,98.0,0.539,0,0,0,0,0
2016-17,DAL,Western,11,33,49,0.402,-2.93,0.4,-2.53,105.6,108.8,-3.2,92.2,0.541,0,0,0,0,0
2016-17,NYK,Eastern,12,31,51,0.378,-3.67,-0.2,-3.87,107.7,111.5,-3.8,96.0,0.534,0,0,0,0,0
2016-17,SAC,Western,12,32,50,0.39,-3.88,0.58,-3.29,107.3,111.3,-4.0,94.9,0.556,0,0,0,0,0
2016-17,PHX,Western,15,24,58,0.293,-5.63,0.49,-5.14,106.6,112.2,-5.6,100.3,0.538,0,0,0,0,0
2016-17,PHI,Eastern,14,28,54,0.341,-5.7,-0.14,-5.83,103.2,108.9,-5.7,98.5,0.539,0,0,0,0,0
2016-17,BKN,Eastern,15,20,62,0.244,-6.73,-0.01,-6.74,104.1,110.7,-6.6,101.3,0.551,0,0,0,0,0
2016-17,ORL,Eastern,13,29,53,0.354,-6.57,-0.04,-6.61,103.7,110.5,-6.8,96.8,0.524,0,0,0,0,0
2016-17,LAL,Western,14,26,56,0.317,-6.88,0.58,-6.29,106.0,113.0,-7.0,98.5,0.537,0,0,0,0,0
2017-18,HOU,Western,1,65,17,0.793,8.48,-0.27,8.21,114.7,106.1,8.6,97.6,0.59,1,3,11,6,0
2017-18,TOR,Eastern,1,59,23,0.72,7.78,-0.49,7.29,113.8,105.9,7.9,97.4,0.575,1,2,4,6,0
2017-18,GSW,Western,2,58,24,0.707,5.98,-0.19,5.79,113.6,107.7,5.9,99.6,0.603,1,5,16,5,1
2017-18,UTA,Western,5,48,34,0.585,4.3,0.17,4.47,108.4,103.9,4.5,95.7,0.564,1,2,5,6,0
2017-18,PHI,Eastern,3,52,30,0.634,4.5,-0.2,4.3,109.5,105.0,4.5,99.8,0.568,1,2,5,5,0
2017-18,BOS,Eastern,2,55,27,0.671,3.59,-0.35,3.23,107.6,103.9,3.7,96.0,0.552,1,3,11,8,0
2017-18,OKC,Western,4,48,34,0.585,3.41,0.0,3.42,110.7,107.2,3.5,96.7,0.546,1,1,2,4,0
2017-18,SAS,Western,7,47,35,0.573,2.89,0.0,2.89,107.9,104.8,3.1,95.0,0.543,1,1,1,4,0
2017-18,POR,Western,3,49,33,0.598,2.6,0.0,2.6,109.1,106.4,2.7,96.5,0.549,1,1,0,4,0
2017-18,MIN,Western,8,47,35,0.573,2.23,0.12,2.35,113.4,111.1,2.3,96.0,0.566,1,1,1,4,0
2017-18,DEN,Western,9,46,36,0.561,1.48,0.09,1.57,112.5,111.0,1.5,96.8,0.57,0,0,0,0,0
2017-18,IND,Eastern,5,48,34,0.585,1.38,-0.2,1.18,109.5,108.1,1.4,96.0,0.557,1,1,3,4,0
2017-18,NOP,Western,6,48,34,0.585,1.3,0.18,1.48,109.6,108.3,1.3,100.5,0.573,1,2,5,4,0
2017-18,CLE,Eastern,4,50,32,0.61,0.94,-0.35,0.59,112.9,111.9,1.0,98.0,0.584,1,4,12,10,0
2017-18,WAS,Eastern,8,43,39,0.524,0.59,-0.06,0.53,109.3,108.7,0.6,96.6,0.56,1,1,2,4,0
2017-18,MIA,Eastern,6,44,38,0.537,0.48,-0.33,0.15,106.8,106.3,0.5,95.6,0.551,1,1,1,4,0
2017-18,CHA,Eastern,10,36,46,0.439,0.26,-0.19,0.07,109.4,109.1,0.3,98.4,0.549,0,0,0,0,0
2017-18,LAC,Western,10,42,40,0.512,0.04,0.11,0.15,110.3,110.2,0.1,98.7,0.564,0,0,0,0,0
2017-18,DET,Eastern,9,39,43,0.476,-0.15,-0.11,-0.26,107.2,107.3,-0.1,96.2,0.543,0,0,0,0,0
2017-18,MIL,Eastern,7,44,38,0.537,-0.3,-0.15,-0.45,109.8,110.1,-0.3,96.3,0.571,1,1,3,4,0
2017-18,LAL,Western,11,35,47,0.427,-1.55,0.11,-1.44,106.5,108.0,-1.5,100.3,0.548,0,0,0,0,0
2017-18,DAL,Western,13,24,58,0.293,-3.04,0.34,-2.7,106.3,109.5,-3.2,95.6,0.544,0,0,0,0,0
2017-18,NYK,Eastern,11,29,53,0.354,-3.56,0.03,-3.53,107.1,110.7,-3.6,96.8,0.544,0,0,0,0,0
2017-18,BKN,Eastern,12,28,54,0.341,-3.74,0.07,-3.67,106.9,110.6,-3.7,98.9,0.551,0,0,0,0,0
2017-18,ORL,Eastern,14,25,57,0.305,-4.82,-0.1,-4.92,105.2,110.1,-4.9,98.1,0.545,0,0,0,0,0
2017-18,ATL,Eastern,15,24,58,0.293,-5.45,0.15,-5.3,105.0,110.6,-5.6,98.3,0.547,0,0,0,0,0
2017-18,MEM,Western,14,22,60,0.268,-6.21,0.39,-5.81,104.5,111.0,-6.5,94.9,0.539,0,0,0,0,0
2017-18,CHI,Eastern,13,27,55,0.329,-7.04,0.2,-6.84,103.8,110.9,-7.1,98.3,0.529,0,0,0,0,0
2017-18,SAC,Western,12,27,55,0.329,-6.99,0.39,-6.6,103.7,111.1,-7.4,94.9,0.529,0,0,0,0,0
2017-18,PHX,Western,15,21,61,0.256,-9.37,0.57,-8.8,103.5,112.9,-9.4,100.3,0.532,0,0,0,0,0
2018-19,MIL,Eastern,1,60,22,0.732,8.87,-0.82,8.04,113.8,105.2,8.6,103.3,0.583,1,3,10,5,0
2018-19,GSW,Western,1,57,25,0.695,6.46,-0.04,6.42,115.9,109.5,6.4,100.9,0.596,1,4,14,8,0
2018-19,TOR,Eastern,2,58,24,0.707,6.09,-0.6,5.49,113.1,107.1,6.0,100.2,0.579,1,5,16,8,1
2018-19,UTA,Western,5,50,32,0.61,5.26,0.03,5.28,110.9,105.7,5.2,100.3,0.572,1,1,1,4,0
2018-19,HOU,Western,4,53,29,0.646,4.77,0.19,4.96,115.5,110.7,4.8,97.9,0.581,1,2,6,5,0
2018-19,BOS,Eastern,4,49,33,0.598,4.44,-0.54,3.9,112.2,107.8,4.4,99.6,0.567,1,2,5,4,0
2018-19,POR,Western,3,53,29,0.646,4.2,0.24,4.43,114.7,110.5,4.2,99.1,0.568,1,3,8,8,0
2018-19,DEN,Western,2,54,28,0.659,3.95,0.24,4.19,113.0,108.9,4.1,97.7,0.558,1,2,7,7,0
2018-19,IND,Eastern,5,48,34,0.585,3.33,-0.57,2.76,109.9,106.5,3.4,98.1,0.561,1,1,0,4,0
2018-19,OKC,Western,6,49,33,0.598,3.4,0.15,3.56,110.3,107.0,3.3,102.8,0.545,1,1,1,4,0
2018-19,PHI,Eastern,3,51,31,0.622,2.7,-0.44,2.25,112.6,110.0,2.6,101.6,0.574,1,2,7,5,0
2018-19,SAS,Western,7,48,34,0.585,1.68,0.12,1.8,112.9,111.2,1.7,98.3,0.572,1,1,3,4,0
2018-19,LAC,Western,8,48,34,0.585,0.85,0.23,1.09,112.4,111.5,0.9,101.7,0.575,1,1,2,4,0
2018-19,ORL,Eastern,7,42,40,0.512,0.71,-0.43,0.28,108.9,108.1,0.8,98.1,0.55,1,1,1,4,0
2018-19,BKN,Eastern,6,42,40,0.512,-0.07,-0.33,-0.4,109.6,109.7,-0.1,100.8,0.556,1,1,1,4,0
2018-19,DET,Eastern,8,41,41,0.5,-0.24,-0.31,-0.56,109.0,109.2,-0.2,97.4,0.544,1,1,0,4,0
2018-19,MIA,Eastern,10,39,43,0.476,-0.23,-0.22,-0.45,107.3,107.6,-0.3,98.2,0.542,0,0,0,0,0
2018-19,SAC,Western,9,39,43,0.476,-1.12,0.31,-0.81,110.4,111.5,-1.1,103.1,0.554,0,0,0,0,0
2018-19,CHA,Eastern,9,39,43,0.476,-1.1,-0.22,-1.32,111.4,112.5,-1.1,98.7,0.554,0,0,0,0,0
2018-19,NOP,Western,13,33,49,0.402,-1.33,0.23,-1.1,111.4,112.6,-1.2,103.3,0.563,0,0,0,0,0
2018-19,DAL,Western,14,33,49,0.402,-1.28,0.42,-0.87,109.4,110.7,-1.3,99.0,0.555,0,0,0,0,0
2018-19,MIN,Western,11,36,46,0.439,-1.5,0.48,-1.02,111.4,112.9,-1.5,100.2,0.552,0,0,0,0,0
2018-19,LAL,Western,10,37,45,0.451,-1.72,0.39,-1.33,107.8,109.5,-1.7,103.2,0.554,0,0,0,0,0
2018-19,MEM,Western,12,33,49,0.402,-2.6,0.51,-2.08,106.1,108.8,-2.7,96.6,0.548,0,0,0,0,0
2018-19,WAS,Eastern,11,32,50,0.39,-2.9,-0.4,-3.3,111.1,113.9,-2.8,101.4,0.567,0,0,0,0,0
2018-19,ATL,Eastern,12,29,53,0.354,-6.02,-0.04,-6.06,108.1,113.9,-5.8,103.9,0.555,0,0,0,0,0
2018-19,CHI,Eastern,13,22,60,0.268,-8.41,0.1,-8.32,104.8,113.2,-8.4,99.0,0.541,0,0,0,0,0
2018-19,NYK,Eastern,15,17,65,0.207,-9.21,0.28,-8.93,104.5,113.7,-9.2,99.6,0.529,0,0,0,0,0
2018-19,PHX,Western,15,19,63,0.232,-9.34,0.73,-8.61,105.9,115.1,-9.2,100.5,0.552,0,0,0,0,0
2018-19,CLE,Eastern,14,19,63,0.232,-9.61,0.22,-9.39,107.7,117.6,-9.9,96.6,0.54,0,0,0,0,0
2019-20,MIL,Eastern,1,56,17,0.767,10.08,-0.67,9.41,112.4,102.9,9.5,105.1,0.583,1,2,5,5,0
2019-20,BOS,Eastern,3,48,24,0.667,6.31,-0.47,5.83,113.3,107.0,6.3,99.5,0.57,1,3,10,7,0
2019-20,LAC,Western,2,49,23,0.681,6.44,0.21,6.66,113.9,107.6,6.3,101.5,0.577,1,2,7,6,0
2019-20,TOR,Eastern,2,53,19,0.736,6.24,-0.26,5.97,111.1,105.0,6.1,100.9,0.574,1,2,7,4,0
2019-20,LAL,Western,1,52,19,0.732,5.79,0.49,6.28,112.0,106.3,5.7,100.9,0.573,1,5,16,5,1
2019-20,DAL,Western,7,43,32,0.573,4.95,-0.07,4.87,116.7,111.7,5.0,99.3,0.581,1,1,2,4,0
2019-20,MIA,Eastern,5,44,29,0.603,2.95,-0.35,2.59,112.5,109.5,3.0,98.3,0.587,1,4,14,7,0
2019-20,HOU,Western,4,44,28,0.611,2.96,0.17,3.13,112.9,110.1,2.8,103.7,0.578,1,2,5,7,0
2019-20,UTA,Western,6,44,28,0.611,2.47,0.05,2.52,112.3,109.9,2.4,98.6,0.585,1,1,3,4,0
2019-20,PHI,Eastern,6,43,30,0.589,2.38,-0.13,2.25,111.3,109.0,2.3,99.0,0.566,1,1,0,4,0
2019-20,DEN,Western,3,46,27,0.63,2.11,0.24,2.35,113.1,111.0,2.1,97.1,0.567,1,3,9,10,0
2019-20,IND,Eastern,4,45,28,0.616,1.96,-0.33,1.63,110.0,108.0,2.0,98.9,0.565,1,1,0,4,0
2019-20,OKC,Western,5,44,28,0.611,1.99,0.34,2.33,110.8,108.8,2.0,98.8,0.573,1,1,3,4,0
2019-20,PHX,Western,10,34,39,0.466,0.22,0.35,0.56,111.7,111.4,0.3,101.3,0.576,0,0,0,0,0
2019-20,BKN,Eastern,7,35,37,0.486,-0.57,-0.44,-1.01,108.9,109.5,-0.6,101.4,0.554,1,1,0,4,0
2019-20,ORL,Eastern,8,33,40,0.452,-1.01,0.09,-0.93,108.5,109.5,-1.0,98.6,0.544,1,1,1,4,0
2019-20,SAS,Western,11,32,39,0.451,-1.11,0.46,-0.65,112.4,113.5,-1.1,100.5,0.572,0,0,0,0,0
2019-20,MEM,Western,9,34,39,0.466,-1.07,0.16,-0.91,109.2,110.3,-1.1,102.8,0.561,0,0,0,0,0
2019-20,POR,Western,8,35,39,0.473,-1.15,0.54,-0.61,113.7,114.8,-1.1,100.7,0.57,1,1,1,4,0
2019-20,NOP,Western,13,30,42,0.417,-1.29,0.74,-0.55,110.7,111.9,-1.2,103.7,0.568,0,0,0,0,0
2019-20,SAC,Western,12,31,41,0.431,-2.04,0.46,-1.59,110.2,112.2,-2.0,98.9,0.566,0,0,0,0,0
2019-20,CHI,Eastern,11,22,43,0.338,-3.08,-0.93,-4.0,106.7,109.8,-3.1,99.7,0.547,0,0,0,0,0
2019-20,DET,Eastern,13,20,46,0.303,-3.56,-0.82,-4.38,109.0,112.7,-3.7,97.6,0.561,0,0,0,0,0
2019-20,MIN,Western,14,19,45,0.297,-4.3,0.28,-4.02,108.1,112.2,-4.1,103.4,0.551,0,0,0,0,0
2019-20,WAS,Eastern,10,25,47,0.347,-4.67,-0.57,-5.24,110.9,115.5,-4.6,102.7,0.562,0,0,0,0,0
2019-20,NYK,Eastern,12,21,45,0.318,-6.45,-0.26,-6.72,106.5,113.0,-6.5,98.6,0.531,0,0,0,0,0
2019-20,CHA,Eastern,9,23,42,0.354,-6.75,-0.28,-7.03,106.3,113.3,-7.0,95.8,0.539,0,0,0,0,0
2019-20,ATL,Eastern,14,20,47,0.299,-7.97,0.27,-7.71,107.2,114.8,-7.6,103.0,0.554,0,0,0,0,0
2019-20,CLE,Eastern,15,19,46,0.292,-7.89,0.12,-7.77,107.5,115.4,-7.9,98.7,0.553,0,0,0,0,0
2019-20,GSW,Western,15,15,50,0.231,-8.71,0.59,-8.12,105.2,113.8,-8.6,100.3,0.54,0,0,0,0,0
2020-21,UTA,Western,1,52,20,0.722,9.25,-0.29,8.97,117.6,108.3,9.3,98.5,0.597,1,2,6,5,0
2020-21,LAC,Western,4,47,25,0.653,6.18,-0.16,6.02,117.6,111.2,6.4,96.9,0.599,1,3,10,9,0
2020-21,PHX,Western,2,51,21,0.708,5.82,-0.15,5.67,117.2,111.3,5.9,97.2,0.597,1,4,14,8,0
2020-21,MIL,Eastern,3,46,26,0.639,5.89,-0.32,5.57,117.2,111.4,5.8,102.2,0.593,1,5,16,7,1
2020-21,PHI,Eastern,1,49,23,0.681,5.58,-0.31,5.28,113.2,107.6,5.6,99.5,0.579,1,2,7,5,0
2020-21,DEN,Western,3,47,25,0.653,4.93,-0.11,4.82,117.1,112.1,5.0,97.1,0.588,1,2,4,6,0
2020-21,BKN,Eastern,2,48,24,0.667,4.5,-0.27,4.24,118.3,113.8,4.5,99.5,0.61,1,2,7,5,0
2020-21,LAL,Western,7,42,30,0.583,2.79,-0.03,2.77,109.9,107.1,2.8,98.7,0.569,1,1,2,4,0
2020-21,DAL,Western,5,42,30,0.583,2.26,-0.01,2.26,115.4,113.0,2.4,97.3,0.582,1,1,3,4,0
2020-21,NYK,Eastern,4,41,31,0.569,2.31,-0.18,2.13,110.6,108.2,2.4,95.9,0.559,1,1,1,4,0
2020-21,ATL,Eastern,5,41,31,0.569,2.32,-0.18,2.14,115.7,113.3,2.4,97.6,0.581,1,3,10,8,0
2020-21,POR,Western,6,42,30,0.583,1.79,0.01,1.81,117.8,116.0,1.8,98.4,0.577,1,1,2,4,0
2020-21,BOS,Eastern,7,36,36,0.5,1.46,-0.14,1.32,114.0,112.5,1.5,98.3,0.574,1,1,1,4,0
2020-21,GSW,Western,8,39,33,0.542,1.06,0.04,1.1,111.1,110.1,1.0,102.2,0.583,0,0,0,0,0
2020-21,MEM,Western,9,38,34,0.528,1.03,0.04,1.07,112.0,111.0,1.0,100.4,0.56,1,1,1,4,0
2020-21,MIA,Eastern,6,40,32,0.556,0.03,-0.09,-0.06,111.2,111.2,0.0,96.6,0.581,1,1,0,4,0
2020-21,IND,Eastern,9,34,38,0.472,-0.04,-0.08,-0.13,112.4,112.4,0.0,101.6,0.575,0,0,0,0,0
2020-21,NOP,Western,11,31,41,0.431,-0.29,0.1,-0.2,113.5,113.8,-0.3,100.1,0.57,0,0,0,0,0
2020-21,TOR,Eastern,12,27,45,0.375,-0.47,-0.07,-0.54,112.0,112.5,-0.5,99.2,0.567,0,0,0,0,0
2020-21,CHI,Eastern,11,31,41,0.431,-0.89,-0.05,-0.94,111.1,112.0,-0.9,99.0,0.575,0,0,0,0,0
2020-21,SAS,Western,10,33,39,0.458,-1.74,0.15,-1.58,111.0,112.8,-1.8,98.9,0.554,0,0,0,0,0
2020-21,WAS,Eastern,8,34,38,0.472,-1.83,-0.01,-1.85,111.2,113.0,-1.8,104.1,0.569,1,1,1,4,0
2020-21,CHA,Eastern,10,33,39,0.458,-1.93,-0.01,-1.94,110.9,112.8,-1.9,98.3,0.564,0,0,0,0,0
2020-21,SAC,Western,12,31,41,0.431,-3.68,0.23,-3.45,113.6,117.2,-3.6,100.0,0.578,0,0,0,0,0
2020-21,DET,Eastern,15,20,52,0.278,-4.47,0.09,-4.38,108.0,112.5,-4.5,97.9,0.556,0,0,0,0,0
2020-21,MIN,Western,13,23,49,0.319,-5.56,0.31,-5.25,109.5,115.0,-5.5,101.6,0.555,0,0,0,0,0
2020-21,HOU,Western,15,17,55,0.236,-7.9,0.4,-7.5,107.1,114.9,-7.8,101.4,0.553,0,0,0,0,0
2020-21,CLE,Eastern,13,22,50,0.306,-8.44,0.25,-8.19,105.8,114.4,-8.6,97.3,0.543,0,0,0,0,0
2020-21,ORL,Eastern,14,21,51,0.292,-9.31,0.29,-9.02,105.1,114.5,-9.4,98.7,0.527,0,0,0,0,0
2020-21,OKC,Western,14,22,50,0.306,-10.64,0.51,-10.13,103.5,114.0,-10.5,101.0,0.539,0,0,0,0,0
2021-22,BOS,Eastern,2,51,31,0.622,7.28,-0.26,7.02,114.4,106.9,7.5,96.6,0.578,1,4,14,10,0
2021-22,PHX,Western,1,64,18,0.78,7.5,-0.56,6.94,114.8,107.3,7.5,99.8,0.581,1,2,7,6,0
2021-22,UTA,Western,5,49,33,0.598,6.04,-0.37,5.67,116.7,110.5,6.2,97.1,0.589,1,1,2,4,0
2021-22,MEM,Western,2,56,26,0.683,5.68,-0.32,5.37,114.6,109.0,5.6,100.3,0.553,1,2,6,6,0
2021-22,GSW,Western,3,53,29,0.646,5.54,-0.02,5.52,112.5,106.9,5.6,98.4,0.582,1,5,16,6,1
2021-22,MIA,Eastern,1,53,29,0.646,4.45,-0.22,4.23,113.7,109.1,4.6,95.9,0.584,1,3,11,7,0
2021-22,DAL,Western,4,52,30,0.634,3.3,-0.18,3.12,112.8,109.4,3.4,95.4,0.572,1,3,9,9,0
2021-22,MIL,Eastern,3,51,31,0.622,3.35,-0.14,3.22,115.1,111.8,3.3,99.9,0.58,1,2,7,5,0
2021-22,PHI,Eastern,4,51,31,0.622,2.61,-0.04,2.57,113.5,110.8,2.7,96.2,0.578,1,2,6,6,0
2021-22,MIN,Western,7,46,36,0.561,2.63,-0.1,2.53,114.3,111.7,2.6,100.9,0.573,1,1,2,4,0
2021-22,DEN,Western,6,48,34,0.585,2.3,-0.15,2.16,114.5,112.1,2.4,97.8,0.59,1,1,1,4,0
2021-22,TOR,Eastern,5,48,34,0.585,2.29,0.08,2.38,112.9,110.5,2.4,96.0,0.543,1,1,2,4,0
2021-22,CLE,Eastern,8,44,38,0.537,2.12,-0.08,2.04,111.9,109.7,2.2,96.1,0.571,0,0,0,0,0
2021-22,ATL,Eastern,9,43,39,0.524,1.56,-0.01,1.55,116.5,114.9,1.6,97.7,0.581,1,1,1,4,0
2021-22,BKN,Eastern,7,44,38,0.537,0.78,0.04,0.82,113.6,112.8,0.8,99.0,0.576,1,1,0,4,0
2021-22,CHA,Eastern,10,43,39,0.524,0.44,0.09,0.53,114.1,113.7,0.4,100.0,0.572,0,0,0,0,0
2021-22,SAS,Western,10,34,48,0.415,0.12,-0.1,0.02,112.4,112.3,0.1,100.0,0.556,0,0,0,0,0
2021-22,LAC,Western,8,42,40,0.512,0.02,0.06,0.09,110.1,110.1,0.0,98.0,0.564,0,0,0,0,0
2021-22,NYK,Eastern,11,37,45,0.451,-0.12,0.11,-0.01,110.4,110.5,-0.1,95.9,0.55,0,0,0,0,0
2021-22,CHI,Eastern,6,46,36,0.561,-0.39,0.02,-0.38,113.2,113.6,-0.4,98.3,0.579,1,1,1,4,0
2021-22,NOP,Western,9,36,46,0.439,-0.99,0.15,-0.84,112.0,113.0,-1.0,97.2,0.557,1,1,2,4,0
2021-22,LAL,Western,11,33,49,0.402,-3.05,-0.03,-3.08,110.3,113.3,-3.0,100.1,0.567,0,0,0,0,0
2021-22,WAS,Eastern,12,35,47,0.427,-3.38,0.15,-3.23,111.1,114.5,-3.4,97.0,0.568,0,0,0,0,0
2021-22,IND,Eastern,13,25,57,0.305,-3.48,0.22,-3.26,112.6,116.1,-3.5,98.0,0.564,0,0,0,0,0
2021-22,SAC,Western,12,30,52,0.366,-5.46,0.2,-5.26,109.9,115.3,-5.4,99.8,0.561,0,0,0,0,0
2021-22,DET,Eastern,14,23,59,0.28,-7.72,0.37,-7.36,106.0,113.8,-7.8,98.4,0.533,0,0,0,0,0
2021-22,ORL,Eastern,15,22,60,0.268,-8.0,0.33,-7.67,104.5,112.5,-8.0,99.2,0.538,0,0,0,0,0
2021-22,OKC,Western,14,24,58,0.293,-8.1,0.2,-7.9,104.6,112.8,-8.2,98.6,0.53,0,0,0,0,0
2021-22,HOU,Western,15,20,62,0.244,-8.48,0.22,-8.26,108.4,116.7,-8.3,100.9,0.565,0,0,0,0,0
2021-22,POR,Western,13,27,55,0.329,-8.88,0.33,-8.55,107.8,116.9,-9.1,98.3,0.55,0,0,0,0,0
2022-23,BOS,Eastern,2,57,25,0.695,6.52,-0.15,6.38,118.0,111.5,6.5,98.5,0.6,1,3,11,9,0
2022-23,CLE,Eastern,4,51,31,0.622,5.38,-0.15,5.23,116.1,110.6,5.5,95.7,0.59,1,1,1,4,0
2022-23,PHI,Eastern,3,54,28,0.659,4.32,0.06,4.37,117.7,113.3,4.4,96.9,0.608,1,2,7,4,0
2022-23,MEM,Western,2,51,31,0.622,3.94,-0.34,3.6,115.1,111.2,3.9,101.1,0.57,1,1,2,4,0
2022-23,MIL,Eastern,1,58,24,0.707,3.63,-0.02,3.61,115.4,111.9,3.5,100.5,0.583,1,1,1,4,0
2022-23,DEN,Western,1,53,29,0.646,3.33,-0.29,3.04,117.6,114.2,3.4,98.1,0.601,1,5,16,4,1
2022-23,NYK,Eastern,5,47,35,0.573,2.93,0.06,2.99,117.8,114.8,3.0,97.1,0.577,1,2,6,5,0
2022-23,SAC,Western,3,48,34,0.585,2.65,-0.35,2.3,119.4,116.8,2.6,100.3,0.608,1,1,3,4,0
2022-23,PHX,Western,4,45,37,0.549,2.07,0.01,2.08,115.1,113.0,2.1,98.2,0.57,1,2,6,5,0
2022-23,NOP,Western,9,42,40,0.512,1.89,-0.26,1.63,114.4,112.5,1.9,99.1,0.582,0,0,0,0,0
2022-23,GSW,Western,6,44,38,0.537,1.8,-0.15,1.66,116.1,114.4,1.7,101.6,0.6,1,2,6,7,0
2022-23,TOR,Eastern,9,41,41,0.5,1.48,0.12,1.59,115.5,114.0,1.5,97.1,0.555,0,0,0,0,0
2022-23,CHI,Eastern,10,40,42,0.488,1.29,0.07,1.37,113.5,112.2,1.3,98.5,0.587,0,0,0,0,0
2022-23,OKC,Western,10,40,42,0.488,1.09,-0.12,0.96,115.2,114.2,1.0,101.1,0.57,0,0,0,0,0
2022-23,BKN,Eastern,6,45,37,0.549,0.85,0.18,1.03,115.0,114.1,0.9,98.3,0.598,1,1,0,4,0
2022-23,LAL,Western,7,43,39,0.524,0.57,-0.15,0.43,114.5,113.9,0.6,101.3,0.582,1,3,8,8,0
2022-23,LAC,Western,5,44,38,0.537,0.5,-0.19,0.31,115.0,114.5,0.5,98.0,0.588,1,1,1,4,0
2022-23,ATL,Eastern,8,41,41,0.5,0.29,0.02,0.32,116.6,116.3,0.3,100.7,0.579,1,1,2,4,0
2022-23,DAL,Western,11,38,44,0.463,0.07,-0.22,-0.14,116.8,116.7,0.1,96.6,0.599,0,0,0,0,0
2022-23,MIN,Western,8,42,40,0.512,-0.04,-0.18,-0.22,113.7,113.8,-0.1,101.0,0.592,1,1,1,4,0
2022-23,MIA,Eastern,7,44,38,0.537,-0.32,0.18,-0.13,113.0,113.3,-0.3,96.3,0.574,1,4,13,10,0
2022-23,UTA,Western,12,37,45,0.451,-0.94,-0.09,-1.03,115.8,116.7,-0.9,100.5,0.584,0,0,0,0,0
2022-23,WAS,Eastern,12,35,47,0.427,-1.21,0.15,-1.06,114.4,115.6,-1.2,98.6,0.585,0,0,0,0,0
2022-23,ORL,Eastern,13,34,48,0.415,-2.56,0.17,-2.39,111.6,114.2,-2.6,99.3,0.573,0,0,0,0,0
2022-23,IND,Eastern,11,35,47,0.427,-3.18,0.28,-2.91,114.6,117.7,-3.1,101.1,0.581,0,0,0,0,0
2022-23,POR,Western,13,33,49,0.402,-4.01,0.05,-3.96,114.8,118.8,-4.0,98.6,0.589,0,0,0,0,0
2022-23,CHA,Eastern,14,27,55,0.329,-6.24,0.35,-5.89,109.2,115.3,-6.1,100.8,0.55,0,0,0,0,0
2022-23,HOU,Western,14,22,60,0.268,-7.85,0.24,-7.62,111.4,119.3,-7.9,99.0,0.554,0,0,0,0,0
2022-23,DET,Eastern,15,17,65,0.207,-8.22,0.49,-7.73,110.7,118.9,-8.2,99.0,0.561,0,0,0,0,0
2022-23,SAS,Western,15,22,60,0.268,-10.04,0.22,-9.82,110.2,120.0,-9.8,101.6,0.554,0,0,0,0,0
2023-24,BOS,Eastern,1,64,18,0.78,11.34,-0.6,10.75,123.2,111.6,11.6,97.2,0.609,1,5,16,3,1
2023-24,OKC,Western,1,57,25,0.695,7.41,-0.05,7.36,119.5,112.1,7.4,99.8,0.608,1,2,6,4,0
2023-24,MIN,Western,3,56,26,0.683,6.45,-0.07,6.39,115.6,109.0,6.6,97.1,0.594,1,3,9,7,0
2023-24,DEN,Western,2,57,25,0.695,5.26,-0.03,5.23,118.5,113.0,5.5,96.8,0.589,1,2,7,5,0
2023-24,NYK,Eastern,2,50,32,0.61,4.59,-0.23,4.36,118.2,113.4,4.8,95.2,0.574,1,2,7,6,0
2023-24,NOP,Western,7,49,33,0.598,4.41,0.05,4.46,117.4,112.9,4.5,97.9,0.591,1,1,0,4,0
2023-24,LAC,Western,4,51,31,0.622,3.28,0.13,3.41,118.8,115.4,3.4,97.2,0.599,1,1,2,4,0
2023-24,PHI,Eastern,7,47,35,0.573,3.05,-0.54,2.51,116.9,113.8,3.1,97.5,0.574,1,1,2,4,0
2023-24,PHX,Western,6,49,33,0.598,3.06,0.02,3.08,117.6,114.6,3.0,98.3,0.603,1,1,0,4,0
2023-24,IND,Eastern,6,47,35,0.573,3.05,-0.3,2.75,121.0,118.0,3.0,101.7,0.606,1,3,8,9,0
2023-24,GSW,Western,10,46,36,0.561,2.61,0.16,2.77,117.8,115.2,2.6,99.2,0.586,0,0,0,0,0
2023-24,MIL,Eastern,3,49,33,0.598,2.62,-0.18,2.44,118.4,115.8,2.6,99.9,0.601,1,1,2,4,0
2023-24,CLE,Eastern,4,48,34,0.585,2.41,-0.44,1.98,115.2,112.7,2.5,97.2,0.586,1,2,5,7,0
2023-24,DAL,Western,5,50,32,0.61,2.21,0.09,2.3,117.6,115.4,2.2,100.1,0.592,1,4,13,9,0
2023-24,ORL,Eastern,5,47,35,0.573,2.02,-0.55,1.48,113.4,111.3,2.1,96.9,0.577,1,1,3,4,0
2023-24,MIA,Eastern,8,46,36,0.561,1.76,-0.66,1.1,114.0,112.2,1.8,96.2,0.578,1,1,1,4,0
2023-24,SAC,Western,9,46,36,0.561,1.74,0.55,2.29,116.9,115.2,1.7,98.8,0.582,0,0,0,0,0
2023-24,HOU,Western,11,41,41,0.5,1.12,0.12,1.24,114.5,113.4,1.1,99.0,0.565,0,0,0,0,0
2023-24,LAL,Western,8,47,35,0.573,0.6,0.48,1.07,115.9,115.3,0.6,100.9,0.601,1,1,1,4,0
2023-24,CHI,Eastern,9,39,43,0.476,-1.44,-0.33,-1.77,114.9,116.3,-1.4,96.3,0.568,0,0,0,0,0
2023-24,ATL,Eastern,10,36,46,0.439,-2.18,-0.19,-2.38,117.2,119.4,-2.2,100.1,0.576,0,0,0,0,0
2023-24,BKN,Eastern,11,32,50,0.39,-2.89,-0.13,-3.02,113.2,116.1,-2.9,96.9,0.561,0,0,0,0,0
2023-24,UTA,Western,12,31,51,0.378,-4.89,0.68,-4.22,115.5,120.4,-4.9,99.5,0.579,0,0,0,0,0
2023-24,SAS,Western,14,22,60,0.268,-6.49,0.69,-5.8,110.0,116.4,-6.4,101.1,0.563,0,0,0,0,0
2023-24,TOR,Eastern,12,25,57,0.305,-6.44,-0.01,-6.45,112.3,118.8,-6.5,99.4,0.566,0,0,0,0,0
2023-24,MEM,Western,13,27,55,0.329,-7.0,0.43,-6.57,107.2,114.3,-7.1,98.2,0.543,0,0,0,0,0
2023-24,DET,Eastern,15,14,68,0.171,-9.11,0.05,-9.06,109.7,118.8,-9.1,99.8,0.562,0,0,0,0,0
2023-24,WAS,Eastern,14,15,67,0.183,-9.29,0.0,-9.29,110.5,119.6,-9.1,102.7,0.567,0,0,0,0,0
2023-24,POR,Western,15,21,61,0.256,-9.02,0.74,-8.29,108.3,117.5,-9.2,97.2,0.539,0,0,0,0,0
2023-24,CHA,Eastern,13,21,61,0.256,-10.24,0.13,-10.12,109.3,119.8,-10.5,97.3,0.56,0,0,0,0,0
2024-25,OKC,Western,1,68,14,0.829,12.87,-0.16,12.7,120.3,107.5,12.8,100.0,0.593,1,5,16,7,1
2024-25,BOS,Eastern,2,61,21,0.744,9.11,-0.83,8.28,120.6,111.1,9.5,95.7,0.591,1,2,6,5,0
2024-25,CLE,Eastern,1,64,18,0.78,9.54,-0.73,8.81,121.7,112.2,9.5,99.8,0.607,1,2,5,4,0
2024-25,MIN,Western,6,49,33,0.598,5.0,0.15,5.15,116.6,111.5,5.1,97.3,0.588,1,3,9,6,0
2024-25,LAC,Western,5,50,32,0.61,4.66,0.18,4.84,115.1,110.3,4.8,97.5,0.589,1,1,3,4,0
2024-25,MEM,Western,8,48,34,0.585,4.85,-0.06,4.79,117.7,113.0,4.7,103.3,0.588,1,1,0,4,0
2024-25,HOU,Western,2,52,30,0.634,4.51,0.45,4.97,115.3,110.8,4.5,98.6,0.553,1,1,3,4,0
2024-25,NYK,Eastern,3,51,31,0.622,4.1,-0.51,3.59,118.5,114.3,4.2,96.7,0.589,1,3,10,8,0
2024-25,DEN,Western,4,50,32,0.61,3.89,0.08,3.97,119.9,116.0,3.9,99.8,0.604,1,2,7,7,0
2024-25,GSW,Western,7,48,34,0.585,3.3,0.25,3.56,115.0,111.7,3.3,98.7,0.568,1,2,5,7,0
2024-25,MIL,Eastern,5,48,34,0.585,2.48,-0.36,2.12,115.9,113.4,2.5,99.3,0.598,1,1,1,4,0
2024-25,IND,Eastern,4,50,32,0.61,2.23,-0.55,1.68,116.5,114.3,2.2,99.9,0.594,1,4,15,8,0
2024-25,DET,Eastern,6,44,38,0.537,1.9,-0.17,1.73,115.0,113.1,1.9,99.8,0.58,1,1,2,4,0
2024-25,LAL,Western,3,50,32,0.61,1.22,0.23,1.45,115.9,114.7,1.2,97.6,0.593,1,1,1,4,0
2024-25,MIA,Eastern,10,37,45,0.451,0.56,-0.45,0.11,113.5,112.9,0.6,96.2,0.576,1,1,0,4,0
2024-25,SAC,Western,9,40,42,0.488,0.48,0.11,0.58,116.7,116.2,0.5,98.2,0.582,0,0,0,0,0
2024-25,ORL,Eastern,7,41,41,0.5,-0.12,-0.58,-0.7,109.4,109.6,-0.2,96.1,0.55,1,1,1,4,0
2024-25,ATL,Eastern,8,40,42,0.488,-1.13,-0.28,-1.41,114.6,115.7,-1.1,102.6,0.579,0,0,0,0,0
2024-25,DAL,Western,10,39,43,0.476,-1.2,0.46,-0.74,114.8,116.0,-1.2,99.2,0.583,0,0,0,0,0
2024-25,CHI,Eastern,9,39,43,0.476,-1.56,-0.27,-1.83,114.1,115.6,-1.5,102.8,0.585,0,0,0,0,0
2024-25,SAS,Western,13,34,48,0.415,-2.76,0.31,-2.45,114.4,117.2,-2.8,99.3,0.575,0,0,0,0,0
2024-25,POR,Western,12,36,46,0.439,-2.98,0.31,-2.67,111.7,114.7,-3.0,98.8,0.555,0,0,0,0,0
2024-25,PHX,Western,11,36,46,0.439,-3.0,0.45,-2.55,116.2,119.3,-3.1,97.1,0.595,0,0,0,0,0
2024-25,TOR,Eastern,11,30,52,0.366,-4.29,-0.11,-4.4,110.5,114.8,-4.3,99.7,0.553,0,0,0,0,0
2024-25,PHI,Eastern,13,24,58,0.293,-6.23,-0.06,-6.29,111.9,118.2,-6.3,97.4,0.563,0,0,0,0,0
2024-25,BKN,Eastern,12,26,56,0.317,-7.11,0.16,-6.95,108.5,115.8,-7.3,96.4,0.552,0,0,0,0,0
2024-25,UTA,Western,15,17,65,0.207,-9.34,0.83,-8.51,111.2,120.4,-9.2,100.0,0.568,0,0,0,0,0
2024-25,CHA,Eastern,14,19,63,0.232,-9.11,0.01,-9.1,107.3,116.6,-9.3,97.6,0.537,0,0,0,0,0
2024-25,NOP,Western,14,21,61,0.256,-9.43,0.84,-8.59,110.4,119.9,-9.5,99.1,0.552,0,0,0,0,0
2024-25,WAS,Eastern,15,18,64,0.22,-12.44,0.3,-12.14,106.8,119.1,-12.3,100.9,0.546,0,0,0,0,0
2025-26,OKC,Western,1,64,18,0.78,11.15,-0.11,11.04,118.9,107.7,11.2,99.3,0.599,1,3,11,4,0
2025-26,SAS,Western,2,62,20,0.756,8.3,-0.03,8.28,119.6,111.3,8.3,99.9,0.595,1,4,13,10,0
2025-26,DET,Eastern,1,60,22,0.732,8.16,-0.63,7.53,117.9,109.7,8.2,99.3,0.583,1,2,7,7,0
2025-26,BOS,Eastern,2,56,26,0.683,7.7,-0.33,7.37,120.8,112.7,8.1,94.8,0.583,1,1,3,4,0
2025-26,NYK,Eastern,3,53,29,0.646,6.33,-0.28,6.05,119.8,113.3,6.5,96.8,0.59,1,5,16,3,1
2025-26,HOU,Western,5,52,30,0.634,5.22,-0.35,4.87,118.6,113.2,5.4,96.1,0.576,1,1,2,4,0
2025-26,DEN,Western,3,54,28,0.659,5.15,-0.17,4.97,122.6,117.4,5.2,98.4,0.616,1,1,2,4,0
2025-26,CHA,Eastern,9,44,38,0.537,4.83,-0.35,4.48,119.4,114.4,5.0,96.8,0.589,0,0,0,0,0
2025-26,CLE,Eastern,4,52,30,0.634,4.11,-0.34,3.78,119.2,115.1,4.1,99.9,0.595,1,3,8,10,0
2025-26,MIN,Western,6,49,33,0.598,3.35,-0.28,3.07,116.8,113.5,3.3,100.5,0.592,1,2,6,6,0
2025-26,TOR,Eastern,5,46,36,0.561,2.83,-0.08,2.75,115.9,113.0,2.9,98.4,0.581,1,1,3,4,0
2025-26,ATL,Eastern,6,46,36,0.561,2.41,-0.03,2.38,116.1,113.7,2.4,101.7,0.584,1,1,2,4,0
2025-26,MIA,Eastern,10,43,39,0.524,2.33,0.02,2.35,116.7,114.5,2.2,103.4,0.58,0,0,0,0,0
2025-26,LAL,Western,4,53,29,0.646,1.76,-0.07,1.68,118.2,116.4,1.8,98.3,0.609,1,2,4,6,0
2025-26,PHX,Western,7,45,37,0.549,1.46,0.28,1.75,115.4,113.9,1.5,97.2,0.568,1,1,0,4,0
2025-26,LAC,Western,9,42,40,0.512,1.13,-0.17,0.96,117.3,116.1,1.2,96.5,0.602,0,0,0,0,0
2025-26,ORL,Eastern,8,45,37,0.549,0.63,0.17,0.81,114.9,114.3,0.6,100.0,0.576,1,1,3,4,0
2025-26,PHI,Eastern,7,45,37,0.549,-0.18,-0.09,-0.27,115.4,115.5,-0.1,99.4,0.572,1,2,4,7,0
2025-26,POR,Western,8,42,40,0.512,-0.29,0.01,-0.29,114.4,114.7,-0.3,100.5,0.57,1,1,1,4,0
2025-26,GSW,Western,10,37,45,0.451,-0.56,0.22,-0.34,115.0,115.6,-0.6,99.0,0.584,0,0,0,0,0
2025-26,NOP,Western,11,26,56,0.317,-4.5,0.24,-4.26,114.4,118.9,-4.5,100.3,0.568,0,0,0,0,0
2025-26,CHI,Eastern,12,31,51,0.378,-5.21,0.12,-5.09,113.0,118.1,-5.1,102.5,0.58,0,0,0,0,0
2025-26,DAL,Western,12,26,56,0.317,-5.51,0.18,-5.33,111.2,116.5,-5.3,101.7,0.564,0,0,0,0,0
2025-26,MEM,Western,13,25,57,0.305,-6.01,0.18,-5.83,112.9,118.8,-5.9,101.3,0.57,0,0,0,0,0
2025-26,MIL,Eastern,11,32,50,0.39,-6.21,0.09,-6.12,112.9,119.3,-6.4,97.6,0.589,0,0,0,0,0
2025-26,IND,Eastern,14,19,63,0.232,-7.99,0.35,-7.64,110.9,118.8,-7.9,101.0,0.568,0,0,0,0,0
2025-26,UTA,Western,15,22,60,0.268,-8.43,0.38,-8.05,114.1,122.3,-8.2,102.3,0.575,0,0,0,0,0
2025-26,SAC,Western,14,22,60,0.268,-10.0,0.42,-9.58,111.4,121.5,-10.1,99.2,0.56,0,0,0,0,0
2025-26,BKN,Eastern,13,20,62,0.244,-9.99,0.29,-9.7,108.7,119.0,-10.3,97.1,0.559,0,0,0,0,0
2025-26,WAS,Eastern,15,17,65,0.207,-11.98,0.36,-11.62,111.0,122.7,-11.7,101.4,0.566,0,0,0,0,0
