season,team,rank,record,players_active,avg_age,total_cap_allocations,cap_space,active_payroll,active_top3,dead_cap
2014-15,MIL,1,15-67,16,24.6,55114481,7950519,44560189,21100000,10554292
2014-15,ATL,2,38-44,15,27.3,58328957,4736043,57245276,29500000,1083681
2014-15,ORL,3,23-59,15,24.9,58830518,4234482,41311716,18057288,14705259
2014-15,UTA,4,25-57,15,23.5,58905618,4159382,47940340,32696000,10965278
2014-15,PHX,5,48-34,16,26.1,60237268,2827732,55464385,27275000,4772883
2014-15,BOS,6,25-57,15,24.7,60403234,2661766,52905065,24535472,7498169
2014-15,PHI,7,19-63,16,23.9,60466222,2598778,34387296,15411341,22445040
2014-15,DET,8,29-53,15,26.9,63871995,-806995,49558917,21707865,14313078
2014-15,CHA,9,43-39,16,25.4,65680052,-2615052,64710971,29500000,969081
2014-15,DEN,10,36-46,15,25.1,65829749,-2764749,53359369,29208269,2782985
2014-15,CHI,11,48-34,15,28.6,67432537,-4367537,67099204,39562876,333333
2014-15,MIN,12,40-42,16,25.5,68835033,-5770033,64182806,30892500,3736984
2014-15,LAL,13,27-55,16,26.1,70374042,-7309042,59483328,40874646,10890714
2014-15,NOP,14,34-48,14,25.5,71528838,-8463838,68280315,36068849,2133280
2014-15,SAS,15,62-20,15,28.9,72188326,-9123326,69028330,32111446,1350903
2014-15,POR,16,54-28,16,27.0,73909998,-10844998,72964755,36661057,30000
2014-15,HOU,17,54-28,16,27.4,74050249,-10985249,71004520,44744204,3045729
2014-15,WAS,18,44-38,16,28.5,74417924,-11352924,72952787,38180782,549894
2014-15,DAL,19,49-33,16,29.6,75014621,-11949621,72183738,42455977,2830883
2014-15,SAC,20,28-54,15,26.7,75324906,-12259906,73061908,40563326,1114835
2014-15,MEM,21,50-32,15,27.5,75675569,-12610569,73989079,41529688,771247
2014-15,MIA,22,54-28,16,28.2,75966404,-12901404,75084575,45358861,881829
2014-15,IND,23,56-26,15,27.8,75998942,-12933942,74798942,42824618,
2014-15,TOR,24,48-34,15,25.9,77011766,-13946766,75424914,29100000,671609
2014-15,OKC,25,59-23,15,25.3,79706876,-16641876,77876390,47064686,915243
2014-15,GSW,26,51-31,15,26.7,80391141,-17326141,71881167,40274517,703926
2014-15,CLE,27,33-49,15,28.0,81377634,-18312634,80811761,46068008,565873
2014-15,LAC,28,57-25,15,28.6,82909773,-19844773,77554797,49183299,3074976
2014-15,NYK,29,37-45,15,26.0,84197750,-21132750,54410045,41055592,26219583
2014-15,BKN,30,44-38,15,26.9,92047946,-28982946,88024730,58654318,404445
2015-16,NYK,1,17-65,12,27.4,59812260,10187740,59283244,38277812,529016
2015-16,ORL,2,25-57,15,24.6,64462856,5537144,61108745,27494497,3354111
2015-16,UTA,3,38-44,15,24.1,64817873,5182127,63160091,36873054,1657782
2015-16,PHI,4,18-64,15,24.1,65500677,4499323,31052215,15709640,31372562
2015-16,POR,5,51-31,15,24.6,66562366,3437634,48301816,21023697,14185050
2015-16,MIL,6,41-41,15,24.3,70579512,-579512,68656240,39107500,1923272
2015-16,ATL,7,60-22,15,27.7,71407945,-1407945,71332945,39471659,75000
2015-16,DEN,8,30-52,15,25.3,71448753,-1448753,60186706,35685393,11262047
2015-16,IND,9,38-44,15,25.9,72413726,-2413726,66751826,35420106,5661900
2015-16,SAC,10,29-53,15,26.4,72671296,-2671296,71733666,37755051,937630
2015-16,MIN,11,16-66,14,25.9,72747407,-2747407,59841104,33300000,10811751
2015-16,LAL,12,21-61,15,27.1,73112648,-3112648,71770430,47592216,194942
2015-16,PHX,13,39-43,14,25.6,73443637,-3443637,63389393,40000000,10054244
2015-16,DAL,14,50-32,15,29.5,74044137,-4044137,71198732,40102334,1898129
2015-16,TOR,15,49-33,15,25.6,74216787,-4216787,71217611,35750000,1097276
2015-16,DET,16,32-50,14,25.9,75603690,-5603690,66217330,36413043,9386360
2015-16,BOS,17,40-42,15,24.3,79441671,-9441671,58250334,26643206,18916337
2015-16,CHA,18,33-49,15,25.9,80426916,-10426916,78340920,38625307,191444
2015-16,NOP,19,45-37,18,26.5,81425760,-11425760,80164538,36844124,1261222
2015-16,BKN,20,38-44,15,25.2,81451123,-11451123,51712738,37224955,28791109
2015-16,MIA,21,37-45,15,28.5,84619637,-14619637,82539172,56975730,2080465
2015-16,MEM,22,55-27,16,28.5,85476595,-15476595,76017172,38915981,7364871
2015-16,WAS,23,46-36,15,27.5,87133390,-17133390,76328636,40069341,7962926
2015-16,SAS,24,55-27,15,31.2,87594996,-17594996,85192733,49534000,2402263
2015-16,HOU,25,56-26,15,26.6,88387446,-18387446,75204953,46345177,13182493
2015-16,OKC,26,45-37,15,26.9,94712574,-24712574,93765298,53310340,
2015-16,LAC,27,56-26,15,29.1,99997773,-29997773,94554340,60065421,1586184
2015-16,CHI,28,50-32,18,26.6,102184130,-32184130,101850797,49900564,333333
2015-16,GSW,29,67-15,15,27.3,104731006,-34731006,88868997,43561870,6908685
2015-16,CLE,30,53-29,15,28.5,107975670,-37975670,106997506,59067000,30888
2016-17,MIN,1,29-53,14,25.1,71566819,22576181,59494555,27225579,10111402
2016-17,UTA,2,40-42,15,26.2,80498192,13644808,80223192,38123140,275000
2016-17,DEN,3,33-49,15,25.8,82581936,11561064,78416141,38361798,4165795
2016-17,BKN,4,21-61,15,25.5,83730005,10412995,65405906,41898929,18324099
2016-17,PHX,5,23-59,15,25.4,85055253,9087747,72521524,39021250,12533729
2016-17,PHI,6,10-72,16,24.4,89003631,5139369,61656754,26974084,24160495
2016-17,HOU,7,41-41,15,26.2,90968493,3174507,87526799,57660827,3441694
2016-17,OKC,8,55-27,15,25.8,92320380,1822620,86981364,52635938,4358585
2016-17,MIL,9,33-49,15,24.9,92676330,1466670,89531619,44613444,3144711
2016-17,BOS,10,48-34,15,25.3,93035161,1107839,91484921,46809763,1550240
2016-17,CHI,11,42-40,15,25.8,93175538,967462,92681038,55356361,494500
2016-17,IND,12,45-37,15,26.7,94002004,140996,85614337,43231684,8387667
2016-17,LAL,13,17-65,15,25.5,94204120,-61120,85639596,46500000,8564524
2016-17,ATL,14,48-34,15,28.0,95563799,-1420799,92928845,58982646,2634954
2016-17,SAC,15,33-49,15,25.9,95667032,-1524032,87859206,36494619,7807826
2016-17,GSW,16,73-9,15,27.7,100241842,-6098842,97520106,58534110,2721736
2016-17,NOP,17,30-52,15,25.9,101417816,-7274816,94322677,50361168,7095139
2016-17,MIA,18,48-34,15,27.1,101820405,-7677405,96523509,61749535,5296896
2016-17,CHA,19,48-34,15,25.9,102036240,-7893240,100201483,46369565,1834757
2016-17,WAS,20,41-41,15,25.5,102337716,-8194716,100785911,55018804,1551805
2016-17,NYK,21,32-50,14,26.3,102613433,-8470433,79595502,57124632,6017931
2016-17,DAL,22,42-40,15,26.9,104083711,-9940711,92128049,64262588,11955662
2016-17,ORL,23,35-47,15,25.2,104294550,-10151550,102595191,49000000,1699359
2016-17,DET,24,44-38,15,25.5,107901937,-13758937,102503259,54273272,5398678
2016-17,SAS,25,67-15,15,28.9,108372141,-14229141,104866760,53713068,3505381
2016-17,MEM,26,42-40,15,27.4,110869863,-16726863,108352164,69822525,2517699
2016-17,TOR,27,56-26,16,25.5,111777477,-17634477,108688646,55122122,206500
2016-17,POR,28,44-38,15,24.4,112845578,-18702578,110932233,59221868,1913345
2016-17,LAC,29,53-29,15,29.5,118011825,-23868825,113657568,64505841,1412964
2016-17,CLE,30,57-25,15,29.6,127570594,-33427594,125131982,69767188,1458181
2017-18,DAL,1,33-49,15,26.3,85147033,13945967,77926451,49999304,7220582
2017-18,CHI,2,41-41,15,24.4,90105625,8987375,63826969,32227505,26278656
2017-18,PHX,3,24-58,15,24.1,92518634,6574366,73955365,36618750,18563269
2017-18,IND,4,42-40,15,25.1,93661969,5431031,90081320,46296348,3580649
2017-18,ORL,5,29-53,15,25.6,95538311,3554689,94946559,46250000,591752
2017-18,BKN,6,20-62,15,25.0,95964560,3128440,88965468,49412500,6999092
2017-18,SAC,7,32-50,15,25.7,97154206,1938794,77725702,32115385,17957122
2017-18,PHI,8,28-54,15,25.3,100020936,-927936,89638648,50698103,10382288
2017-18,ATL,9,43-39,15,24.6,100108457,-1015457,67426026,44910113,32682431
2017-18,NYK,10,31-51,15,25.6,104405156,-5312156,98086116,54831801,6319040
2017-18,MIA,11,41-41,16,26.7,105065917,-5972917,103753306,54729956,1312611
2017-18,LAL,12,26-56,15,24.9,105120157,-6027157,93848506,57578244,8328887
2017-18,MIN,13,31-51,15,26.9,105179927,-6086927,102581006,52413430,2598921
2017-18,DEN,14,40-42,16,26.1,106515203,-7422203,101779153,57731675,4736050
2017-18,UTA,15,51-31,15,25.9,106862254,-7769254,103837783,50386083,3024471
2017-18,MEM,16,43-39,15,25.7,112723222,-13630222,100033826,74284962,9868899
2017-18,BOS,17,53-29,16,25.1,115075693,-15982693,114825547,76330930,250146
2017-18,MIL,18,42-40,15,25.2,116214360,-17121360,100039227,51071910,16175133
2017-18,SAS,19,61-21,15,28.1,117624936,-18531936,113237104,56329635,2916450
2017-18,HOU,20,55-27,15,28.8,118271451,-19178451,114484312,72477312,3787139
2017-18,LAC,21,51-31,15,26.6,118817049,-19724049,116141747,59201949,2675302
2017-18,DET,22,37-45,15,26.1,118897722,-19804722,113040993,69503406,5856729
2017-18,POR,23,41-41,15,24.4,119265261,-20172261,114016865,67246777,5248396
2017-18,TOR,24,51-31,15,25.1,119956468,-20863468,115391026,76505407,1192160
2017-18,CHA,25,36-46,14,25.6,120170928,-21077928,117228164,59103533,
2017-18,NOP,26,34-48,15,26.7,120284741,-21191741,115907328,67526023,2906031
2017-18,WAS,27,49-33,15,27.3,124114043,-25021043,122840421,66612606,1273622
2017-18,OKC,28,47-35,15,26.8,134391728,-35298728,130477891,77246278,2442455
2017-18,GSW,29,67-15,15,27.9,136843128,-37750128,132955238,77508700,2416508
2017-18,CLE,30,51-31,15,28.4,140394596,-41301596,135777082,75928059,203368
2018-19,DAL,1,24-58,15,27.3,87760060,14108940,73673600,41085157,14086460
2018-19,ATL,2,24-58,15,25.0,103572575,-1703575,62166838,37789887,41405737
2018-19,SAC,3,27-55,15,24.7,104038467,-2169467,92249525,45330217,11788942
2018-19,LAL,4,35-47,15,25.8,105333698,-3464698,90827159,56654150,14506539
2018-19,PHX,5,21-61,15,24.1,108453793,-6584793,68854080,39160530,39599713
2018-19,IND,6,48-34,15,25.9,110579462,-8710462,99581987,47164045,10997475
2018-19,PHI,7,52-30,15,26.1,111962081,-10093081,107554205,60713029,4407876
2018-19,CHI,8,27-55,15,23.6,112014084,-10145084,93010122,59869663,19003962
2018-19,UTA,9,48-34,15,26.8,114837858,-12968858,113394016,55366573,
2018-19,NOP,10,48-34,15,24.9,116073210,-14204210,98806475,63663302,15721784
2018-19,BKN,11,28-54,15,25.1,117571620,-15702620,77805720,43430000,39765900
2018-19,ORL,12,25-57,15,25.0,117760938,-15891938,112686749,54590909,1984287
2018-19,LAC,13,42-40,14,25.8,118570700,-16701700,83224562,42388141,35346138
2018-19,DEN,14,46-36,15,24.2,119128560,-17259560,117237539,71215876,346070
2018-19,MIN,15,47-35,16,26.9,121862669,-19993669,117381186,59638037,2966936
2018-19,NYK,16,29-53,15,23.6,123265800,-21396800,62775458,36516850,60490342
2018-19,CLE,17,50-32,15,25.6,123699800,-21830800,122179119,56308590,1520681
2018-19,MIL,18,44-38,15,27.2,123913271,-22044271,114955757,58157303,7412563
2018-19,MEM,19,22-60,16,26.1,124214557,-22345557,119619058,71167699,2419239
2018-19,CHA,20,36-46,15,25.8,124672166,-22803166,121810182,55087500,
2018-19,DET,21,39-43,15,26.5,124996010,-23127010,116292254,74566673,7189209
2018-19,SAS,22,47-35,15,26.5,126132717,-24263717,101438941,61658419,20306394
2018-19,MIA,23,44-38,15,27.3,126261568,-24392568,122642402,63964984,473695
2018-19,WAS,24,43-39,15,26.3,126590911,-24721911,115804428,64604063,7696581
2018-19,BOS,25,55-27,15,25.8,128794955,-26925955,125326738,80242192,178315
2018-19,HOU,26,65-17,15,27.0,128871987,-27002987,120917793,79869107,1017401
2018-19,POR,27,49-33,15,24.9,133096018,-31227018,128004910,71606307,5091108
2018-19,OKC,28,48-34,14,25.6,147471767,-45602767,138162052,90372153,4707212
2018-19,TOR,29,59-23,15,27.1,149687828,-47818828,135460496,79933091,1970916
2018-19,GSW,30,58-24,15,27.5,154587831,-52718831,144354753,86445879,945126
2019-20,NYK,1,17-65,15,24.1,110055762,-915762,100072995,44011236,9982767
2019-20,ATL,2,29-53,15,24.9,112342555,-3202555,82576351,47229886,29766204
2019-20,CHI,3,22-60,15,24.2,113208742,-4068742,111720511,59650575,1488231
2019-20,IND,4,48-34,15,24.9,114591944,-5451944,112346544,59000000,2245400
2019-20,SAC,5,39-43,15,25.6,116865503,-7725503,112819088,55417389,4046415
2019-20,NOP,6,33-49,16,25.1,117626046,-8486046,117626046,57367411,
2019-20,BOS,7,49-33,15,24.6,119147447,-10007447,117600096,77996161,1547351
2019-20,PHX,8,19-63,15,24.1,121137310,-11997310,98370262,59110000,22767048
2019-20,LAL,9,37-45,15,28.4,122723507,-13583507,107807481,79164023,10149026
2019-20,UTA,10,50-32,15,25.5,127212555,-18072555,118918091,74520050,8294464
2019-20,CHA,11,39-43,13,24.0,127312849,-18172849,96229541,62459954,26402494
2019-20,BKN,12,42-40,16,25.8,128264668,-19124668,94820578,77607667,7854342
2019-20,PHI,13,51-31,15,25.8,130102816,-20962816,126783802,88246630,3319014
2019-20,LAC,14,48-34,14,27.5,130154932,-21014932,128442811,80747556,1712121
2019-20,MIL,15,60-22,15,28.7,130229664,-21089664,120508858,72071145,9720806
2019-20,DEN,16,54-28,15,24.9,131854274,-22714274,128613146,76143916,1620564
2019-20,MEM,17,33-49,15,24.1,132844749,-23704749,97227123,45229213,32254189
2019-20,WAS,18,32-50,15,24.8,134529412,-25389412,86766137,61649051,10431206
2019-20,CLE,19,19-63,15,24.0,135275863,-26135863,129173515,75432159,2865376
2019-20,DET,20,41-41,15,24.8,136015378,-26875378,104275681,61486571,26884239
2019-20,SAS,21,48-34,15,25.9,136184793,-27044793,111915368,68239975,11917163
2019-20,DAL,22,33-49,16,26.9,136193863,-27053863,117533566,60069797,3745842
2019-20,MIN,23,36-46,14,23.4,136248239,-27108239,113823849,73176557,19185340
2019-20,POR,24,53-29,15,24.8,137667430,-28527430,132112637,84452299,5554793
2019-20,GSW,25,57-25,13,24.6,138003598,-28863598,129628139,100478388,1893203
2019-20,MIA,26,39-43,15,26.6,138759297,-29619297,128232935,69145085,5664670
2019-20,OKC,27,49-33,15,24.7,139719723,-30579723,131676067,86964738,1736267
2019-20,TOR,28,58-24,15,25.7,142301048,-33161048,123954361,83863601,1200000
2019-20,ORL,29,42-40,15,25.8,146546422,-37406422,125365088,65013636,2098218
2019-20,HOU,30,53-29,15,29.1,151594903,-42454903,124040901,90763212,2845576
2020-21,NYK,1,21-45,15,25.4,101969879,7170121,81511334,36704687,20458545
2020-21,OKC,2,44-28,15,22.9,104570165,4569835,58973451,35511690,36223064
2020-21,SAC,3,31-41,15,24.2,106822079,2317921,93805708,56187760,11395807
2020-21,CHA,4,23-42,15,24.3,107134070,2005930,98277101,62815730,8856969
2020-21,DET,5,20-46,15,23.8,115013466,-5873466,76325187,39650000,38688279
2020-21,ATL,6,20-47,15,25.2,116695055,-7555055,115950371,55000000,744684
2020-21,ORL,7,33-40,15,24.3,118898403,-9758403,109369134,61149952,4842444
2020-21,DAL,8,43-32,15,26.2,125815404,-16675404,124194840,61456500,1620564
2020-21,CLE,9,19-46,15,23.9,126527288,-17387288,95788697,55217347,30738591
2020-21,CHI,10,22-43,15,26.0,128065350,-18925350,127968089,59045000,97261
2020-21,IND,11,45-28,15,25.7,129005732,-19865732,125044311,58500000,3961421
2020-21,HOU,12,44-28,15,26.0,129533390,-20393390,121883222,71140070,6204471
2020-21,PHX,13,34-39,15,26.4,130285572,-21145572,126329911,80844814,785285
2020-21,BOS,14,48-24,15,24.4,130767745,-21627745,127473888,75266600,3293857
2020-21,DEN,15,46-27,15,25.9,131820534,-22680534,126468408,74963374,2110998
2020-21,NOP,16,30-42,15,24.5,132616252,-23476252,131561774,73752695,1054478
2020-21,MIL,17,56-17,15,27.3,133224345,-24084345,126409299,87605923,6815046
2020-21,MEM,18,34-39,15,23.9,134245326,-25105326,96358089,39400000,34646109
2020-21,POR,19,35-39,14,25.6,135448164,-26308164,125356909,73869994,4979771
2020-21,MIA,20,44-29,15,27.9,135572405,-26432405,126766607,73379100,5564670
2020-21,LAC,21,49-23,15,27.8,137405301,-28265301,137010779,84713233,394522
2020-21,LAL,22,52-19,15,28.2,138544305,-29404305,129324500,87961566,7599241
2020-21,UTA,23,44-28,15,26.7,138998838,-29858838,135162144,79877413,770433
2020-21,TOR,24,53-19,15,26.1,143726386,-34586386,121179805,82309200,6941074
2020-21,PHI,25,43-30,15,26.9,147787869,-38647869,144302328,94460060,1864977
2020-21,SAS,26,32-39,15,25.2,150150620,-41010620,103942196,56525975,24804677
2020-21,MIN,27,19-45,14,23.6,159195461,-50055461,128979723,75117050,685340
2020-21,WAS,28,25-47,15,25.7,160772292,-51632292,125335449,85110588,4333813
2020-21,BKN,29,35-37,15,27.3,168550487,-59410487,164541070,115086720,2388853
2020-21,GSW,30,15-50,15,25.6,175825052,-66685052,168454133,107909732,888663
2021-22,OKC,1,22-50,15,23.1,90513233,21900767,47135212,21204432,33723179
2021-22,MEM,2,38-34,15,23.5,115994102,-3580102,98318869,39210321,17675233
2021-22,NYK,3,41-31,15,25.8,118396240,-5982240,108415633,50387977,9980607
2021-22,CHA,4,33-39,15,24.8,120990744,-8576744,110117912,59830263,10872832
2021-22,SAS,5,33-39,15,23.9,126419926,-14005926,79863201,40794208,46556725
2021-22,ORL,6,21-51,15,23.8,126992175,-14578175,110991562,54382143,7018792
2021-22,DET,7,20-52,15,23.9,128989131,-16575131,83561441,43509736,45427690
2021-22,POR,8,42-30,15,24.7,129526823,-17112823,115070759,70506264,7134626
2021-22,HOU,9,17-55,15,23.9,132065764,-19651764,112768849,76196325,17807850
2021-22,SAC,10,31-41,15,26.1,132576503,-20162503,126382298,66887591,3035962
2021-22,ATL,11,41-31,15,25.6,132773339,-20359339,132773339,61475000,
2021-22,CLE,12,22-50,15,25.3,133138401,-20724401,129666274,68758256,3472127
2021-22,PHX,13,51-21,15,27.7,133742329,-21328329,129977221,75083550,3765108
2021-22,NOP,14,31-41,15,25.5,134663536,-22249536,132604966,74331998,569505
2021-22,BOS,15,36-36,15,25.6,135425801,-23011801,132762560,81862429,2663241
2021-22,IND,16,34-38,15,25.1,136089712,-23675712,122438198,62773234,13651514
2021-22,CHI,17,31-41,15,25.3,136118673,-23704673,132834003,69500000,1795605
2021-22,MIA,18,40-32,15,28.4,138804919,-26390919,130080823,91103828,5385740
2021-22,DEN,19,47-25,15,26.7,138963942,-26549942,135433726,76921797,191860
2021-22,UTA,20,52-20,14,26.9,145969091,-33555091,145681301,84448328,287790
2021-22,DAL,21,42-30,15,26.8,146734486,-34320486,117318978,56621100,7431031
2021-22,TOR,22,27-45,15,24.4,149439621,-37025621,130912460,68904862,2775812
2021-22,WAS,23,34-38,15,25.2,155635311,-43221311,125963635,78413662,
2021-22,PHI,24,49-23,15,26.1,156429129,-44015129,145133832,111886180,115954
2021-22,MIL,25,46-26,15,28.1,160663369,-48249369,152275432,106016233,6718759
2021-22,LAL,26,42-30,15,28.8,160861720,-48447720,147504083,120753050,8530216
2021-22,MIN,27,23-49,15,24.5,165734220,-53320220,136155208,76156064,
2021-22,LAC,28,47-25,15,26.8,166162398,-53748398,164493220,94317707,1669178
2021-22,BKN,29,48-24,15,27.6,172820410,-60406410,157843675,110351536,11438379
2021-22,GSW,30,39-33,15,27.2,184024769,-71610769,175192325,115341076,666667
2022-23,SAS,1,34-48,15,23.9,101649048,22005952,70878022,32650000,30771026
2022-23,IND,2,25-57,15,25.8,122145349,1509651,110310554,64941619,11834795
2022-23,DET,3,23-59,15,24.2,127673493,-4018493,97376476,42602800,30297017
2022-23,MEM,4,56-26,15,23.8,127756781,-4101781,123017190,61873434,3101625
2022-23,HOU,5,20-62,15,23.9,138296534,-14641534,48379407,25389697,88279161
2022-23,ORL,6,22-60,15,23.7,139801010,-16146010,99161703,48050000,25994324
2022-23,CHA,7,43-39,15,24.1,146049640,-22394640,104845190,64161316,19827949
2022-23,UTA,8,49-33,15,25.5,147162541,-23507541,92962689,46315454,54199852
2022-23,ATL,9,43-39,15,24.1,149133740,-25478740,149028218,79303397,105522
2022-23,TOR,10,48-34,15,26.1,149260166,-25605166,144096592,74055815,5163574
2022-23,NYK,11,37-45,15,24.7,150263571,-26608571,149994034,71869332,269537
2022-23,POR,12,27-55,15,23.5,151480955,-27825955,136161044,85768921,8371799
2022-23,MIA,13,53-29,15,27.9,152766041,-29111041,149035368,96338414,58493
2022-23,CHI,14,46-36,15,25.8,153093665,-29438665,145549077,86396500,3872408
2022-23,NOP,15,36-46,15,25.4,154090191,-30435191,147340203,79683933,
2022-23,CLE,16,44-38,15,26.7,154561446,-30906446,121702948,69710046,27548352
2022-23,SAC,17,30-52,15,25.1,154815256,-31160256,134310467,69804053,2918699
2022-23,OKC,18,24-58,15,22.6,155437627,-31782627,98156672,56082768,50332843
2022-23,PHI,19,51-31,15,27.1,164391836,-40736836,149166783,104249820,404742
2022-23,BKN,20,44-38,15,26.7,164774911,-41119911,155025075,75948672,4241566
2022-23,DEN,21,48-34,15,26.8,169601210,-45946210,160688004,96181120,
2022-23,MIN,22,46-36,15,25.5,174906722,-51251722,141488618,94685814,1836090
2022-23,PHX,23,64-18,15,28.1,175806777,-52151777,172121677,108871995,211044
2022-23,BOS,24,51-31,15,27.2,176795764,-53140764,176702907,86628565,92857
2022-23,LAL,25,33-49,15,25.8,180067292,-56412292,164962692,113833458,2450094
2022-23,DAL,26,52-30,15,27.8,180090371,-56435371,172025683,95759580,1360055
2022-23,MIL,27,51-31,15,29.7,181849255,-58194255,179802121,114760248,211044
2022-23,WAS,28,35-47,15,26.1,183801576,-60146576,133790093,90112650,16216114
2022-23,LAC,29,42-40,15,28.4,193025318,-69370318,191189228,104553344,
2022-23,GSW,30,53-29,15,26.7,199320856,-75665856,188443947,122286864,58493
2023-24,UTA,1,37-45,15,23.8,131757411,4263589,123547474,66352629,8209937
2023-24,DET,2,17-65,15,24.4,136419412,-398412,84251419,42031943,52167993
2023-24,ORL,3,34-48,15,24.6,139355784,-3334784,130964229,47450000,
2023-24,SAS,4,22-60,15,22.9,140908582,-4887582,94551623,44260680,46356959
2023-24,CHA,5,27-55,15,24.2,141036011,-5015011,97074991,40305635,40357482
2023-24,HOU,6,22-60,15,26.2,145302009,-9281009,143402009,76033971,1900000
2023-24,IND,7,35-47,15,25.1,146679278,-10658278,127076533,72868408,17800976
2023-24,SAC,8,48-34,15,26.2,148693550,-12672550,145124481,78900060,3569069
2023-24,ATL,9,41-41,15,25.3,156139798,-20118798,149336848,80769506,6802950
2023-24,BKN,10,45-37,15,24.3,157982129,-21961129,139773430,84049930,11947602
2023-24,OKC,11,40-42,15,24.7,160502705,-24481705,127645232,81984025,32857473
2023-24,TOR,12,41-41,15,25.9,161887358,-25866358,138558316,65383929,21309336
2023-24,NYK,13,47-35,15,26.4,162956334,-26935334,160343147,73290506,2613187
2023-24,MEM,14,51-31,15,25.2,162996801,-26975801,135440708,79941165,25754324
2023-24,CHI,15,40-42,15,26.3,166348969,-30327969,162193482,89129337,2135781
2023-24,CLE,16,51-31,15,26.1,168250835,-32229835,160092854,87167280,4118569
2023-24,POR,17,33-49,15,23.9,171538887,-35517887,157605999,84152788,6289938
2023-24,DAL,18,38-44,15,25.6,175321021,-39300021,162282786,95998985,2348324
2023-24,NOP,19,42-40,15,25.7,176969502,-40948502,164656924,103641119,244761
2023-24,MIA,20,44-38,15,27.3,180754950,-44733950,172894063,104784020,1801769
2023-24,PHI,21,54-28,15,27.6,181909301,-45888301,161970318,106722598,2567931
2023-24,LAL,22,43-39,15,25.9,181975999,-45954999,168055994,105515123,
2023-24,DEN,23,53-29,15,26.3,184751085,-48730085,176890198,114827600,
2023-24,MIL,24,58-24,15,27.9,188285708,-52264708,182226590,120601156,
2023-24,BOS,25,57-25,15,26.1,188759360,-52738360,184845028,106236607,92857
2023-24,WAS,26,35-47,15,24.3,189901033,-53880033,132379717,67023539,15838877
2023-24,PHX,27,45-37,16,28.3,195220617,-59199617,188290459,130407223,3040870
2023-24,MIN,28,42-40,15,25.6,198497741,-62476741,164180564,101376200,348225
2023-24,LAC,29,44-38,15,28.4,202080521,-66059521,198296474,126960763,1764341
2023-24,GSW,30,44-38,15,26.9,224848124,-88827124,206814776,125935055,
2024-25,DET,1,44-38,15,25.0,141808220,-1220220,133989678,56559037,7818542
2024-25,ORL,2,41-41,15,25.3,152959238,-12371238,152959238,63257000,
2024-25,UTA,3,17-65,15,23.9,154114022,-13526022,142648013,86906400,11466009
2024-25,SAS,4,34-48,15,25.2,162809380,-22221380,155231927,83196166,7577453
2024-25,OKC,5,68-14,15,24.2,166001694,-25413694,162209242,82859950,3792452
2024-25,CHA,6,19-63,15,25.2,167423486,-26835486,152436862,80445913,14986624
2024-25,MEM,7,48-34,15,24.6,167814933,-27226933,155850296,95988718,8014853
2024-25,CHI,8,39-43,15,24.6,168006873,-27418873,157180244,59395348,8739110
2024-25,PHI,9,24-58,15,26.6,170340647,-29752647,169548876,135768738,791771
2024-25,IND,10,50-32,15,25.7,171232577,-30644577,166839774,104281300,2530538
2024-25,SAC,11,40-42,15,27.4,171370782,-30782782,166101303,107131940,1319695
2024-25,HOU,12,52-30,15,25.7,173496349,-32908349,161552948,78702108,7768363
2024-25,ATL,13,40-42,15,25.3,174418704,-33830704,161255749,81912604,7125652
2024-25,LAC,14,50-32,15,27.7,174670238,-34082238,166986734,102101025,3733720
2024-25,POR,15,36-46,15,23.9,176848446,-36260446,165518581,89691087,1568032
2024-25,CLE,16,64-18,15,26.0,178212347,-37624347,169371096,93832409,491175
2024-25,TOR,17,30-52,15,24.9,178496026,-37908026,154302912,94310843,16405595
2024-25,BKN,18,26-56,15,23.8,178836132,-38248132,112077151,69311624,58408905
2024-25,MIA,19,37-45,15,26.6,179350729,-38762729,173088172,90125126,
2024-25,NOP,20,21-61,15,24.3,182966321,-42378321,167934095,98876138,2715108
2024-25,DAL,21,39-43,15,26.8,187147472,-46559472,172077663,99092456,2328828
2024-25,NYK,22,51-31,15,26.5,188877651,-48289651,188001268,110803733,876383
2024-25,DEN,23,50-32,15,26.0,192786656,-52198656,182574315,123292088,
2024-25,MIL,24,48-34,15,26.7,195746447,-55158447,183221333,122031412,
2024-25,BOS,25,61-21,15,27.5,197048229,-56460229,193098445,114054140,
2024-25,GSW,26,48-34,15,27.2,199518342,-58930342,176474440,128667036,306447
2024-25,LAL,27,50-32,15,27.7,200785985,-60197985,182745885,108760785,5514986
2024-25,WAS,28,18-64,15,24.5,211677970,-71089970,162581956,83151786,7021331
2024-25,PHX,29,36-46,15,28.1,228464502,-87876502,210557299,150588751,3814041
2024-25,MIN,30,49-33,15,26.1,236725861,-96137861,198847571,119077906,3705899
2025-26,BKN,1,20-62,15,23.4,150960352,3686648,126082200,79374810,24878152
2025-26,MEM,2,25-57,15,25.1,157650285,-3003285,133187436,79553506,24462849
2025-26,UTA,3,22-60,15,25.1,173117343,-18470343,147149062,100769100,25968281
2025-26,MIL,4,32-50,15,27.4,181255390,-26608390,151771975,102005306,29483415
2025-26,CHA,5,44-38,15,24.3,183806358,-29159358,154497268,76625427,29309090
2025-26,SAS,6,62-20,15,26.6,183990669,-29343669,176732468,83596620,7258201
2025-26,CHI,7,31-51,15,24.7,187673271,-33026271,166164036,71853571,16916687
2025-26,OKC,8,64-18,15,24.6,188057857,-33410857,183713089,84935050,2296274
2025-26,IND,9,19-63,15,26.0,191900207,-37253207,183115307,109995004,4440132
2025-26,DET,10,60-22,15,25.9,193082507,-38435507,176545353,91019317,9337154
2025-26,ATL,11,46-36,15,25.6,193255583,-38608583,180372060,84466235,6242481
2025-26,ORL,12,45-37,15,24.9,194063614,-39416614,187670352,110387420,
2025-26,BOS,13,56-26,15,26.1,194526296,-39879296,187416191,135368714,469063
2025-26,TOR,14,46-36,15,25.2,194966020,-40319020,184295524,109256988,2674222
2025-26,POR,15,42-40,15,25.2,197927822,-43280822,159149269,78775001,28040523
2025-26,MIA,16,43-39,15,25.2,197952062,-43305062,159827661,96319835,26643031
2025-26,LAC,17,42-40,15,27.5,199054230,-44407230,189852974,116026090,263940
2025-26,PHI,18,45-37,15,26.4,199898431,-45251431,192381622,144849376,1123547
2025-26,DAL,19,26-56,15,26.0,200372430,-45725430,174224556,88319088,10343186
2025-26,DEN,20,54-28,15,26.7,200743895,-46096895,187214031,124460081,
2025-26,HOU,21,52-30,15,27.8,201412484,-46765484,194771442,113653563,
2025-26,NOP,22,26-56,15,25.1,207453274,-52806274,182257822,102095408,5469850
2025-26,PHX,23,45-37,15,25.8,207796989,-53149989,162373811,108850873,25493325
2025-26,NYK,24,53-29,15,26.1,209823691,-55176691,207454264,127655231,73153
2025-26,LAL,25,53-29,15,26.7,211399497,-56752497,194334002,116886072,991577
2025-26,SAC,26,22-60,15,27.3,213853369,-59206369,187271649,114405660,395910
2025-26,CLE,27,52-30,15,27.3,226181970,-71534970,211979654,132234290,424672
2025-26,MIN,28,49-33,15,26.9,228841297,-74194297,194042641,111414710,
2025-26,WAS,29,17-65,15,23.8,232033397,-77386397,162858635,112328790,23844113
2025-26,GSW,30,37-45,15,28.8,234222725,-79575725,204850563,144464974,263940
