player_id,player_name,split,log_aav_cap_share,global_median,segment_years_pro,segment_prior_mpg
abrinal01,Álex Abrines,train,-2.798518,-2.916671,-4.332629,-3.149883
achiupr01,Precious Achiuwa,test,-3.411014,-2.916671,-2.5672775,-3.149883
acyqu01,Quincy Acy,train,-4.233607,-2.916671,-2.8075085,-3.525075
acyqu01,Quincy Acy,train,-4.43596,-2.916671,-2.5672775,-3.525075
acyqu01,Quincy Acy,train,-4.036443,-2.916671,-2.5672775,-3.525075
adamsst01,Steven Adams,train,-1.377183,-2.916671,-2.8075085,-3.149883
adamsst01,Steven Adams,train,-1.830431,-2.916671,-1.960817,-3.149883
adamsst01,Steven Adams,val,-2.379112,-2.916671,-1.960817,-3.149883
adamsst01,Steven Adams,test,-2.571506,-2.916671,-2.4042459999999997,-3.525075
adebaba01,Bam Adebayo,train,-1.237876,-2.916671,-2.8075085,-1.409717
adebaba01,Bam Adebayo,test,-1.062461,-2.916671,-1.960817,-1.409717
afflaar01,Arron Afflalo,train,-2.169054,-2.916671,-1.960817,-1.409717
afflaar01,Arron Afflalo,train,-2.019086,-2.916671,-1.960817,-1.409717
ajincal01,Alexis Ajinça,train,-2.679879,-2.916671,-1.960817,-3.525075
aldamsa01,Santi Aldama,test,-2.178944,-2.916671,-2.5672775,-3.149883
aldrico01,Cole Aldrich,train,-4.095774,-2.916671,-2.5672775,-3.525075
aldrico01,Cole Aldrich,train,-2.556941,-2.916671,-2.5672775,-3.525075
aldrila01,LaMarcus Aldridge,train,-1.202783,-2.916671,-1.960817,-1.409717
aldrila01,LaMarcus Aldridge,train,-1.404812,-2.916671,-2.4042459999999997,-1.409717
alexani01,Nickeil Alexander-Walker,val,-3.408732,-2.916671,-2.5672775,-3.525075
alexani01,Nickeil Alexander-Walker,test,-2.300305,-2.916671,-2.5672775,-3.149883
allengr01,Grayson Allen,test,-2.178944,-2.916671,-2.5672775,-1.409717
allenja01,Jarrett Allen,train,-1.726456,-2.916671,-2.5672775,-3.149883
allenja01,Jarrett Allen,test,-1.63198,-2.916671,-1.960817,-1.409717
allenla01,Lavoy Allen,train,-2.85597,-2.916671,-2.8075085,-3.525075
alvarjo01,Jose Alvarado,test,-3.537068,-2.916671,-2.8075085,-3.525075
alvarjo01,Jose Alvarado,test,-3.569229,-2.916671,-2.5672775,-3.525075
aminual01,Al-Farouq Aminu,train,-4.104945,-2.916671,-2.5672775,-3.149883
aminual01,Al-Farouq Aminu,train,-2.233592,-2.916671,-2.5672775,-3.525075
aminual01,Al-Farouq Aminu,train,-2.417075,-2.916671,-1.960817,-3.149883
anderal01,Alan Anderson,train,-3.881802,-2.916671,-1.960817,-3.149883
anderch01,Chris Andersen,train,-2.497914,-2.916671,-2.4042459999999997,-3.525075
anderju01,Justin Anderson,train,-3.856453,-2.916671,-4.332629,-3.149883
anderju01,Justin Anderson,train,-3.996987,-2.916671,-2.5672775,-3.525075
anderky01,Kyle Anderson,train,-4.030837,-2.916671,-4.332629,-3.149883
anderky01,Kyle Anderson,train,-2.393673,-2.916671,-2.5672775,-3.149883
anderky01,Kyle Anderson,val,-2.620271,-2.916671,-1.960817,-3.149883
anderky01,Kyle Anderson,test,-2.724459,-2.916671,-2.4042459999999997,-3.149883
anderry01,Ryan Anderson,train,-1.549083,-2.916671,-1.960817,-1.409717
antetgi01,Giannis Antetokounmpo,train,-1.377183,-2.916671,-2.8075085,-1.409717
antetgi01,Giannis Antetokounmpo,train,-0.901404,-2.916671,-1.960817,-1.409717
antetgi01,Giannis Antetokounmpo,val,-0.877548,-2.916671,-2.4042459999999997,-1.409717
antetth01,Thanasis Antetokounmpo,train,-4.60517,-2.916671,-4.332629,-3.149883
antetth01,Thanasis Antetokounmpo,train,-4.238376,-2.916671,-2.8075085,-3.149883
antetth01,Thanasis Antetokounmpo,train,-4.131628,-2.916671,-2.5672775,-4.131628
anthoca01,Carmelo Anthony,train,-0.932516,-2.916671,-2.4042459999999997,-1.409717
anthoco01,Cole Anthony,val,-2.378323,-2.916671,-2.8075085,-3.149883
anunoog01,OG Anunoby,train,-1.831817,-2.916671,-2.8075085,-3.149883
anunoog01,OG Anunoby,test,-1.19633,-2.916671,-1.960817,-1.409717
arcidry01,Ryan Arcidiacono,train,-4.873319,-2.916671,-4.332629,-3.149883
arcidry01,Ryan Arcidiacono,train,-3.594019,-2.916671,-2.8075085,-3.149883
arizatr01,Trevor Ariza,train,-2.064724,-2.916671,-2.4042459999999997,-1.409717
arizatr01,Trevor Ariza,train,-2.166903,-2.916671,-2.4042459999999997,-1.409717
arthuda01,Darrell Arthur,train,-3.192443,-2.916671,-1.960817,-3.525075
asikom01,Ömer Aşık,train,-1.79749,-2.916671,-2.5672775,-3.149883
augusdj01,D.J. Augustin,train,-3.045554,-2.916671,-2.5672775,-3.149883
augusdj01,D.J. Augustin,train,-2.563813,-2.916671,-1.960817,-3.525075
augusdj01,D.J. Augustin,train,-2.746721,-2.916671,-2.4042459999999997,-3.149883
avdijde01,Deni Avdija,val,-2.324795,-2.916671,-2.8075085,-3.149883
aytonde01,Deandre Ayton,val,-1.313967,-2.916671,-2.5672775,-3.149883
aytonde01,Deandre Ayton,test,-2.948664,-2.916671,-1.960817,-1.409717
babbilu01,Luke Babbitt,train,-4.095774,-2.916671,-2.5672775,-3.525075
bacondw01,Dwayne Bacon,train,-4.357042,-2.916671,-4.332629,-3.149883
bacondw01,Dwayne Bacon,train,-4.133016,-2.916671,-2.8075085,-3.525075
baglema01,Marvin Bagley III,val,-2.291767,-2.916671,-2.5672775,-3.149883
bakerro01,Ron Baker,train,-3.106531,-2.916671,-2.8075085,-3.525075
ballla01,LaMelo Ball,val,-1.237887,-2.916671,-2.8075085,-1.409717
balllo01,Lonzo Ball,train,-1.726456,-2.916671,-2.5672775,-1.409717
balllo01,Lonzo Ball,test,-2.83387,-2.916671,-1.960817,-3.149883
bambamo01,Mo Bamba,val,-2.485352,-2.916671,-2.5672775,-3.149883
bambamo01,Mo Bamba,test,-3.854134,-2.916671,-1.960817,-3.525075
bantoda01,Dalano Banton,train,-4.503053,-2.916671,-4.332629,-3.149883
bantoda01,Dalano Banton,val,-4.166121,-2.916671,-2.8075085,-4.131628
barbole01,Leandro Barbosa,train,-3.158521,-2.916671,-2.4042459999999997,-3.525075
bareajo01,J.J. Barea,train,-2.862201,-2.916671,-1.960817,-3.525075
bargnan01,Andrea Bargnani,train,-3.873489,-2.916671,-1.960817,-3.149883
barneha02,Harrison Barnes,train,-1.383568,-2.916671,-2.5672775,-1.409717
barneha02,Harrison Barnes,train,-1.636275,-2.916671,-1.960817,-1.409717
barneha02,Harrison Barnes,val,-2.055462,-2.916671,-2.4042459999999997,-1.409717
barnema02,Matt Barnes,train,-2.732436,-2.916671,-2.4042459999999997,-3.149883
bartowi01,Will Barton,train,-2.986254,-2.916671,-2.8075085,-3.525075
bartowi01,Will Barton,train,-2.03969,-2.916671,-2.5672775,-1.409717
bartowi01,Will Barton,train,-2.014138,-2.916671,-1.960817,-1.409717
bassbr01,Brandon Bass,train,-3.127632,-2.916671,-2.4042459999999997,-3.149883
bassech01,Charles Bassey,train,-4.357545,-2.916671,-4.332629,-3.149883
bateske01,Keita Bates-Diop,train,-4.361323,-2.916671,-4.332629,-3.149883
bateske01,Keita Bates-Diop,train,-4.131628,-2.916671,-2.8075085,-4.131628
bateske01,Keita Bates-Diop,val,-3.996519,-2.916671,-2.5672775,-3.149883
batumni01,Nicolas Batum,train,-1.366761,-2.916671,-1.960817,-1.409717
batumni01,Nicolas Batum,train,-3.543533,-2.916671,-2.4042459999999997,-3.149883
batumni01,Nicolas Batum,val,-2.394908,-2.916671,-2.4042459999999997,-3.149883
batumni01,Nicolas Batum,test,-3.377218,-2.916671,-2.4042459999999997,-3.149883
batumni01,Nicolas Batum,test,-3.293686,-2.916671,-2.4042459999999997,-3.525075
bayleje01,Jerryd Bayless,train,-3.045554,-2.916671,-2.5672775,-3.149883
baynear01,Aron Baynes,train,-2.376693,-2.916671,-2.8075085,-3.525075
baynear01,Aron Baynes,train,-2.955981,-2.916671,-2.5672775,-3.525075
baynear01,Aron Baynes,train,-2.722029,-2.916671,-1.960817,-3.149883
bazemke01,Kent Bazemore,train,-3.451019,-2.916671,-2.8075085,-3.525075
bazemke01,Kent Bazemore,train,-1.682614,-2.916671,-2.5672775,-3.149883
bealbr01,Bradley Beal,train,-1.308492,-2.916671,-2.5672775,-1.409717
bealbr01,Bradley Beal,train,-1.135285,-2.916671,-1.960817,-1.409717
bealbr01,Bradley Beal,val,-0.901401,-2.916671,-2.4042459999999997,-1.409717
bealbr01,Bradley Beal,test,-3.338217,-2.916671,-2.4042459999999997,-1.409717
beaslma01,Malik Beasley,train,-1.984581,-2.916671,-2.5672775,-3.149883
belinma01,Marco Belinelli,train,-2.831928,-2.916671,-2.4042459999999997,-3.149883
belljo01,Jordan Bell,train,-4.505304,-2.916671,-4.332629,-3.149883
bembrde01,DeAndre' Bembry,train,-4.077446,-2.916671,-2.5672775,-3.149883
bendedr01,Dragan Bender,train,-4.133016,-2.916671,-2.8075085,-3.525075
bertada01,Dāvis Bertāns,train,-2.642686,-2.916671,-2.8075085,-3.525075
bertada01,Dāvis Bertāns,train,-1.920043,-2.916671,-2.5672775,-3.149883
beverpa01,Patrick Beverley,train,-2.499295,-2.916671,-2.8075085,-1.409717
beverpa01,Patrick Beverley,train,-2.102364,-2.916671,-2.5672775,-3.149883
beysa01,Saddiq Bey,test,-3.100007,-2.916671,-2.5672775,-1.409717
birchkh01,Khem Birch,train,-4.537209,-2.916671,-4.332629,-3.149883
birchkh01,Khem Birch,train,-3.594019,-2.916671,-2.8075085,-3.525075
birchkh01,Khem Birch,train,-2.825068,-2.916671,-2.5672775,-3.149883
bitadgo01,Goga Bitadze,test,-2.82557,-2.916671,-2.5672775,-3.525075
biyombi01,Bismack Biyombo,train,-3.192443,-2.916671,-2.5672775,-3.525075
biyombi01,Bismack Biyombo,train,-1.654443,-2.916671,-2.5672775,-3.149883
bjeline01,Nemanja Bjelica,train,-2.701875,-2.916671,-2.8075085,-3.149883
blackta01,Tarik Black,train,-4.537209,-2.916671,-4.332629,-3.149883
blackta01,Tarik Black,train,-2.684618,-2.916671,-2.8075085,-3.525075
blakean01,Antonio Blakeney,train,-4.252124,-2.916671,-2.8075085,-3.525075
blakest01,Steve Blake,train,-3.390394,-2.916671,-2.4042459999999997,-3.149883
bledser01,Eric Bledsoe,train,-1.609438,-2.916671,-2.5672775,-1.409717
bledser01,Eric Bledsoe,train,-1.830431,-2.916671,-1.960817,-3.149883
bogdabo01,Bogdan Bogdanović,train,-2.398834,-2.916671,-4.332629,-3.149883
bogdabo01,Bogdan Bogdanović,train,-1.80226,-2.916671,-2.8075085,-3.149883
bogdabo01,Bogdan Bogdanović,val,-2.11262,-2.916671,-2.5672775,-3.149883
bogdabo02,Bojan Bogdanović,train,-2.910634,-2.916671,-4.332629,-3.149883
bogdabo02,Bojan Bogdanović,train,-2.244684,-2.916671,-2.8075085,-3.149883
bogdabo02,Bojan Bogdanović,train,-1.787097,-2.916671,-2.5672775,-1.409717
bogdabo02,Bojan Bogdanović,val,-1.941626,-2.916671,-1.960817,-1.409717
bogutan01,Andrew Bogut,train,-1.659259,-2.916671,-1.960817,-3.149883
bolbo01,Bol Bol,val,-4.029038,-2.916671,-2.8075085,-4.131628
boldejo01,Jonah Bolden,train,-4.064072,-2.916671,-4.332629,-3.149883
bonaad01,Adem Bona,test,-4.265265,-2.916671,-4.332629,-3.149883
bongais01,Isaac Bonga,train,-4.316203,-2.916671,-4.332629,-3.149883
bookede01,Devin Booker,train,-3.471467,-2.916671,-4.332629,-3.149883
bookede01,Devin Booker,train,-1.237893,-2.916671,-2.8075085,-1.409717
bookede01,Devin Booker,val,-0.903478,-2.916671,-1.960817,-1.409717
bookede01,Devin Booker,test,-0.943548,-2.916671,-2.4042459999999997,-1.409717
booketr01,Trevor Booker,train,-2.556974,-2.916671,-2.5672775,-3.149883
booketr01,Trevor Booker,train,-2.320191,-2.916671,-2.5672775,-3.149883
bouchch01,Chris Boucher,train,-2.783089,-2.916671,-2.8075085,-3.525075
bouchch01,Chris Boucher,val,-2.353642,-2.916671,-2.5672775,-3.149883
bradlav01,Avery Bradley,train,-2.064724,-2.916671,-2.5672775,-1.409717
bradlav01,Avery Bradley,train,-2.09956,-2.916671,-1.960817,-1.409717
bradlav01,Avery Bradley,train,-3.106462,-2.916671,-1.960817,-1.409717
bradlto01,Tony Bradley,train,-4.072471,-2.916671,-2.5672775,-3.525075
brazdig01,Ignas Brazdeikis,train,-4.506152,-2.916671,-4.332629,-3.149883
breweco01,Corey Brewer,train,-2.194372,-2.916671,-1.960817,-3.149883
bridgmi01,Mikal Bridges,test,-1.512114,-2.916671,-1.960817,-1.409717
bridgmi02,Miles Bridges,test,-1.726958,-2.916671,-2.5672775,-1.409717
briscis01,Isaiah Briscoe,train,-4.219891,-2.916671,-4.332629,-3.149883
brissos01,Oshae Brissett,val,-4.0734,-2.916671,-2.5672775,-3.525075
broekry01,Ryan Broekhoff,train,-4.50147,-2.916671,-4.332629,-3.149883
brogdma01,Malcolm Brogdon,train,-1.636275,-2.916671,-2.8075085,-3.149883
brogdma01,Malcolm Brogdon,train,-1.70398,-2.916671,-2.5672775,-1.409717
brookar01,Armoni Brooks,train,-4.134402,-2.916671,-4.332629,-3.149883
brookdi01,Dillon Brooks,train,-2.265453,-2.916671,-2.8075085,-3.149883
brookdi01,Dillon Brooks,val,-1.844756,-2.916671,-2.5672775,-1.409717
brownan02,Anthony Brown,train,-4.39545,-2.916671,-4.332629,-3.149883
brownan02,Anthony Brown,train,-4.678346,-2.916671,-2.8075085,-3.149883
brownbr01,Bruce Brown,train,-4.348584,-2.916671,-4.332629,-3.149883
brownbr01,Bruce Brown,val,-2.924383,-2.916671,-2.5672775,-3.149883
brownbr01,Bruce Brown,val,-1.799294,-2.916671,-2.5672775,-3.149883
browngr01,Greg Brown III,train,-4.357545,-2.916671,-4.332629,-3.149883
brownja02,Jaylen Brown,train,-1.412661,-2.916671,-2.8075085,-3.149883
brownja02,Jaylen Brown,val,-0.901415,-2.916671,-1.960817,-1.409717
brownma02,Markel Brown,train,-4.537209,-2.916671,-4.332629,-3.149883
brownst02,Sterling Brown,train,-4.35967,-2.916671,-4.332629,-3.149883
brownst02,Sterling Brown,train,-3.623576,-2.916671,-2.5672775,-3.149883
browntr01,Troy Brown Jr.,val,-3.526515,-2.916671,-2.5672775,-3.149883
brunsja01,Jalen Brunson,train,-4.195157,-2.916671,-4.332629,-3.149883
brunsja01,Jalen Brunson,val,-1.559399,-2.916671,-2.5672775,-1.409717
brunsja01,Jalen Brunson,test,-1.374383,-2.916671,-2.5672775,-1.409717
brussni01,Nicolás Brussino,train,-4.727136,-2.916671,-4.332629,-3.149883
bryanko01,Kobe Bryant,train,-0.966112,-2.916671,-2.4042459999999997,-1.409717
bryanth01,Thomas Bryant,train,-4.505304,-2.916671,-4.332629,-3.149883
bryanth01,Thomas Bryant,train,-2.572368,-2.916671,-2.8075085,-3.149883
bryanth01,Thomas Bryant,val,-3.925129,-2.916671,-2.5672775,-3.525075
bullore01,Reggie Bullock,train,-3.679768,-2.916671,-2.5672775,-3.525075
bullore01,Reggie Bullock,train,-3.281644,-2.916671,-2.5672775,-3.149883
bullore01,Reggie Bullock,train,-2.418271,-2.916671,-1.960817,-3.149883
burketr01,Trey Burke,train,-4.361323,-2.916671,-2.5672775,-3.149883
burketr01,Trey Burke,train,-3.545229,-2.916671,-1.960817,-3.525075
burksal01,Alec Burks,train,-1.89712,-2.916671,-2.8075085,-3.149883
burksal01,Alec Burks,train,-2.419603,-2.916671,-2.4042459999999997,-3.149883
butleja02,Jared Butler,train,-4.503053,-2.916671,-4.332629,-3.149883
butleji01,Jimmy Butler,train,-1.628884,-2.916671,-2.8075085,-1.409717
butleji01,Jimmy Butler,train,-1.131656,-2.916671,-1.960817,-1.409717
butleji01,Jimmy Butler,train,-0.929765,-2.916671,-1.960817,-1.409717
butleji01,Jimmy Butler,test,-1.120433,-2.916671,-2.4042459999999997,-1.409717
cabocbr01,Bruno Caboclo,train,-3.74539,-2.916671,-4.332629,-3.149883
cabocbr01,Bruno Caboclo,train,-4.522889,-2.916671,-2.5672775,-3.149883
caldwke01,Kentavious Caldwell-Pope,train,-2.577581,-2.916671,-2.5672775,-3.149883
caldwke01,Kentavious Caldwell-Pope,train,-2.125121,-2.916671,-1.960817,-3.149883
caldwke01,Kentavious Caldwell-Pope,val,-2.199772,-2.916671,-1.960817,-1.409717
caldwke01,Kentavious Caldwell-Pope,test,-1.854791,-2.916671,-2.4042459999999997,-1.409717
camarto01,Toumani Camara,val,-4.265706,-2.916671,-4.332629,-3.149883
camarto01,Toumani Camara,test,-2.1283,-2.916671,-2.8075085,-1.409717
campafa01,Facundo Campazzo,train,-3.380253,-2.916671,-4.332629,-3.149883
canaais01,Isaiah Canaan,train,-4.496025,-2.916671,-2.8075085,-3.149883
cancavl01,Vlatko Čančar,train,-4.356159,-2.916671,-4.332629,-3.149883
cancavl01,Vlatko Čančar,val,-3.996248,-2.916671,-2.8075085,-3.525075
capelca01,Clint Capela,train,-3.949422,-2.916671,-4.332629,-3.149883
capelca01,Clint Capela,train,-1.69425,-2.916671,-1.960817,-1.409717
capelca01,Clint Capela,test,-3.090011,-2.916671,-2.4042459999999997,-3.149883
carrode01,DeMarre Carroll,train,-1.574347,-2.916671,-2.5672775,-1.409717
carrode01,DeMarre Carroll,train,-2.341256,-2.916671,-2.4042459999999997,-3.149883
carteje01,Jevon Carter,train,-3.348897,-2.916671,-2.8075085,-3.525075
carteje01,Jevon Carter,val,-4.042768,-2.916671,-2.5672775,-3.525075
carteje01,Jevon Carter,val,-3.041007,-2.916671,-2.5672775,-3.149883
cartemi01,Michael Carter-Williams,train,-3.498709,-2.916671,-1.960817,-3.525075
cartevi01,Vince Carter,train,-2.757872,-2.916671,-2.4042459999999997,-3.149883
cartewe01,Wendell Carter Jr.,train,-2.291767,-2.916671,-2.8075085,-3.149883
cartewe01,Wendell Carter Jr.,test,-2.06817,-2.916671,-2.5672775,-3.149883
carusal01,Alex Caruso,train,-3.681031,-2.916671,-2.8075085,-3.149883
carusal01,Alex Caruso,train,-2.497565,-2.916671,-2.5672775,-3.149883
carusal01,Alex Caruso,test,-2.031757,-2.916671,-1.960817,-3.149883
casspom01,Omri Casspi,train,-3.149883,-2.916671,-2.5672775,-3.149883
caulewi01,Willie Cauley-Stein,train,-3.002901,-2.916671,-4.332629,-3.149883
caulewi01,Willie Cauley-Stein,train,-3.89063,-2.916671,-2.5672775,-3.149883
caulewi01,Willie Cauley-Stein,train,-3.281644,-2.916671,-2.5672775,-3.149883
cavanty01,Tyler Cavanaugh,train,-4.5665,-2.916671,-4.332629,-3.149883
chalmma01,Mario Chalmers,train,-2.721058,-2.916671,-2.5672775,-3.149883
champju02,Julian Champagnie,val,-3.814197,-2.916671,-2.8075085,-3.525075
champju02,Julian Champagnie,test,-2.523715,-2.916671,-2.5672775,-3.149883
chandke01,Kennedy Chandler,val,-4.239479,-2.916671,-4.332629,-3.149883
chandty01,Tyson Chandler,train,-1.683546,-2.916671,-2.4042459999999997,-1.409717
chandwi01,Wilson Chandler,train,-2.091657,-2.916671,-1.960817,-1.409717
chrisca02,Cam Christie,test,-4.265265,-2.916671,-4.332629,-3.149883
chrisma02,Max Christie,val,-4.502685,-2.916671,-4.332629,-3.149883
chrisma02,Max Christie,test,-2.866392,-2.916671,-2.8075085,-3.525075
chrisse01,Semaj Christon,train,-4.727136,-2.916671,-4.332629,-3.149883
cissemo01,Moussa Cisse,test,-4.269355,-2.916671,-2.8075085,-3.525075
cissosi01,Sidy Cissoko,val,-4.35701,-2.916671,-4.332629,-3.149883
clarkbr01,Brandon Clarke,val,-2.387081,-2.916671,-2.8075085,-3.525075
clarkga01,Gary Clark,train,-3.974792,-2.916671,-2.8075085,-3.525075
clarkja02,Jaylen Clark,test,-3.932482,-2.916671,-2.8075085,-3.525075
clarkjo01,Jordan Clarkson,train,-4.537209,-2.916671,-4.332629,-3.149883
clarkjo01,Jordan Clarkson,train,-2.019086,-2.916671,-2.8075085,-1.409717
clarkjo01,Jordan Clarkson,train,-2.136956,-2.916671,-2.5672775,-3.149883
claxtni01,Nic Claxton,train,-4.356159,-2.916671,-4.332629,-3.149883
claxtni01,Nic Claxton,val,-2.66283,-2.916671,-2.8075085,-3.149883
claxtni01,Nic Claxton,test,-1.757417,-2.916671,-2.5672775,-3.149883
collida01,Darren Collison,train,-2.293474,-2.916671,-1.960817,-1.409717
colliis01,Isaiah Collier,test,-3.774901,-2.916671,-4.332629,-3.149883
collijo01,John Collins,train,-1.503313,-2.916671,-2.5672775,-3.149883
collijo01,John Collins,test,-2.303242,-2.916671,-1.960817,-3.149883
collini01,Nick Collison,train,-3.223059,-2.916671,-2.4042459999999997,-3.525075
colliza01,Zach Collins,train,-2.727488,-2.916671,-2.5672775,-3.149883
colliza01,Zach Collins,val,-2.088789,-2.916671,-2.5672775,-3.149883
colliza01,Zach Collins,test,-3.091699,-2.916671,-1.960817,-3.525075
conlemi01,Mike Conley,train,-1.126433,-2.916671,-1.960817,-1.409717
conlemi01,Mike Conley,train,-1.600705,-2.916671,-2.4042459999999997,-3.149883
conlemi01,Mike Conley,test,-2.701746,-2.916671,-2.4042459999999997,-3.149883
connapa01,Pat Connaughton,train,-4.430817,-2.916671,-4.332629,-3.149883
connapa01,Pat Connaughton,train,-3.018655,-2.916671,-2.5672775,-3.525075
connapa01,Pat Connaughton,val,-2.66962,-2.916671,-1.960817,-3.149883
cookqu01,Quinn Cook,train,-5.011574,-2.916671,-4.332629,-3.525075
cookqu01,Quinn Cook,train,-3.594019,-2.916671,-2.8075085,-3.525075
couside01,DeMarcus Cousins,train,-1.346885,-2.916671,-2.8075085,-1.409717
covinro01,Robert Covington,train,-4.137521,-2.916671,-4.332629,-4.131628
covinro01,Robert Covington,train,-1.882848,-2.916671,-2.8075085,-1.409717
covinro01,Robert Covington,val,-2.427903,-2.916671,-1.960817,-3.149883
crabbal01,Allen Crabbe,train,-1.616291,-2.916671,-2.8075085,-3.149883
craigto01,Torrey Craig,train,-3.93054,-2.916671,-2.8075085,-3.525075
craigto01,Torrey Craig,train,-3.112751,-2.916671,-2.5672775,-3.525075
craigto01,Torrey Craig,val,-3.925129,-2.916671,-2.5672775,-3.149883
crawfja01,Jamal Crawford,train,-1.905758,-2.916671,-2.4042459999999997,-3.149883
crawfja01,Jamal Crawford,train,-3.103155,-2.916671,-2.4042459999999997,-3.149883
crowdja01,Jae Crowder,train,-2.302585,-2.916671,-2.8075085,-3.149883
crowdja01,Jae Crowder,train,-2.418446,-2.916671,-1.960817,-3.149883
cunnida01,Dante Cunningham,train,-3.149883,-2.916671,-2.5672775,-3.149883
curryse01,Seth Curry,train,-4.268698,-2.916671,-2.8075085,-4.131628
curryse01,Seth Curry,train,-3.46301,-2.916671,-2.8075085,-3.525075
curryse01,Seth Curry,train,-2.61319,-2.916671,-2.5672775,-3.525075
curryse01,Seth Curry,val,-3.526515,-2.916671,-1.960817,-3.525075
curryst01,Stephen Curry,train,-0.901197,-2.916671,-1.960817,-1.409717
curryst01,Stephen Curry,train,-0.831525,-2.916671,-2.4042459999999997,-1.409717
danietr01,Troy Daniels,train,-4.373579,-2.916671,-4.332629,-3.525075
danietr01,Troy Daniels,train,-4.271999,-2.916671,-4.332629,-3.525075
danietr01,Troy Daniels,train,-3.340842,-2.916671,-2.8075085,-3.525075
davisan02,Anthony Davis,train,-1.308492,-2.916671,-2.8075085,-1.409717
davisan02,Anthony Davis,train,-1.055572,-2.916671,-1.960817,-1.409717
davisan02,Anthony Davis,val,-0.877548,-2.916671,-2.4042459999999997,-1.409717
davisde01,Deyonta Davis,train,-4.257133,-2.916671,-4.332629,-3.149883
davised01,Ed Davis,train,-4.104945,-2.916671,-2.5672775,-3.525075
davised01,Ed Davis,train,-2.351375,-2.916671,-2.5672775,-3.149883
davised01,Ed Davis,train,-3.106462,-2.916671,-1.960817,-3.525075
daviste02,Terence Davis,train,-4.506152,-2.916671,-4.332629,-3.149883
daviste02,Terence Davis,train,-3.335894,-2.916671,-2.8075085,-3.525075
dedmode01,Dewayne Dedmon,train,-3.46301,-2.916671,-2.8075085,-3.525075
dedmode01,Dewayne Dedmon,train,-2.102364,-2.916671,-2.5672775,-3.149883
dedmode01,Dewayne Dedmon,val,-3.311198,-2.916671,-1.960817,-3.525075
dekkesa01,Sam Dekker,train,-3.72673,-2.916671,-4.332629,-3.149883
delanma01,Malcolm Delaney,train,-3.628524,-2.916671,-4.332629,-3.149883
dellama01,Matthew Dellavedova,train,-2.283052,-2.916671,-2.8075085,-3.149883
denglu01,Luol Deng,train,-1.848102,-2.916671,-2.4042459999999997,-1.409717
denglu01,Luol Deng,train,-1.654443,-2.916671,-2.4042459999999997,-1.409717
derozde01,DeMar DeRozan,train,-1.219779,-2.916671,-1.960817,-1.409717
derozde01,DeMar DeRozan,train,-1.37815,-2.916671,-2.4042459999999997,-1.409717
derozde01,DeMar DeRozan,test,-1.744307,-2.916671,-2.4042459999999997,-1.409717
diabamo01,Moussa Diabaté,test,-4.305743,-2.916671,-2.8075085,-4.131628
diallch01,Cheick Diallo,train,-4.727136,-2.916671,-4.332629,-3.149883
diallha01,Hamidou Diallo,train,-4.492659,-2.916671,-4.332629,-3.149883
diallha01,Hamidou Diallo,train,-3.07353,-2.916671,-2.8075085,-3.149883
diawamo01,Mohamed Diawara,test,-4.099718,-2.916671,-2.8075085,-4.131628
diawbo01,Boris Diaw,train,-2.198256,-2.916671,-2.4042459999999997,-3.149883
dickgr01,Gradey Dick,val,-3.234779,-2.916671,-4.332629,-3.149883
dienggo01,Gorgui Dieng,train,-1.791154,-2.916671,-2.8075085,-3.149883
diengou01,Ousmane Dieng,test,-3.372867,-2.916671,-2.5672775,-3.525075
dinwisp01,Spencer Dinwiddie,train,-4.314559,-2.916671,-4.332629,-3.149883
dinwisp01,Spencer Dinwiddie,train,-4.529926,-2.916671,-2.8075085,-3.525075
dinwisp01,Spencer Dinwiddie,train,-4.578716,-2.916671,-2.8075085,-3.525075
dinwisp01,Spencer Dinwiddie,train,-2.253187,-2.916671,-2.5672775,-3.149883
dinwisp01,Spencer Dinwiddie,train,-1.831817,-2.916671,-1.960817,-3.149883
divindo01,Donte DiVincenzo,val,-3.288184,-2.916671,-2.5672775,-3.149883
divindo01,Donte DiVincenzo,val,-2.451726,-2.916671,-2.5672775,-3.149883
doncilu01,Luka Dončić,train,-1.055551,-2.916671,-2.8075085,-1.409717
doncilu01,Luka Dončić,test,-1.157771,-2.916671,-1.960817,-1.409717
dorsety01,Tyler Dorsey,train,-4.505304,-2.916671,-4.332629,-3.149883
dortlu01,Luguentz Dort,val,-2.014135,-2.916671,-2.8075085,-1.409717
dosunay01,Ayo Dosunmu,train,-4.503053,-2.916671,-4.332629,-3.149883
dosunay01,Ayo Dosunmu,val,-2.966899,-2.916671,-2.8075085,-3.149883
dosunay01,Ayo Dosunmu,test,-2.027394,-2.916671,-2.5672775,-3.149883
dotsoda01,Damyean Dotson,train,-4.283684,-2.916671,-4.332629,-3.149883
douglto01,Toney Douglas,train,-4.033384,-2.916671,-2.5672775,-3.525075
dragigo01,Goran Dragić,train,-1.711602,-2.916671,-1.960817,-1.409717
drumman01,Andre Drummond,train,-1.310066,-2.916671,-2.5672775,-1.409717
drumman01,Andre Drummond,val,-3.629652,-2.916671,-2.4042459999999997,-3.525075
drumman01,Andre Drummond,test,-3.336396,-2.916671,-2.4042459999999997,-3.525075
dudleja01,Jared Dudley,train,-2.24223,-2.916671,-1.960817,-3.149883
duncati01,Tim Duncan,train,-2.557477,-2.916671,-2.4042459999999997,-3.149883
dunlemi02,Mike Dunleavy,train,-2.969279,-2.916671,-2.4042459999999997,-3.149883
dunnkr01,Kris Dunn,train,-3.083194,-2.916671,-2.5672775,-3.149883
dunnkr01,Kris Dunn,test,-3.254509,-2.916671,-1.960817,-3.525075
duranke01,Kevin Durant,train,-1.243438,-2.916671,-1.960817,-1.409717
duranke01,Kevin Durant,train,-1.35249,-2.916671,-2.4042459999999997,-1.409717
duranke01,Kevin Durant,train,-1.197798,-2.916671,-2.4042459999999997,-1.409717
duranke01,Kevin Durant,train,-0.977475,-2.916671,-2.4042459999999997,-1.409717
duranke01,Kevin Durant,train,-0.934798,-2.916671,-2.4042459999999997,-1.409717
duranke01,Kevin Durant,test,-1.329793,-2.916671,-2.4042459999999997,-1.409717
durenja01,Jalen Duren,val,-3.234661,-2.916671,-4.332629,-3.149883
easonta01,Tari Eason,test,-2.345904,-2.916671,-2.5672775,-3.149883
edwaran01,Anthony Edwards,val,-1.055566,-2.916671,-2.8075085,-1.409717
edwarca01,Carsen Edwards,train,-4.287166,-2.916671,-4.332629,-3.149883
edwarju01,Justin Edwards,test,-4.182483,-2.916671,-2.8075085,-3.149883
edwarke02,Kessler Edwards,val,-4.238077,-2.916671,-2.8075085,-3.149883
ellebcj01,CJ Elleby,train,-4.506152,-2.916671,-4.332629,-3.149883
ellenhe01,Henry Ellenson,train,-4.697644,-2.916671,-2.8075085,-3.525075
ellenhe01,Henry Ellenson,train,-4.077446,-2.916671,-2.5672775,-4.131628
ellinwa01,Wayne Ellington,train,-3.819965,-2.916671,-2.5672775,-3.149883
ellinwa01,Wayne Ellington,train,-2.730805,-2.916671,-1.960817,-3.149883
ellinwa01,Wayne Ellington,train,-2.61319,-2.916671,-2.4042459999999997,-3.149883
elliske01,Keon Ellis,test,-2.939231,-2.916671,-2.5672775,-3.149883
ellismo01,Monta Ellis,train,-1.8506,-2.916671,-2.4042459999999997,-1.409717
embiijo01,Joel Embiid,train,-2.535729,-2.916671,-4.332629,-3.149883
embiijo01,Joel Embiid,train,-1.237942,-2.916671,-2.8075085,-3.149883
embiijo01,Joel Embiid,train,-0.841184,-2.916671,-2.5672775,-1.409717
embiijo01,Joel Embiid,test,-0.904007,-2.916671,-1.960817,-1.409717
ennisja01,James Ennis III,train,-4.39691,-2.916671,-4.332629,-3.149883
ennisja01,James Ennis III,train,-3.46301,-2.916671,-2.8075085,-3.525075
ennisja01,James Ennis III,train,-4.07268,-2.916671,-2.5672775,-3.149883
ennisja01,James Ennis III,train,-3.974792,-2.916671,-2.5672775,-3.149883
eubandr01,Drew Eubanks,train,-4.125426,-2.916671,-2.8075085,-3.525075
eubandr01,Drew Eubanks,val,-3.996519,-2.916671,-2.5672775,-3.149883
eubandr01,Drew Eubanks,test,-3.361714,-2.916671,-2.5672775,-3.525075
evansja01,Jawun Evans,train,-4.505304,-2.916671,-4.332629,-3.149883
exumda01,Danté Exum,train,-2.837185,-2.916671,-4.332629,-3.149883
exumda01,Danté Exum,train,-2.225792,-2.916671,-2.5672775,-3.525075
exumda01,Danté Exum,train,-3.728937,-2.916671,-1.960817,-3.525075
exumda01,Danté Exum,val,-3.789504,-2.916671,-1.960817,-3.149883
ezelife01,Festus Ezeli,train,-2.521283,-2.916671,-2.5672775,-3.525075
farieke01,Kenneth Faried,train,-1.722767,-2.916671,-2.8075085,-3.149883
favorde01,Derrick Favors,train,-1.681377,-2.916671,-2.8075085,-3.149883
favorde01,Derrick Favors,train,-1.689831,-2.916671,-1.960817,-3.149883
favorde01,Derrick Favors,train,-2.418446,-2.916671,-2.4042459999999997,-3.149883
feldeka01,Kay Felder,train,-4.727136,-2.916671,-4.332629,-3.149883
feliccr01,Cristiano Felício,train,-4.60517,-2.916671,-4.332629,-3.149883
feliccr01,Cristiano Felício,train,-2.516617,-2.916671,-2.8075085,-3.525075
fernabr01,Bruno Fernando,train,-4.243681,-2.916671,-4.332629,-3.149883
fernabr01,Bruno Fernando,val,-3.910341,-2.916671,-2.8075085,-4.131628
ferreyo01,Yogi Ferrell,train,-4.90149,-2.916671,-4.332629,-3.149883
filipky01,Kyle Filipowski,test,-3.847221,-2.916671,-4.332629,-3.149883
finnedo01,Dorian Finney-Smith,train,-4.727136,-2.916671,-4.332629,-3.149883
finnedo01,Dorian Finney-Smith,train,-3.306337,-2.916671,-2.8075085,-3.149883
finnedo01,Dorian Finney-Smith,val,-2.34786,-2.916671,-2.5672775,-1.409717
finnedo01,Dorian Finney-Smith,test,-2.462634,-2.916671,-1.960817,-3.149883
flemira01,Rasheer Fleming,test,-4.265267,-2.916671,-4.332629,-3.149883
fontesi01,Simone Fontecchio,val,-3.678061,-2.916671,-4.332629,-3.149883
fontesi01,Simone Fontecchio,test,-2.866392,-2.916671,-2.8075085,-3.149883
forbebr01,Bryn Forbes,train,-4.866399,-2.916671,-4.332629,-3.149883
forbebr01,Bryn Forbes,train,-3.525075,-2.916671,-2.8075085,-3.525075
forbebr01,Bryn Forbes,train,-3.819248,-2.916671,-2.5672775,-3.149883
fournev01,Evan Fournier,train,-1.711602,-2.916671,-2.5672775,-1.409717
fournev01,Evan Fournier,train,-1.818023,-2.916671,-1.960817,-3.149883
foxde01,De'Aaron Fox,train,-1.237876,-2.916671,-2.8075085,-1.409717
foxde01,De'Aaron Fox,test,-1.121379,-2.916671,-1.960817,-1.409717
fraziti01,Tim Frazier,train,-5.052574,-2.916671,-4.332629,-3.149883
fraziti01,Tim Frazier,train,-3.826975,-2.916671,-2.8075085,-3.525075
fryech01,Channing Frye,train,-2.064724,-2.916671,-1.960817,-3.149883
fultzma01,Markelle Fultz,train,-1.908778,-2.916671,-2.8075085,-3.149883
furphjo01,Johnny Furphy,test,-4.181529,-2.916671,-4.332629,-3.149883
gabriwe01,Wenyen Gabriel,train,-4.167903,-2.916671,-2.8075085,-4.131628
gaffoda01,Daniel Gafford,train,-4.270637,-2.916671,-4.332629,-3.149883
gaffoda01,Daniel Gafford,train,-2.222738,-2.916671,-2.8075085,-3.525075
gaffoda01,Daniel Gafford,test,-2.239071,-2.916671,-2.5672775,-3.149883
gallida01,Danilo Gallinari,train,-1.833437,-2.916671,-1.960817,-3.149883
gallida01,Danilo Gallinari,train,-1.523983,-2.916671,-1.960817,-1.409717
gallida01,Danilo Gallinari,train,-1.673834,-2.916671,-2.4042459999999997,-3.149883
gallida01,Danilo Gallinari,val,-2.924383,-2.916671,-2.4042459999999997,-3.149883
gallola01,Langston Galloway,train,-4.864681,-2.916671,-4.332629,-1.409717
gallola01,Langston Galloway,train,-2.877108,-2.916671,-2.8075085,-3.149883
garlada01,Darius Garland,val,-1.237877,-2.916671,-2.8075085,-1.409717
garneke01,Kevin Garnett,train,-2.138282,-2.916671,-2.4042459999999997,-3.149883
garzalu01,Luka Garza,train,-4.503053,-2.916671,-4.332629,-3.149883
garzalu01,Luka Garza,test,-4.132684,-2.916671,-2.8075085,-4.131628
garzalu01,Luka Garza,test,-4.074161,-2.916671,-2.5672775,-4.131628
gasolma01,Marc Gasol,train,-1.128777,-2.916671,-1.960817,-1.409717
gasolma01,Marc Gasol,train,-3.725648,-2.916671,-2.4042459999999997,-3.149883
gasolpa01,Pau Gasol,train,-2.138192,-2.916671,-2.4042459999999997,-1.409717
gasolpa01,Pau Gasol,train,-1.781645,-2.916671,-2.4042459999999997,-1.409717
gasolpa01,Pau Gasol,train,-1.806941,-2.916671,-2.4042459999999997,-3.149883
gayru01,Rudy Gay,train,-1.658228,-2.916671,-1.960817,-1.409717
gayru01,Rudy Gay,train,-2.444297,-2.916671,-2.4042459999999997,-1.409717
gayru01,Rudy Gay,train,-1.920043,-2.916671,-2.4042459999999997,-3.149883
gayru01,Rudy Gay,train,-2.494866,-2.916671,-2.4042459999999997,-3.149883
geeal01,Alonzo Gee,train,-3.948391,-2.916671,-2.5672775,-3.525075
georgpa01,Paul George,train,-1.2365,-2.916671,-2.8075085,-1.409717
georgpa01,Paul George,train,-1.090731,-2.916671,-1.960817,-1.409717
georgpa01,Paul George,train,-0.937999,-2.916671,-2.4042459999999997,-3.149883
georgpa01,Paul George,test,-0.977525,-2.916671,-2.4042459999999997,-1.409717
gibsota01,Taj Gibson,train,-1.957001,-2.916671,-1.960817,-3.149883
gibsota01,Taj Gibson,train,-2.390046,-2.916671,-2.4042459999999997,-3.149883
gibsota01,Taj Gibson,train,-3.1028,-2.916671,-2.4042459999999997,-3.149883
giddejo01,Josh Giddey,test,-1.822269,-2.916671,-2.5672775,-1.409717
gilgesh01,Shai Gilgeous-Alexander,train,-1.237873,-2.916671,-2.8075085,-1.409717
gilgesh01,Shai Gilgeous-Alexander,test,-0.918198,-2.916671,-1.960817,-1.409717
gillan01,Anthony Gill,train,-4.51031,-2.916671,-4.332629,-3.149883
gillan01,Anthony Gill,val,-4.167778,-2.916671,-2.8075085,-3.525075
gillan01,Anthony Gill,test,-4.07454,-2.916671,-2.5672775,-4.131628
gilleco01,Collin Gillespie,test,-2.651549,-2.916671,-2.8075085,-3.149883
ginobma01,Manu Ginóbili,train,-3.192443,-2.916671,-2.4042459999999997,-3.149883
goberru01,Rudy Gobert,train,-1.35738,-2.916671,-2.8075085,-1.409717
goberru01,Rudy Gobert,train,-1.008616,-2.916671,-1.960817,-1.409717
goberru01,Rudy Gobert,test,-1.443833,-2.916671,-2.4042459999999997,-1.409717
goodwar01,Archie Goodwin,train,-4.529926,-2.916671,-2.8075085,-3.525075
goodwar01,Archie Goodwin,train,-4.788431,-2.916671,-2.5672775,-3.525075
goodwjo01,Jordan Goodwin,test,-3.290629,-2.916671,-2.5672775,-3.149883
gordoaa01,Aaron Gordon,train,-2.738069,-2.916671,-4.332629,-3.149883
gordoaa01,Aaron Gordon,train,-1.627955,-2.916671,-2.5672775,-1.409717
gordoaa01,Aaron Gordon,train,-1.74249,-2.916671,-1.960817,-3.149883
gordoaa01,Aaron Gordon,test,-1.49922,-2.916671,-2.4042459999999997,-1.409717
gordoer01,Eric Gordon,train,-1.960817,-2.916671,-1.960817,-1.409717
gordoer01,Eric Gordon,train,-1.75347,-2.916671,-2.4042459999999997,-1.409717
gordoer01,Eric Gordon,val,-3.726491,-2.916671,-2.4042459999999997,-3.149883
gordoer01,Eric Gordon,test,-3.72648,-2.916671,-2.4042459999999997,-3.149883
gortama01,Marcin Gortat,train,-1.659259,-2.916671,-2.5672775,-1.409717
grahade01,Devonte' Graham,train,-4.318657,-2.916671,-4.332629,-3.149883
grahade01,Devonte' Graham,train,-2.251973,-2.916671,-2.8075085,-1.409717
grahatr01,Treveon Graham,train,-4.166263,-2.916671,-2.8075085,-3.525075
grantje01,Jerami Grant,train,-4.249526,-2.916671,-4.332629,-3.149883
grantje01,Jerami Grant,train,-2.426463,-2.916671,-2.5672775,-3.149883
grantje01,Jerami Grant,train,-1.696899,-2.916671,-2.5672775,-3.149883
grantje01,Jerami Grant,val,-1.447073,-2.916671,-1.960817,-1.409717
grantje02,Jerian Grant,train,-3.772261,-2.916671,-4.332629,-3.149883
grantje02,Jerian Grant,train,-3.999484,-2.916671,-2.5672775,-3.525075
greenaj01,A.J. Green,val,-4.167702,-2.916671,-2.8075085,-4.131628
greenaj01,A.J. Green,test,-2.716087,-2.916671,-2.8075085,-3.149883
greenda02,Danny Green,train,-2.24223,-2.916671,-2.5672775,-3.149883
greenda02,Danny Green,train,-2.419603,-2.916671,-2.4042459999999997,-3.149883
greendr01,Draymond Green,train,-1.477061,-2.916671,-1.960817,-1.409717
greendr01,Draymond Green,val,-1.693933,-2.916671,-2.4042459999999997,-1.409717
greenja01,JaMychal Green,train,-4.537209,-2.916671,-4.332629,-3.149883
greenja01,JaMychal Green,train,-2.504195,-2.916671,-2.8075085,-3.149883
greenja01,JaMychal Green,train,-3.106462,-2.916671,-2.5672775,-3.149883
greenja01,JaMychal Green,train,-2.693858,-2.916671,-2.5672775,-3.149883
greenja01,JaMychal Green,train,-2.618054,-2.916671,-2.5672775,-3.525075
greenja02,Javonte Green,train,-4.51031,-2.916671,-4.332629,-3.149883
greenja02,Javonte Green,train,-4.168303,-2.916671,-2.8075085,-3.525075
greenje02,Jeff Green,train,-3.218111,-2.916671,-2.4042459999999997,-3.149883
greenje02,Jeff Green,val,-2.833368,-2.916671,-2.4042459999999997,-3.525075
greenjo02,Josh Green,val,-2.330874,-2.916671,-2.8075085,-3.149883
griffbl01,Blake Griffin,train,-1.062664,-2.916671,-1.960817,-1.409717
grimequ01,Quentin Grimes,test,-2.428405,-2.916671,-2.5672775,-3.149883
gueyemo02,Mouhamed Gueye,val,-4.265706,-2.916671,-4.332629,-3.149883
hachiru01,Rui Hachimura,val,-2.079596,-2.916671,-2.5672775,-3.149883
hachiru01,Rui Hachimura,test,-2.497398,-2.916671,-1.960817,-3.149883
hairspj02,P.J. Hairston,train,-3.982898,-2.916671,-4.332629,-3.149883
halibty01,Tyrese Haliburton,val,-1.055566,-2.916671,-2.8075085,-1.409717
hamilju01,Justin Hamilton,train,-4.926671,-2.916671,-4.332629,-4.131628
hamilju01,Justin Hamilton,train,-3.446203,-2.916671,-2.8075085,-3.149883
hardati02,Tim Hardaway Jr.,train,-1.720378,-2.916671,-2.5672775,-3.149883
hardati02,Tim Hardaway Jr.,train,-1.790995,-2.916671,-1.960817,-3.149883
hardeja01,James Harden,train,-1.211669,-2.916671,-1.960817,-1.409717
hardeja01,James Harden,train,-0.868318,-2.916671,-1.960817,-1.409717
hardeja01,James Harden,val,-1.281767,-2.916671,-2.4042459999999997,-1.409717
hardeja01,James Harden,test,-1.390486,-2.916671,-2.4042459999999997,-1.409717
hardeja01,James Harden,test,-1.333689,-2.916671,-2.4042459999999997,-1.409717
hardyja02,Jaden Hardy,val,-4.35586,-2.916671,-4.332629,-3.149883
hardyja02,Jaden Hardy,test,-3.249386,-2.916671,-2.8075085,-3.525075
harklma01,Maurice Harkless,train,-2.19344,-2.916671,-2.5672775,-3.525075
harklma01,Maurice Harkless,train,-3.218111,-2.916671,-1.960817,-3.149883
harremo01,Montrezl Harrell,train,-4.202885,-2.916671,-4.332629,-3.149883
harremo01,Montrezl Harrell,train,-2.831928,-2.916671,-2.8075085,-3.525075
harremo01,Montrezl Harrell,train,-2.442393,-2.916671,-2.5672775,-3.149883
harremo01,Montrezl Harrell,val,-3.858145,-2.916671,-1.960817,-3.149883
harrian01,Andrew Harrison,train,-4.544815,-2.916671,-4.332629,-3.149883
harride01,Devin Harris,train,-2.72347,-2.916671,-2.4042459999999997,-3.149883
harriga01,Gary Harris,train,-3.70269,-2.916671,-4.332629,-3.149883
harriga01,Gary Harris,train,-1.579165,-2.916671,-2.8075085,-1.409717
harriga01,Gary Harris,val,-2.34786,-2.916671,-1.960817,-3.149883
harriga01,Gary Harris,test,-2.930931,-2.916671,-2.4042459999999997,-3.149883
harriga01,Gary Harris,test,-3.726078,-2.916671,-2.4042459999999997,-3.525075
harrijo01,Joe Harris,train,-4.249526,-2.916671,-4.332629,-3.149883
harrijo01,Joe Harris,train,-4.529926,-2.916671,-2.8075085,-4.131628
harrijo01,Joe Harris,train,-2.544246,-2.916671,-2.5672775,-3.149883
harrijo01,Joe Harris,train,-1.761438,-2.916671,-2.5672775,-1.409717
harrish01,Shaquille Harrison,train,-4.898125,-2.916671,-4.332629,-3.525075
harrish01,Shaquille Harrison,train,-4.252124,-2.916671,-4.332629,-3.525075
harrito02,Tobias Harris,train,-1.475907,-2.916671,-2.8075085,-1.409717
harrito02,Tobias Harris,train,-1.109113,-2.916671,-1.960817,-1.409717
harrito02,Tobias Harris,test,-1.687737,-2.916671,-2.4042459999999997,-1.409717
harrito02,Tobias Harris,test,-2.40079,-2.916671,-2.4042459999999997,-3.149883
harteis01,Isaiah Hartenstein,train,-4.167903,-2.916671,-2.8075085,-3.525075
harteis01,Isaiah Hartenstein,val,-2.738054,-2.916671,-2.5672775,-3.525075
harteis01,Isaiah Hartenstein,test,-1.578538,-2.916671,-2.5672775,-3.149883
harteis01,Isaiah Hartenstein,test,-1.917579,-2.916671,-1.960817,-3.149883
hartjo01,Josh Hart,train,-2.185322,-2.916671,-2.5672775,-3.149883
hartjo01,Josh Hart,val,-1.938667,-2.916671,-2.5672775,-1.409717
hasleud01,Udonis Haslem,train,-3.116334,-2.916671,-2.4042459999999997,-3.525075
hausesa01,Sam Hauser,val,-4.184452,-2.916671,-2.8075085,-4.131628
hausesa01,Sam Hauser,test,-2.620777,-2.916671,-2.8075085,-3.149883
hawessp01,Spencer Hawes,train,-2.408095,-2.916671,-1.960817,-1.409717
hayesja02,Jaxson Hayes,val,-4.0734,-2.916671,-2.5672775,-3.525075
hayesja02,Jaxson Hayes,test,-3.344696,-2.916671,-1.960817,-3.525075
haywago01,Gordon Hayward,train,-1.387802,-2.916671,-2.5672775,-1.409717
haywago01,Gordon Hayward,train,-1.131887,-2.916671,-1.960817,-1.409717
haywago01,Gordon Hayward,train,-1.291434,-2.916671,-2.4042459999999997,-1.409717
hendege02,Gerald Henderson,train,-2.34759,-2.916671,-1.960817,-3.525075
hensojo01,John Henson,train,-2.059908,-2.916671,-2.8075085,-3.525075
hernaju01,Juancho Hernangómez,train,-2.746721,-2.916671,-2.5672775,-3.525075
hernawi01,Willy Hernangómez,train,-4.173251,-2.916671,-4.332629,-3.149883
hernawi01,Willy Hernangómez,train,-3.828825,-2.916671,-2.5672775,-3.525075
herroty01,Tyler Herro,val,-1.511612,-2.916671,-2.8075085,-1.409717
hezonma01,Mario Hezonja,train,-2.906937,-2.916671,-4.332629,-3.149883
hieldbu01,Buddy Hield,train,-3.165419,-2.916671,-4.332629,-3.149883
hieldbu01,Buddy Hield,train,-1.535631,-2.916671,-2.8075085,-1.409717
hieldbu01,Buddy Hield,test,-2.700878,-2.916671,-1.960817,-3.149883
highsha01,Haywood Highsmith,test,-3.257585,-2.916671,-2.5672775,-3.149883
hilarne01,Nenê,train,-3.305908,-2.916671,-2.4042459999999997,-3.525075
hilarne01,Nenê,train,-2.390046,-2.916671,-2.4042459999999997,-3.525075
hillge01,George Hill,train,-1.65162,-2.916671,-1.960817,-1.409717
hillge01,George Hill,train,-2.431911,-2.916671,-2.4042459999999997,-3.149883
hillge01,George Hill,train,-3.335894,-2.916671,-2.4042459999999997,-3.149883
hillida01,Darrun Hilliard,train,-4.430817,-2.916671,-4.332629,-3.149883
hilljo01,Jordan Hill,train,-3.158521,-2.916671,-1.960817,-3.149883
hillso01,Solomon Hill,train,-2.059908,-2.916671,-2.8075085,-3.525075
hinriki01,Kirk Hinrich,train,-3.114547,-2.916671,-2.4042459999999997,-3.149883
holidaa01,Aaron Holiday,test,-3.380348,-2.916671,-2.5672775,-3.525075
holidjr01,Jrue Holiday,train,-1.369215,-2.916671,-1.960817,-1.409717
holidjr01,Jrue Holiday,train,-1.298515,-2.916671,-2.4042459999999997,-1.409717
holidjr01,Jrue Holiday,test,-1.522165,-2.916671,-2.4042459999999997,-1.409717
holidju01,Justin Holiday,train,-4.268698,-2.916671,-2.8075085,-3.525075
holidju01,Justin Holiday,train,-3.091981,-2.916671,-2.5672775,-3.525075
holidju01,Justin Holiday,train,-2.899761,-2.916671,-1.960817,-3.149883
holliro01,Rondae Hollis-Jefferson,train,-3.937341,-2.916671,-4.332629,-3.149883
holmeri01,Richaun Holmes,train,-4.212485,-2.916671,-4.332629,-3.149883
holmeri01,Richaun Holmes,train,-3.106462,-2.916671,-2.5672775,-3.525075
holmeri01,Richaun Holmes,train,-2.268601,-2.916671,-2.5672775,-3.149883
holmeri01,Richaun Holmes,test,-2.478892,-2.916671,-1.960817,-3.525075
holmgch01,Chet Holmgren,test,-1.065072,-2.916671,-2.8075085,-3.149883
hoodro01,Rodney Hood,train,-3.866534,-2.916671,-4.332629,-3.149883
hoodro01,Rodney Hood,train,-2.92619,-2.916671,-2.5672775,-3.149883
hoodro01,Rodney Hood,train,-2.346029,-2.916671,-2.5672775,-3.149883
horfoal01,Al Horford,train,-1.203721,-2.916671,-1.960817,-1.409717
horfoal01,Al Horford,train,-1.387578,-2.916671,-2.4042459999999997,-3.149883
horfoal01,Al Horford,val,-2.635542,-2.916671,-2.4042459999999997,-3.149883
horfoal01,Al Horford,test,-3.278986,-2.916671,-2.4042459999999997,-3.149883
horfoal01,Al Horford,test,-3.19126,-2.916671,-2.4042459999999997,-3.149883
hortota01,Talen Horton-Tucker,train,-4.51031,-2.916671,-4.332629,-3.149883
hortota01,Talen Horton-Tucker,train,-2.391016,-2.916671,-2.8075085,-3.149883
houseda01,Danuel House Jr.,train,-4.873319,-2.916671,-4.332629,-3.149883
houseda01,Danuel House Jr.,train,-3.379804,-2.916671,-2.8075085,-3.149883
houseda01,Danuel House Jr.,val,-3.380033,-2.916671,-2.5672775,-3.525075
houstca01,Caleb Houstan,val,-4.098437,-2.916671,-4.332629,-3.149883
howardw01,Dwight Howard,train,-1.387814,-2.916671,-2.4042459999999997,-1.409717
howardw01,Dwight Howard,train,-2.928072,-2.916671,-2.4042459999999997,-1.409717
huertke01,Kevin Huerter,test,-2.939231,-2.916671,-1.960817,-3.149883
huertma01,Marcelo Huertas,train,-4.116285,-2.916671,-2.8075085,-3.525075
huestjo01,Josh Huestis,train,-4.095774,-2.916671,-4.332629,-3.149883
humphkr01,Kris Humphries,train,-2.653512,-2.916671,-2.4042459999999997,-3.525075
huntede01,De'Andre Hunter,val,-1.799294,-2.916671,-2.8075085,-3.149883
ibakase01,Serge Ibaka,train,-1.520284,-2.916671,-1.960817,-1.409717
ibakase01,Serge Ibaka,train,-2.442393,-2.916671,-2.4042459999999997,-3.149883
ighodos01,Oso Ighodaro,test,-4.265265,-2.916671,-4.332629,-3.149883
iguodan01,Andre Iguodala,train,-1.82347,-2.916671,-2.4042459999999997,-3.149883
iguodan01,Andre Iguodala,train,-1.984581,-2.916671,-2.4042459999999997,-3.525075
ilyaser01,Ersan İlyasova,train,-2.677778,-2.916671,-2.4042459999999997,-3.149883
inglejo01,Joe Ingles,train,-3.483027,-2.916671,-2.8075085,-3.149883
inglejo01,Joe Ingles,train,-2.031109,-2.916671,-2.8075085,-3.149883
inglejo01,Joe Ingles,val,-2.514914,-2.916671,-1.960817,-3.149883
ingrabr01,Brandon Ingram,train,-1.237893,-2.916671,-2.5672775,-1.409717
ingrabr01,Brandon Ingram,test,-1.447576,-2.916671,-1.960817,-1.409717
irvinky01,Kyrie Irving,train,-1.311452,-2.916671,-2.8075085,-1.409717
irvinky01,Kyrie Irving,train,-1.162601,-2.916671,-1.960817,-1.409717
irvinky01,Kyrie Irving,val,-1.17514,-2.916671,-2.4042459999999997,-1.409717
irvinky01,Kyrie Irving,test,-1.365098,-2.916671,-2.4042459999999997,-1.409717
isaacjo01,Jonathan Isaac,train,-1.861417,-2.916671,-2.8075085,-3.149883
iwundwe01,Wes Iwundu,train,-4.295954,-2.916671,-4.332629,-3.149883
iwundwe01,Wes Iwundu,train,-4.133016,-2.916671,-2.8075085,-3.525075
jacksan01,Andre Jackson Jr.,val,-4.265706,-2.916671,-4.332629,-3.149883
jacksfr01,Frank Jackson,train,-4.35967,-2.916671,-4.332629,-3.149883
jacksfr01,Frank Jackson,train,-4.133016,-2.916671,-2.8075085,-3.525075
jacksfr01,Frank Jackson,train,-3.598884,-2.916671,-2.8075085,-3.525075
jacksgg01,GG Jackson II,val,-4.157725,-2.916671,-4.332629,-3.149883
jacksis01,Isaiah Jackson,test,-3.095235,-2.916671,-2.5672775,-3.525075
jacksjo02,Josh Jackson,train,-3.106462,-2.916671,-2.8075085,-3.525075
jacksre01,Reggie Jackson,train,-1.475907,-2.916671,-2.5672775,-3.149883
jacksre01,Reggie Jackson,train,-2.342642,-2.916671,-2.4042459999999997,-3.149883
jacksre01,Reggie Jackson,val,-3.278679,-2.916671,-2.4042459999999997,-3.149883
jackstr02,Trayce Jackson-Davis,val,-4.265706,-2.916671,-4.332629,-3.149883
jamesbr02,Bronny James,test,-4.265265,-2.916671,-4.332629,-3.149883
jamesle01,LeBron James,train,-1.094893,-2.916671,-2.4042459999999997,-1.409717
jamesle01,LeBron James,train,-1.038257,-2.916671,-2.4042459999999997,-1.409717
jamesle01,LeBron James,train,-0.976281,-2.916671,-2.4042459999999997,-1.409717
jamesle01,LeBron James,train,-0.96495,-2.916671,-2.4042459999999997,-1.409717
jamesle01,LeBron James,val,-1.010635,-2.916671,-2.4042459999999997,-1.409717
jamesle01,LeBron James,test,-1.020302,-2.916671,-2.4042459999999997,-1.409717
jamesle01,LeBron James,test,-3.757689,-2.916671,-2.4042459999999997,-1.409717
jamessi01,Sion James,test,-4.127859,-2.916671,-4.332629,-3.149883
jeffeal01,Al Jefferson,train,-2.24223,-2.916671,-2.4042459999999997,-3.149883
jefferi01,Richard Jefferson,train,-3.615279,-2.916671,-2.4042459999999997,-3.525075
jeffrda01,DaQuan Jeffries,test,-3.934233,-2.916671,-2.5672775,-4.131628
jerebjo01,Jonas Jerebko,train,-2.639057,-2.916671,-2.5672775,-3.525075
jerebjo01,Jonas Jerebko,train,-3.185072,-2.916671,-1.960817,-3.525075
jeromty01,Ty Jerome,val,-4.0734,-2.916671,-2.5672775,-3.525075
jeromty01,Ty Jerome,test,-2.81977,-2.916671,-2.5672775,-3.525075
joeis01,Isaiah Joe,train,-4.356159,-2.916671,-4.332629,-3.149883
joeis01,Isaiah Joe,val,-4.126016,-2.916671,-2.8075085,-3.525075
joeis01,Isaiah Joe,test,-2.460927,-2.916671,-2.5672775,-3.525075
johnsal02,Alize Johnson,train,-4.505905,-2.916671,-4.332629,-3.149883
johnsal02,Alize Johnson,train,-4.131628,-2.916671,-2.8075085,-3.525075
johnsam01,Amir Johnson,train,-1.763589,-2.916671,-1.960817,-3.149883
johnsca02,Cameron Johnson,val,-1.750504,-2.916671,-2.5672775,-3.149883
johnsja01,James Johnson,train,-3.227875,-2.916671,-2.5672775,-3.525075
johnsja01,James Johnson,train,-1.926518,-2.916671,-1.960817,-3.149883
johnske07,Keon Johnson,test,-4.132684,-2.916671,-2.8075085,-3.525075
johnsst04,Stanley Johnson,train,-3.183785,-2.916671,-4.332629,-3.149883
johnsst04,Stanley Johnson,train,-3.380253,-2.916671,-2.5672775,-3.525075
johnsty01,Tyler Johnson,train,-4.537209,-2.916671,-4.332629,-3.149883
johnsty01,Tyler Johnson,train,-4.892852,-2.916671,-4.332629,-3.525075
johnsty01,Tyler Johnson,train,-2.019086,-2.916671,-2.8075085,-3.149883
johnswe01,Wesley Johnson,train,-4.095774,-2.916671,-2.5672775,-3.149883
johnswe01,Wesley Johnson,train,-2.775528,-2.916671,-2.5672775,-3.149883
jokicni01,Nikola Jokić,train,-3.941011,-2.916671,-4.332629,-3.149883
jokicni01,Nikola Jokić,train,-1.237942,-2.916671,-2.8075085,-1.409717
jokicni01,Nikola Jokić,val,-0.901412,-2.916671,-1.960817,-1.409717
jonesco02,Colby Jones,val,-4.127767,-2.916671,-4.332629,-3.149883
jonesda03,Damian Jones,train,-4.077446,-2.916671,-2.5672775,-3.525075
jonesda03,Damian Jones,val,-3.92345,-2.916671,-2.5672775,-3.525075
jonesde02,Derrick Jones Jr.,train,-4.419652,-2.916671,-4.332629,-3.149883
jonesde02,Derrick Jones Jr.,train,-4.166263,-2.916671,-2.8075085,-3.525075
jonesde02,Derrick Jones Jr.,train,-2.442393,-2.916671,-2.5672775,-3.149883
jonesde02,Derrick Jones Jr.,val,-3.629652,-2.916671,-2.5672775,-3.525075
jonesde02,Derrick Jones Jr.,test,-2.643249,-2.916671,-1.960817,-3.149883
joneshe01,Herbert Jones,train,-4.149327,-2.916671,-4.332629,-3.149883
joneshe01,Herbert Jones,val,-2.313273,-2.916671,-2.8075085,-3.149883
joneshe01,Herbert Jones,test,-2.021755,-2.916671,-2.5672775,-1.409717
joneska03,Kam Jones,test,-4.265267,-2.916671,-4.332629,-3.149883
jonessp01,Spencer Jones,test,-3.365749,-2.916671,-2.8075085,-3.149883
jonestr01,Tre Jones,val,-2.661517,-2.916671,-2.8075085,-3.149883
jonestr01,Tre Jones,test,-2.961704,-2.916671,-2.5672775,-3.525075
jonesty01,Tyus Jones,train,-3.978468,-2.916671,-4.332629,-3.149883
jonesty01,Tyus Jones,train,-2.51788,-2.916671,-2.5672775,-3.149883
jonesty01,Tyus Jones,val,-2.143347,-2.916671,-1.960817,-3.149883
jordade01,DeAndre Jordan,train,-1.162009,-2.916671,-1.960817,-1.409717
jordade01,DeAndre Jordan,train,-2.390046,-2.916671,-2.4042459999999997,-3.149883
jordade01,DeAndre Jordan,test,-3.756431,-2.916671,-2.4042459999999997,-3.525075
josepco01,Cory Joseph,train,-2.237266,-2.916671,-2.5672775,-3.525075
josepco01,Cory Joseph,train,-2.174935,-2.916671,-1.960817,-3.149883
josepco01,Cory Joseph,train,-3.105775,-2.916671,-2.4042459999999997,-3.149883
josepco01,Cory Joseph,test,-3.72648,-2.916671,-2.4042459999999997,-3.525075
juzanjo01,Johnny Juzang,test,-3.895887,-2.916671,-2.8075085,-3.525075
kalkbry01,Ryan Kalkbrenner,test,-4.127859,-2.916671,-4.332629,-3.149883
kaminfr01,Frank Kaminsky,train,-3.266417,-2.916671,-4.332629,-3.149883
kanteen01,Enes Freedom,train,-1.386294,-2.916671,-2.5672775,-3.149883
kellyry01,Ryan Kelly,train,-3.584507,-2.916671,-2.8075085,-3.525075
kellyry01,Ryan Kelly,train,-2.19646,-2.916671,-1.960817,-3.149883
kellyry01,Ryan Kelly,test,-2.843921,-2.916671,-2.4042459999999997,-3.149883
kennalu01,Luke Kennard,train,-2.102363,-2.916671,-2.8075085,-1.409717
kennalu01,Luke Kennard,test,-3.30949,-2.916671,-1.960817,-3.149883
kesslwa01,Walker Kessler,test,-1.6593,-2.916671,-2.5672775,-1.409717
kiddgmi01,Michael Kidd-Gilchrist,train,-1.979866,-2.916671,-2.8075085,-3.149883
kilpase01,Sean Kilpatrick,train,-4.342806,-2.916671,-4.332629,-3.525075
kilpase01,Sean Kilpatrick,train,-4.832497,-2.916671,-2.8075085,-3.525075
kilpase01,Sean Kilpatrick,train,-3.897751,-2.916671,-2.8075085,-3.525075
klebima01,Maxi Kleber,train,-4.505304,-2.916671,-4.332629,-3.149883
klebima01,Maxi Kleber,train,-2.50658,-2.916671,-2.8075085,-3.149883
klebima01,Maxi Kleber,val,-2.514914,-2.916671,-2.5672775,-3.149883
knighbr03,Brandon Knight,train,-1.905758,-2.916671,-2.5672775,-1.409717
knighna01,Nathan Knight,val,-4.167778,-2.916671,-2.8075085,-4.131628
knoxke01,Kevin Knox,val,-3.718883,-2.916671,-2.5672775,-4.131628
kolekty01,Tyler Kolek,test,-4.128259,-2.916671,-4.332629,-3.149883
kolokch01,Christian Koloko,val,-4.259786,-2.916671,-4.332629,-3.149883
konchjo01,John Konchar,train,-3.881701,-2.916671,-2.8075085,-4.131628
konchjo01,John Konchar,val,-3.066983,-2.916671,-2.8075085,-3.525075
korkmfu01,Furkan Korkmaz,train,-4.167903,-2.916671,-2.8075085,-3.525075
korkmfu01,Furkan Korkmaz,train,-3.112751,-2.916671,-2.5672775,-3.525075
kornelu01,Luke Kornet,train,-3.881701,-2.916671,-2.8075085,-3.525075
kornelu01,Luke Kornet,val,-3.995515,-2.916671,-2.5672775,-4.131628
kornelu01,Luke Kornet,test,-2.721211,-2.916671,-1.960817,-3.525075
korveky01,Kyle Korver,train,-2.603629,-2.916671,-2.4042459999999997,-3.149883
koufoko01,Kosta Koufos,train,-2.141317,-2.916671,-1.960817,-3.525075
krejcvi01,Vít Krejčí,train,-4.266347,-2.916671,-4.332629,-3.149883
krejcvi01,Vít Krejčí,test,-4.029543,-2.916671,-2.8075085,-3.149883
kuminjo01,Jonathan Kuminga,test,-1.888409,-2.916671,-2.5672775,-3.149883
kurucro01,Rodions Kurucs,train,-4.093059,-2.916671,-4.332629,-3.149883
kuzmaky01,Kyle Kuzma,train,-2.157239,-2.916671,-2.8075085,-3.149883
kuzmaky01,Kyle Kuzma,val,-1.799294,-2.916671,-2.5672775,-1.409717
kuzmimi01,Mindaugas Kuzminskas,train,-3.46301,-2.916671,-4.332629,-3.149883
lambje01,Jeremy Lamb,train,-2.598905,-2.916671,-2.8075085,-3.525075
lambje01,Jeremy Lamb,train,-2.341256,-2.916671,-1.960817,-3.149883
landajo01,Jock Landale,train,-4.503053,-2.916671,-4.332629,-3.149883
landajo01,Jock Landale,val,-2.833368,-2.916671,-2.8075085,-3.525075
laravja01,Jake LaRavia,test,-3.249386,-2.916671,-2.8075085,-3.149883
larkish01,Shane Larkin,train,-3.84303,-2.916671,-2.8075085,-3.149883
larsspe01,Pelle Larsson,test,-4.358047,-2.916671,-4.332629,-3.149883
lauvejo01,Joffrey Lauvergne,train,-3.698449,-2.916671,-4.332629,-3.525075
lauvejo01,Joffrey Lauvergne,train,-4.132325,-2.916671,-2.8075085,-3.525075
lavinza01,Zach LaVine,train,-3.402229,-2.916671,-4.332629,-3.149883
lavinza01,Zach LaVine,train,-1.653273,-2.916671,-2.5672775,-3.149883
lavinza01,Zach LaVine,val,-1.055551,-2.916671,-1.960817,-1.409717
laymaja01,Jake Layman,train,-4.390664,-2.916671,-4.332629,-3.149883
laymaja01,Jake Layman,train,-3.366441,-2.916671,-2.8075085,-3.525075
leeco01,Courtney Lee,train,-2.059908,-2.916671,-1.960817,-3.149883
leeda03,Damion Lee,train,-4.866399,-2.916671,-4.332629,-3.149883
leesa01,Saben Lee,train,-4.183748,-2.916671,-4.332629,-3.525075
lenal01,Alex Len,train,-3.175593,-2.916671,-2.5672775,-3.149883
lenal01,Alex Len,train,-3.38063,-2.916671,-1.960817,-3.525075
leonaka01,Kawhi Leonard,train,-1.311452,-2.916671,-2.5672775,-1.409717
leonaka01,Kawhi Leonard,train,-1.155156,-2.916671,-1.960817,-1.409717
leonaka01,Kawhi Leonard,train,-0.936466,-2.916671,-2.4042459999999997,-1.409717
leonaka01,Kawhi Leonard,test,-1.132394,-2.916671,-2.4042459999999997,-1.409717
leoname01,Meyers Leonard,train,-2.217537,-2.916671,-2.5672775,-3.149883
leuerjo01,Jon Leuer,train,-2.19344,-2.916671,-2.5672775,-3.525075
leverca01,Caris LeVert,train,-1.830431,-2.916671,-2.8075085,-3.149883
leverca01,Caris LeVert,val,-2.140221,-2.916671,-1.960817,-1.409717
leverca01,Caris LeVert,test,-2.370105,-2.916671,-1.960817,-3.149883
liggide01,DeAndre Liggins,train,-4.449734,-2.916671,-2.5672775,-3.525075
lillada01,Damian Lillard,train,-1.213396,-2.916671,-2.8075085,-1.409717
lillada01,Damian Lillard,train,-0.908442,-2.916671,-1.960817,-1.409717
lillada01,Damian Lillard,val,-0.882292,-2.916671,-2.4042459999999997,-1.409717
lillada01,Damian Lillard,test,-2.402088,-2.916671,-2.4042459999999997,-1.409717
linje01,Jeremy Lin,train,-3.466879,-2.916671,-2.5672775,-3.149883
linje01,Jeremy Lin,train,-1.997977,-2.916671,-2.5672775,-3.149883
littlna01,Nassir Little,val,-2.966899,-2.916671,-2.8075085,-3.149883
liveris01,Isaiah Livers,train,-4.325652,-2.916671,-4.332629,-3.149883
livinsh01,Shaun Livingston,train,-2.43157,-2.916671,-2.4042459999999997,-3.149883
livinsh01,Shaun Livingston,train,-2.529618,-2.916671,-2.4042459999999997,-3.525075
looneke01,Kevon Looney,train,-4.104395,-2.916671,-4.332629,-3.149883
looneke01,Kevon Looney,train,-3.119166,-2.916671,-2.8075085,-3.525075
looneke01,Kevon Looney,val,-2.802592,-2.916671,-2.5672775,-3.149883
looneke01,Kevon Looney,test,-2.961704,-2.916671,-1.960817,-3.525075
lopezbr01,Brook Lopez,train,-1.196068,-2.916671,-1.960817,-3.149883
lopezbr01,Brook Lopez,train,-2.127682,-2.916671,-2.4042459999999997,-3.149883
lopezbr01,Brook Lopez,val,-1.734755,-2.916671,-2.4042459999999997,-1.409717
lopezbr01,Brook Lopez,test,-2.847259,-2.916671,-2.4042459999999997,-1.409717
lopezro01,Robin Lopez,train,-1.645806,-2.916671,-1.960817,-3.149883
lopezro01,Robin Lopez,train,-3.106462,-2.916671,-2.4042459999999997,-3.149883
loveke01,Kevin Love,train,-1.425097,-2.916671,-1.960817,-1.409717
loveke01,Kevin Love,train,-1.288106,-2.916671,-2.4042459999999997,-3.149883
loveke01,Kevin Love,val,-3.54417,-2.916671,-2.4042459999999997,-3.525075
loveke01,Kevin Love,test,-3.559539,-2.916671,-2.4042459999999997,-3.525075
lowryky01,Kyle Lowry,train,-1.659259,-2.916671,-1.960817,-1.409717
lowryky01,Kyle Lowry,train,-1.089501,-2.916671,-2.4042459999999997,-1.409717
lowryky01,Kyle Lowry,train,-1.37815,-2.916671,-2.4042459999999997,-1.409717
lylestr01,Trey Lyles,train,-3.419943,-2.916671,-4.332629,-3.149883
lylestr01,Trey Lyles,train,-2.987883,-2.916671,-2.5672775,-3.525075
lylestr01,Trey Lyles,train,-3.78023,-2.916671,-2.5672775,-3.525075
lylestr01,Trey Lyles,val,-2.833368,-2.916671,-1.960817,-3.525075
macksh01,Shelvin Mack,train,-3.254904,-2.916671,-2.8075085,-3.149883
macksh01,Shelvin Mack,train,-2.804299,-2.916671,-2.5672775,-3.149883
mahinia01,Ian Mahinmi,train,-1.772226,-2.916671,-1.960817,-3.149883
maledth01,Théo Maledon,train,-4.016291,-2.916671,-4.332629,-3.149883
mamuksa01,Sandro Mamukelashvili,test,-4.074161,-2.916671,-2.5672775,-3.525075
mamuksa01,Sandro Mamukelashvili,test,-2.571506,-2.916671,-2.5672775,-3.149883
mannte01,Terance Mann,train,-4.332629,-2.916671,-4.332629,-3.149883
mannte01,Terance Mann,train,-2.4196,-2.916671,-2.8075085,-3.525075
mannte01,Terance Mann,test,-2.28961,-2.916671,-2.5672775,-3.149883
manntr01,Tre Mann,test,-2.961704,-2.916671,-2.5672775,-3.149883
marjabo01,Boban Marjanović,train,-2.598905,-2.916671,-2.8075085,-4.131628
marjabo01,Boban Marjanović,train,-3.439868,-2.916671,-2.5672775,-3.525075
marjabo01,Boban Marjanović,train,-3.469426,-2.916671,-2.5672775,-4.131628
markkla01,Lauri Markkanen,train,-1.8968,-2.916671,-2.5672775,-3.149883
marshna01,Naji Marshall,test,-2.748609,-2.916671,-2.8075085,-3.525075
marshna01,Naji Marshall,test,-2.38183,-2.916671,-2.5672775,-3.149883
martica02,Caleb Martin,train,-4.356159,-2.916671,-4.332629,-3.149883
martica02,Caleb Martin,val,-2.900083,-2.916671,-2.8075085,-3.149883
martica02,Caleb Martin,test,-2.775638,-2.916671,-2.5672775,-3.149883
martico01,Cody Martin,train,-4.293855,-2.916671,-4.332629,-3.149883
martico01,Cody Martin,val,-2.758257,-2.916671,-2.8075085,-3.149883
martija01,Jarell Martin,train,-4.017384,-2.916671,-4.332629,-3.149883
martike03,Kelan Martin,train,-4.238376,-2.916671,-2.8075085,-3.525075
martike04,KJ Martin,train,-4.265731,-2.916671,-4.332629,-3.149883
martity01,Tyrese Martin,val,-4.502685,-2.916671,-4.332629,-3.149883
masonfr01,Frank Mason III,train,-4.26436,-2.916671,-4.332629,-3.149883
matkoka01,Karlo Matković,test,-4.358047,-2.916671,-4.332629,-3.149883
matthwe02,Wesley Matthews,train,-1.386294,-2.916671,-2.5672775,-1.409717
matthwe02,Wesley Matthews,train,-3.725648,-2.916671,-2.4042459999999997,-1.409717
maxeyty01,Tyrese Maxey,test,-1.237887,-2.916671,-2.5672775,-1.409717
mbahalu01,Luc Mbah a Moute,train,-3.733885,-2.916671,-1.960817,-3.525075
mcadoja01,James Michael McAdoo,train,-4.931692,-2.916671,-4.332629,-4.131628
mcbrimi01,Miles McBride,train,-4.357545,-2.916671,-4.332629,-3.149883
mcbrimi01,Miles McBride,val,-3.479497,-2.916671,-2.8075085,-3.525075
mccaija01,Jared McCain,test,-3.364354,-2.916671,-4.332629,-3.149883
mccawpa01,Patrick McCaw,train,-4.873319,-2.916671,-4.332629,-3.149883
mccawpa01,Patrick McCaw,train,-3.525075,-2.916671,-2.8075085,-3.525075
mccawpa01,Patrick McCaw,train,-3.306337,-2.916671,-2.8075085,-3.525075
mccolcj01,CJ McCollum,train,-1.318914,-2.916671,-2.8075085,-1.409717
mccolcj01,CJ McCollum,train,-1.186074,-2.916671,-2.5672775,-1.409717
mccolcj01,CJ McCollum,val,-1.447073,-2.916671,-1.960817,-1.409717
mccontj01,T.J. McConnell,train,-3.439868,-2.916671,-2.5672775,-3.525075
mccontj01,T.J. McConnell,train,-2.593957,-2.916671,-2.5672775,-3.149883
mccontj01,T.J. McConnell,test,-2.620777,-2.916671,-1.960817,-3.525075
mcculch01,Chris McCullough,train,-4.095774,-2.916671,-4.332629,-3.149883
mcdanja01,Jalen McDaniels,train,-4.265731,-2.916671,-4.332629,-3.149883
mcdanja01,Jalen McDaniels,val,-3.380252,-2.916671,-2.5672775,-3.149883
mcdanja02,Jaden McDaniels,val,-1.680074,-2.916671,-2.8075085,-1.409717
mcdankj01,K.J. McDaniels,train,-3.066768,-2.916671,-2.8075085,-3.149883
mcderdo01,Doug McDermott,train,-3.298298,-2.916671,-4.332629,-3.149883
mcderdo01,Doug McDermott,train,-2.631258,-2.916671,-2.5672775,-3.149883
mcderdo01,Doug McDermott,train,-2.083131,-2.916671,-1.960817,-3.149883
mcgeeja01,JaVale McGee,train,-3.281644,-2.916671,-2.4042459999999997,-3.149883
mcgeeja01,JaVale McGee,val,-3.071198,-2.916671,-2.4042459999999997,-3.525075
mcgruro01,Rodney McGruder,train,-4.727136,-2.916671,-4.332629,-3.149883
mcgruro01,Rodney McGruder,train,-3.083194,-2.916671,-2.8075085,-3.149883
mckinal01,Alfonzo McKinnie,train,-4.505304,-2.916671,-4.332629,-3.149883
mckinal01,Alfonzo McKinnie,train,-4.238425,-2.916671,-2.8075085,-4.131628
mckinal01,Alfonzo McKinnie,train,-4.091051,-2.916671,-2.8075085,-3.525075
mclaujo01,Jordan McLaughlin,train,-3.95208,-2.916671,-2.8075085,-3.525075
mclembe01,Ben McLemore,train,-2.922708,-2.916671,-2.5672775,-3.525075
mclembe01,Ben McLemore,train,-3.927164,-2.916671,-2.5672775,-4.131628
mcrobjo01,Josh McRoberts,train,-2.4103,-2.916671,-1.960817,-1.409717
meeksjo01,Jodie Meeks,train,-2.30839,-2.916671,-2.5672775,-1.409717
meeksjo01,Jodie Meeks,train,-3.387098,-2.916671,-1.960817,-3.149883
mejrisa01,Salah Mejri,train,-4.471639,-2.916671,-4.332629,-3.149883
mellini01,Nicolò Melli,train,-3.306337,-2.916671,-4.332629,-3.149883
meltode01,De'Anthony Melton,train,-4.445541,-2.916671,-4.332629,-3.149883
meltode01,De'Anthony Melton,train,-2.535072,-2.916671,-2.8075085,-3.525075
meltode01,De'Anthony Melton,test,-3.857885,-2.916671,-1.960817,-3.149883
meltode01,De'Anthony Melton,test,-3.30949,-2.916671,-1.960817,-3.149883
merrisa01,Sam Merrill,train,-4.51031,-2.916671,-4.332629,-3.149883
merrisa01,Sam Merrill,val,-4.167778,-2.916671,-2.8075085,-4.131628
merrisa01,Sam Merrill,test,-2.789853,-2.916671,-2.5672775,-3.525075
metuch01,Chimezie Metu,train,-4.361323,-2.916671,-4.332629,-3.149883
metuch01,Chimezie Metu,train,-4.125426,-2.916671,-2.8075085,-4.131628
micicva01,Vasilije Micić,val,-2.851871,-2.916671,-4.332629,-3.149883
middlkh01,Khris Middleton,train,-1.609438,-2.916671,-2.8075085,-1.409717
middlkh01,Khris Middleton,train,-1.123099,-2.916671,-1.960817,-1.409717
middlkh01,Khris Middleton,val,-1.478822,-2.916671,-2.4042459999999997,-3.149883
middlkh01,Khris Middleton,test,-3.366601,-2.916671,-2.4042459999999997,-3.149883
milescj01,C.J. Miles,train,-2.642313,-2.916671,-1.960817,-3.525075
milescj01,C.J. Miles,train,-2.475795,-2.916671,-2.4042459999999997,-3.149883
milleda01,Darius Miller,train,-4.195459,-2.916671,-2.8075085,-3.525075
milleda01,Darius Miller,train,-2.729022,-2.916671,-1.960817,-3.149883
millejo02,Jordan Miller,test,-3.507215,-2.916671,-2.8075085,-3.149883
millele01,Leonard Miller,val,-4.180441,-2.916671,-4.332629,-3.149883
millemi01,Mike Miller,train,-3.116334,-2.916671,-2.4042459999999997,-3.149883
millemi01,Mike Miller,train,-3.628524,-2.916671,-2.4042459999999997,-4.131628
millspa01,Paul Millsap,train,-1.249435,-2.916671,-1.960817,-1.409717
millspa01,Paul Millsap,train,-1.178332,-2.916671,-2.4042459999999997,-1.409717
millspa02,Patty Mills,train,-2.677829,-2.916671,-2.5672775,-3.525075
millspa02,Patty Mills,train,-2.111152,-2.916671,-1.960817,-3.149883
millspa02,Patty Mills,train,-2.924613,-2.916671,-2.4042459999999997,-3.149883
millspa02,Patty Mills,val,-2.924383,-2.916671,-2.4042459999999997,-3.149883
miltosh01,Shake Milton,val,-3.303371,-2.916671,-2.5672775,-3.149883
miltosh01,Shake Milton,test,-3.8296,-2.916671,-2.5672775,-3.525075
minotjo01,Josh Minott,val,-4.266488,-2.916671,-4.332629,-3.149883
minotjo01,Josh Minott,test,-4.132887,-2.916671,-2.8075085,-4.131628
minotjo01,Josh Minott,test,-3.632378,-2.916671,-2.5672775,-3.525075
mirotni01,Nikola Mirotić,train,-2.433376,-2.916671,-4.332629,-3.149883
mitchaj01,Ajay Mitchell,test,-3.976434,-2.916671,-2.8075085,-3.525075
mitchda01,Davion Mitchell,test,-2.556238,-2.916671,-2.5672775,-3.149883
mitchdo01,Donovan Mitchell,train,-1.237876,-2.916671,-2.8075085,-1.409717
mitchdo01,Donovan Mitchell,test,-1.126991,-2.916671,-1.960817,-1.409717
mitchdo01,Donovan Mitchell,test,-1.009688,-2.916671,-1.960817,-1.409717
monkma01,Malik Monk,val,-2.544339,-2.916671,-2.5672775,-3.149883
monkma01,Malik Monk,test,-1.975676,-2.916671,-1.960817,-3.149883
monrogr01,Greg Monroe,train,-1.407469,-2.916671,-2.5672775,-1.409717
mooreet01,E'Twaun Moore,train,-4.164369,-2.916671,-2.8075085,-3.525075
mooreet01,E'Twaun Moore,train,-2.404749,-2.916671,-2.5672775,-3.149883
moranja01,Ja Morant,val,-1.237877,-2.916671,-2.8075085,-1.409717
moreler01,Eric Moreland,train,-4.39691,-2.916671,-4.332629,-3.149883
moreler01,Eric Moreland,train,-3.993566,-2.916671,-2.8075085,-3.149883
morrima02,Markieff Morris,train,-2.169054,-2.916671,-2.8075085,-3.149883
morrima02,Markieff Morris,train,-3.504788,-2.916671,-1.960817,-3.149883
morrima03,Marcus Morris,train,-2.639057,-2.916671,-2.8075085,-3.149883
morrima03,Marcus Morris,train,-1.920043,-2.916671,-1.960817,-1.409717
morrimo01,Monte Morris,train,-4.183285,-2.916671,-2.8075085,-4.131628
morrimo01,Monte Morris,train,-2.496844,-2.916671,-2.8075085,-3.149883
morroan01,Anthony Morrow,train,-2.940193,-2.916671,-2.5672775,-3.525075
mozgoti01,Timofey Mozgov,train,-1.772226,-2.916671,-2.5672775,-3.525075
mudiaem01,Emmanuel Mudiay,train,-3.094764,-2.916671,-4.332629,-3.149883
muhamsh01,Shabazz Muhammad,train,-4.074293,-2.916671,-2.5672775,-3.525075
murrade01,Dejounte Murray,train,-4.081081,-2.916671,-4.332629,-3.149883
murrade01,Dejounte Murray,train,-1.920043,-2.916671,-2.8075085,-3.149883
murrade01,Dejounte Murray,val,-1.593826,-2.916671,-1.960817,-1.409717
murraja01,Jamal Murray,train,-1.025742,-2.916671,-2.8075085,-1.409717
murraja01,Jamal Murray,test,-1.090623,-2.916671,-1.960817,-1.409717
muscami01,Mike Muscala,train,-2.986621,-2.916671,-2.8075085,-3.525075
muscami01,Mike Muscala,train,-3.927164,-2.916671,-2.5672775,-3.149883
muscami01,Mike Muscala,train,-3.469426,-2.916671,-1.960817,-3.525075
muscami01,Mike Muscala,val,-3.564732,-2.916671,-1.960817,-3.525075
mykhasv01,Svi Mykhailiuk,train,-4.252124,-2.916671,-4.332629,-3.149883
mykhasv01,Svi Mykhailiuk,train,-4.131628,-2.916671,-2.8075085,-3.149883
mykhasv01,Svi Mykhailiuk,test,-3.62075,-2.916671,-2.5672775,-3.525075
naderab01,Abdel Nader,train,-4.269156,-2.916671,-4.332629,-3.149883
naderab01,Abdel Nader,train,-3.989821,-2.916671,-2.5672775,-3.525075
nancela02,Larry Nance Jr.,train,-4.082981,-2.916671,-4.332629,-3.149883
nancela02,Larry Nance Jr.,train,-2.276718,-2.916671,-2.8075085,-3.149883
nancela02,Larry Nance Jr.,val,-2.53419,-2.916671,-1.960817,-3.149883
nancepe01,Pete Nance,test,-4.163784,-2.916671,-2.8075085,-3.525075
napiesh01,Shabazz Napier,train,-3.909094,-2.916671,-4.332629,-3.149883
nelsoja01,Jameer Nelson,train,-3.116334,-2.916671,-2.4042459999999997,-1.409717
nelsoja01,Jameer Nelson,train,-2.737038,-2.916671,-2.4042459999999997,-3.149883
nembhan01,Andrew Nembhard,val,-4.054356,-2.916671,-4.332629,-3.149883
nembhan01,Andrew Nembhard,test,-2.06817,-2.916671,-2.8075085,-3.149883
nesmiaa01,Aaron Nesmith,val,-2.547938,-2.916671,-2.8075085,-3.149883
nesmiaa01,Aaron Nesmith,test,-2.13102,-2.916671,-2.5672775,-3.149883
netora01,Raul Neto,train,-4.353856,-2.916671,-4.332629,-3.149883
netora01,Raul Neto,train,-3.83523,-2.916671,-2.8075085,-3.525075
niangge01,Georges Niang,train,-4.727136,-2.916671,-4.332629,-3.149883
niangge01,Georges Niang,train,-4.124935,-2.916671,-2.8075085,-4.131628
niangge01,Georges Niang,train,-3.513228,-2.916671,-2.5672775,-3.525075
niangge01,Georges Niang,val,-2.772743,-2.916671,-1.960817,-3.525075
nichoan01,Andrew Nicholson,train,-2.673013,-2.916671,-2.5672775,-3.525075
noahjo01,Joakim Noah,train,-1.646282,-2.916671,-1.960817,-3.149883
noelne01,Nerlens Noel,train,-3.995079,-2.916671,-2.5672775,-3.525075
noelne01,Nerlens Noel,train,-2.496844,-2.916671,-1.960817,-3.149883
noguelu01,Lucas Nogueira,train,-3.556379,-2.916671,-4.332629,-3.149883
nowelja01,Jaylen Nowell,train,-6.147919,-2.916671,-4.332629,-3.149883
nowitdi01,Dirk Nowitzki,train,-2.023902,-2.916671,-2.4042459999999997,-1.409717
ntilila01,Frank Ntilikina,train,-4.075085,-2.916671,-2.5672775,-4.131628
nunnke01,Kendrick Nunn,train,-3.088058,-2.916671,-2.8075085,-3.149883
nurkiju01,Jusuf Nurkić,train,-3.556379,-2.916671,-4.332629,-3.149883
nurkiju01,Jusuf Nurkić,train,-2.138781,-2.916671,-2.5672775,-3.149883
nurkiju01,Jusuf Nurkić,val,-1.955295,-2.916671,-1.960817,-3.149883
nurkiju01,Jusuf Nurkić,test,-2.73856,-2.916671,-2.4042459999999997,-3.149883
nwabada01,David Nwaba,train,-4.959902,-2.916671,-4.332629,-3.525075
nwabada01,David Nwaba,train,-4.133016,-2.916671,-2.8075085,-3.525075
nwabada01,David Nwaba,train,-3.112751,-2.916671,-2.5672775,-3.149883
nworajo01,Jordan Nwora,train,-4.51031,-2.916671,-4.332629,-3.149883
nworajo01,Jordan Nwora,val,-3.752785,-2.916671,-2.8075085,-3.525075
obryajo01,Johnny O'Bryant,train,-4.354887,-2.916671,-4.332629,-3.149883
obryajo01,Johnny O'Bryant,train,-4.764477,-2.916671,-2.8075085,-4.131628
ojelese01,Semi Ojeleye,train,-4.238384,-2.916671,-4.332629,-3.149883
okafoja01,Jahlil Okafor,train,-2.704129,-2.916671,-4.332629,-3.149883
okafoja01,Jahlil Okafor,train,-3.996987,-2.916671,-2.5672775,-3.525075
okoboel01,Elie Okobo,train,-4.263685,-2.916671,-4.332629,-3.149883
okogijo01,Josh Okogie,val,-3.853284,-2.916671,-2.5672775,-3.525075
okogijo01,Josh Okogie,test,-2.866392,-2.916671,-2.5672775,-3.525075
okogijo01,Josh Okogie,test,-3.344696,-2.916671,-1.960817,-3.525075
okongon01,Onyeka Okongwu,val,-2.205316,-2.916671,-2.8075085,-3.149883
okorois01,Isaac Okoro,test,-2.547938,-2.916671,-2.5672775,-3.149883
okpalkz01,KZ Okpala,train,-4.356159,-2.916671,-4.332629,-3.149883
okpalkz01,KZ Okpala,val,-4.131877,-2.916671,-2.8075085,-3.525075
oladivi01,Victor Oladipo,train,-1.539702,-2.916671,-2.8075085,-1.409717
oladivi01,Victor Oladipo,val,-2.609221,-2.916671,-1.960817,-3.149883
olynyke01,Kelly Olynyk,train,-2.07033,-2.916671,-2.5672775,-3.149883
olynyke01,Kelly Olynyk,train,-2.204492,-2.916671,-1.960817,-3.149883
olynyke01,Kelly Olynyk,test,-2.466626,-2.916671,-2.4042459999999997,-3.149883
onealro01,Royce O'Neale,train,-4.35967,-2.916671,-4.332629,-3.149883
onealro01,Royce O'Neale,train,-2.524964,-2.916671,-2.8075085,-3.149883
onealro01,Royce O'Neale,test,-2.594458,-2.916671,-1.960817,-3.149883
onimi01,Miye Oni,train,-4.356159,-2.916671,-4.332629,-3.149883
oquinky01,Kyle O'Quinn,train,-2.862201,-2.916671,-2.8075085,-3.525075
osmande01,Cedi Osman,train,-2.641075,-2.916671,-2.8075085,-1.409717
oubreke01,Kelly Oubre Jr.,train,-3.573003,-2.916671,-4.332629,-3.149883
oubreke01,Kelly Oubre Jr.,train,-1.984581,-2.916671,-2.5672775,-3.149883
oubreke01,Kelly Oubre Jr.,train,-2.19646,-2.916671,-2.5672775,-1.409717
oubreke01,Kelly Oubre Jr.,test,-2.847816,-2.916671,-1.960817,-1.409717
oubreke01,Kelly Oubre Jr.,test,-3.026242,-2.916671,-2.4042459999999997,-1.409717
parkeja01,Jabari Parker,train,-2.52676,-2.916671,-4.332629,-3.149883
parkeja01,Jabari Parker,train,-2.820829,-2.916671,-2.5672775,-3.149883
parketo01,Tony Parker,train,-3.01425,-2.916671,-2.4042459999999997,-3.525075
parsoch01,Chandler Parsons,train,-1.411965,-2.916671,-2.8075085,-1.409717
parsoch01,Chandler Parsons,train,-1.382509,-2.916671,-2.5672775,-3.149883
pascher01,Eric Paschall,train,-4.356159,-2.916671,-4.332629,-3.149883
pattepa01,Patrick Patterson,train,-2.344108,-2.916671,-2.5672775,-3.149883
pattepa01,Patrick Patterson,train,-2.899832,-2.916671,-1.960817,-3.149883
paulbr01,Brandon Paul,train,-4.866399,-2.916671,-4.332629,-3.149883
paulch01,Chris Paul,train,-1.077975,-2.916671,-1.960817,-1.409717
paulch01,Chris Paul,train,-0.936685,-2.916671,-2.4042459999999997,-1.409717
paulch01,Chris Paul,train,-1.320991,-2.916671,-2.4042459999999997,-1.409717
paynead01,Adreian Payne,train,-3.504947,-2.916671,-4.332629,-3.149883
payneca01,Cameron Payne,train,-3.523365,-2.916671,-4.332629,-3.149883
payneca01,Cameron Payne,train,-4.077446,-2.916671,-2.5672775,-3.525075
payneca01,Cameron Payne,train,-2.876362,-2.916671,-2.5672775,-3.525075
paytoel01,Elfrid Payton,train,-3.248078,-2.916671,-4.332629,-3.149883
paytoel01,Elfrid Payton,train,-2.61319,-2.916671,-2.5672775,-3.149883
paytoga02,Gary Payton II,train,-4.321671,-2.916671,-4.332629,-3.149883
paytoga02,Gary Payton II,train,-4.989101,-2.916671,-4.332629,-3.525075
paytoga02,Gary Payton II,val,-2.652259,-2.916671,-2.5672775,-3.525075
peavymi01,Micah Peavy,test,-4.265798,-2.916671,-4.332629,-3.149883
pendano01,Noah Penda,test,-4.242512,-2.916671,-4.332629,-3.149883
phillju01,Julian Phillips,val,-4.204773,-2.916671,-4.332629,-3.149883
pickeja02,Jalen Pickett,val,-4.191318,-2.916671,-4.332629,-3.149883
piercpa01,Paul Pierce,train,-2.453148,-2.916671,-2.4042459999999997,-3.149883
piercpa01,Paul Pierce,train,-2.988142,-2.916671,-2.4042459999999997,-3.149883
plowdda01,Daeqwon Plowden,test,-4.198403,-2.916671,-2.8075085,-3.149883
plumlma01,Mason Plumlee,train,-1.981099,-2.916671,-2.5672775,-3.149883
plumlma01,Mason Plumlee,train,-2.586061,-2.916671,-1.960817,-3.525075
plumlmi01,Miles Plumlee,train,-2.019086,-2.916671,-2.5672775,-3.525075
poeltja01,Jakob Poeltl,train,-2.523578,-2.916671,-2.5672775,-3.525075
poeltja01,Jakob Poeltl,val,-1.942395,-2.916671,-1.960817,-3.149883
poeltja01,Jakob Poeltl,test,-1.798316,-2.916671,-1.960817,-3.149883
poolejo01,Jordan Poole,val,-1.447073,-2.916671,-2.8075085,-1.409717
portecr01,Craig Porter Jr.,val,-4.217198,-2.916671,-4.332629,-3.149883
porteke02,Kevin Porter Jr.,val,-2.149009,-2.916671,-2.8075085,-1.409717
porteke02,Kevin Porter Jr.,test,-4.07454,-2.916671,-2.5672775,-3.149883
porteke02,Kevin Porter Jr.,test,-3.381014,-2.916671,-2.5672775,-3.525075
portemi01,Michael Porter Jr.,train,-1.276246,-2.916671,-2.8075085,-1.409717
porteot01,Otto Porter Jr.,train,-1.314208,-2.916671,-2.5672775,-1.409717
porteot01,Otto Porter Jr.,val,-3.001043,-2.916671,-1.960817,-3.149883
portibo01,Bobby Portis,train,-3.897838,-2.916671,-4.332629,-3.149883
portibo01,Bobby Portis,train,-3.384299,-2.916671,-2.5672775,-3.149883
portibo01,Bobby Portis,train,-3.228161,-2.916671,-2.5672775,-3.149883
portibo01,Bobby Portis,val,-2.320578,-2.916671,-1.960817,-3.149883
portibo01,Bobby Portis,test,-2.365618,-2.916671,-2.4042459999999997,-3.149883
porzikr01,Kristaps Porziņģis,train,-2.807476,-2.916671,-4.332629,-3.149883
porzikr01,Kristaps Porziņģis,train,-1.237893,-2.916671,-2.5672775,-3.149883
porzikr01,Kristaps Porziņģis,val,-1.544636,-2.916671,-1.960817,-1.409717
porzikr01,Kristaps Porziņģis,test,-2.236033,-2.916671,-2.4042459999999997,-3.149883
postqu01,Quinten Post,test,-2.83387,-2.916671,-2.8075085,-3.525075
poweldw01,Dwight Powell,train,-4.537209,-2.916671,-4.332629,-3.149883
poweldw01,Dwight Powell,train,-2.294736,-2.916671,-2.5672775,-3.149883
poweldw01,Dwight Powell,val,-3.526515,-2.916671,-1.960817,-3.525075
powelno01,Norman Powell,train,-4.414943,-2.916671,-4.332629,-3.149883
powelno01,Norman Powell,train,-1.831817,-2.916671,-2.5672775,-1.409717
powelno01,Norman Powell,test,-2.043596,-2.916671,-2.4042459999999997,-3.149883
poythal01,Alex Poythress,train,-4.456297,-2.916671,-4.332629,-3.149883
pricero01,Ronnie Price,train,-3.628524,-2.916671,-2.4042459999999997,-3.525075
prigipa01,Pablo Prigioni,train,-4.43596,-2.916671,-2.5672775,-3.525075
princta02,Taurean Prince,train,-2.156952,-2.916671,-2.8075085,-3.149883
princta02,Taurean Prince,val,-2.927678,-2.916671,-2.5672775,-3.525075
princta02,Taurean Prince,test,-3.771385,-2.916671,-1.960817,-3.149883
pritcpa01,Payton Pritchard,val,-2.930931,-2.916671,-2.8075085,-3.525075
proctty01,Tyrese Proctor,test,-4.265267,-2.916671,-4.332629,-3.149883
queentr01,Trevelin Queen,val,-4.238077,-2.916671,-2.8075085,-4.131628
quetane01,Neemias Queta,val,-4.166121,-2.916671,-2.8075085,-4.131628
quetane01,Neemias Queta,test,-4.073147,-2.916671,-2.8075085,-3.525075
quetane01,Neemias Queta,test,-2.592708,-2.916671,-2.5672775,-3.149883
quickim01,Immanuel Quickley,test,-1.390486,-2.916671,-2.5672775,-3.149883
rabbiv01,Ivan Rabb,train,-4.320956,-2.916671,-4.332629,-3.149883
randlch01,Chasson Randle,train,-4.5665,-2.916671,-4.332629,-3.525075
randlch01,Chasson Randle,train,-4.91077,-2.916671,-4.332629,-3.525075
randlju01,Julius Randle,train,-3.024118,-2.916671,-4.332629,-3.149883
randlju01,Julius Randle,train,-2.44327,-2.916671,-2.5672775,-3.149883
randlju01,Julius Randle,train,-1.662498,-2.916671,-2.5672775,-1.409717
randlju01,Julius Randle,train,-1.440847,-2.916671,-1.960817,-1.409717
randlju01,Julius Randle,test,-1.534587,-2.916671,-2.4042459999999997,-1.409717
randoza01,Zach Randolph,train,-1.94591,-2.916671,-2.4042459999999997,-1.409717
randoza01,Zach Randolph,train,-2.111152,-2.916671,-2.4042459999999997,-3.149883
raynama01,Maxime Raynaud,test,-4.356418,-2.916671,-4.332629,-3.149883
reaveau01,Austin Reaves,train,-4.503053,-2.916671,-4.332629,-3.149883
reaveau01,Austin Reaves,val,-2.313273,-2.916671,-2.8075085,-3.149883
reaveau01,Austin Reaves,test,-1.303692,-2.916671,-2.5672775,-1.409717
reddica01,Cam Reddish,val,-4.0734,-2.916671,-2.5672775,-3.149883
redicjj01,JJ Redick,train,-2.108634,-2.916671,-2.4042459999999997,-1.409717
reedda01,Davon Reed,train,-4.264958,-2.916671,-4.332629,-3.149883
reedda01,Davon Reed,val,-4.131877,-2.916671,-2.5672775,-3.525075
reedpa01,Paul Reed,val,-2.851871,-2.916671,-2.8075085,-3.525075
reedpa01,Paul Reed,test,-3.341866,-2.916671,-2.5672775,-4.131628
reedwi02,Willie Reed,train,-4.496025,-2.916671,-2.8075085,-3.525075
reevean01,Antonio Reeves,test,-4.358047,-2.916671,-4.332629,-3.149883
reidna01,Naz Reid,val,-2.306776,-2.916671,-2.5672775,-3.525075
reidna01,Naz Reid,test,-1.822269,-2.916671,-2.5672775,-3.149883
richajo01,Josh Richardson,train,-4.471639,-2.916671,-4.332629,-3.149883
richajo01,Josh Richardson,train,-2.272312,-2.916671,-2.8075085,-1.409717
richajo01,Josh Richardson,val,-3.824247,-2.916671,-1.960817,-3.149883
richani01,Nick Richards,train,-4.332629,-2.916671,-4.332629,-3.149883
richani01,Nick Richards,val,-3.336396,-2.916671,-2.8075085,-3.525075
richawi02,Will Richard,test,-4.265798,-2.916671,-4.332629,-3.149883
riverau01,Austin Rivers,train,-3.06984,-2.916671,-2.8075085,-3.149883
riverau01,Austin Rivers,train,-2.073894,-2.916671,-2.5672775,-3.149883
riverau01,Austin Rivers,train,-3.872852,-2.916671,-1.960817,-3.149883
riverau01,Austin Rivers,train,-3.491162,-2.916671,-1.960817,-3.149883
roberan03,Andre Roberson,train,-2.293474,-2.916671,-2.5672775,-1.409717
roberbr01,Brian Roberts,train,-3.116334,-2.916671,-2.8075085,-3.149883
robindu01,Duncan Robinson,train,-1.831817,-2.916671,-2.8075085,-1.409717
robindu01,Duncan Robinson,test,-2.333095,-2.916671,-1.960817,-3.149883
robingl02,Glenn Robinson III,train,-4.183957,-2.916671,-2.8075085,-4.131628
robinje02,Jeremiah Robinson-Earl,train,-4.042887,-2.916671,-4.332629,-3.149883
robinmi01,Mitchell Robinson,train,-4.174737,-2.916671,-4.332629,-3.149883
robinmi01,Mitchell Robinson,val,-2.109445,-2.916671,-2.5672775,-3.149883
robinmi01,Mitchell Robinson,test,-2.376445,-2.916671,-1.960817,-3.525075
robinor01,Orlando Robinson,val,-4.239865,-2.916671,-2.8075085,-3.525075
robinth01,Thomas Robinson,train,-4.233607,-2.916671,-2.8075085,-3.525075
robyis01,Isaiah Roby,train,-4.222628,-2.916671,-4.332629,-3.149883
roddyda01,David Roddy,val,-3.63961,-2.916671,-4.332629,-3.149883
rolliry01,Ryan Rollins,val,-4.35586,-2.916671,-4.332629,-3.149883
rolliry01,Ryan Rollins,test,-3.654851,-2.916671,-2.8075085,-3.525075
rondora01,Rajon Rondo,train,-1.927419,-2.916671,-2.4042459999999997,-1.409717
rondora01,Rajon Rondo,train,-3.740974,-2.916671,-2.4042459999999997,-3.149883
rondora01,Rajon Rondo,train,-2.677728,-2.916671,-2.4042459999999997,-3.149883
rosede01,Derrick Rose,train,-2.677728,-2.916671,-2.4042459999999997,-3.149883
rosede01,Derrick Rose,train,-2.046661,-2.916671,-2.4042459999999997,-3.149883
rosede01,Derrick Rose,val,-3.726491,-2.916671,-2.4042459999999997,-3.525075
rosste01,Terrence Ross,train,-2.19344,-2.916671,-2.8075085,-3.149883
rosste01,Terrence Ross,train,-2.089942,-2.916671,-1.960817,-3.149883
roziete01,Terry Rozier,train,-3.625234,-2.916671,-4.332629,-3.149883
roziete01,Terry Rozier,train,-1.75347,-2.916671,-2.5672775,-3.149883
roziete01,Terry Rozier,train,-1.636737,-2.916671,-2.5672775,-1.409717
rubiori01,Ricky Rubio,train,-1.627456,-2.916671,-2.8075085,-1.409717
rubiori01,Ricky Rubio,train,-1.859418,-2.916671,-1.960817,-3.149883
rubiori01,Ricky Rubio,val,-3.001586,-2.916671,-2.4042459999999997,-3.149883
rudezda01,Damjan Rudež,train,-4.026383,-2.916671,-4.332629,-3.149883
ruperra01,Rayan Rupert,val,-4.35701,-2.916671,-4.332629,-3.149883
rushbr01,Brandon Rush,train,-3.961844,-2.916671,-2.5672775,-3.525075
russeda01,D'Angelo Russell,train,-2.599837,-2.916671,-4.332629,-3.149883
russeda01,D'Angelo Russell,train,-1.316752,-2.916671,-2.5672775,-1.409717
russeda01,D'Angelo Russell,val,-2.022438,-2.916671,-1.960817,-1.409717
russeda01,D'Angelo Russell,test,-3.278986,-2.916671,-2.4042459999999997,-3.149883
sabondo01,Domantas Sabonis,train,-1.73512,-2.916671,-2.8075085,-3.149883
sampsja02,JaKarr Sampson,train,-4.39691,-2.916671,-4.332629,-3.149883
sampsja02,JaKarr Sampson,train,-5.022851,-2.916671,-2.8075085,-3.525075
sandeko01,Kobe Sanders,test,-4.099718,-2.916671,-2.8075085,-3.525075
santogu01,Gui Santos,val,-4.374368,-2.916671,-4.332629,-3.149883
santogu01,Gui Santos,test,-3.622328,-2.916671,-2.8075085,-3.149883
saricda01,Dario Šarić,train,-3.681925,-2.916671,-4.332629,-3.149883
saricda01,Dario Šarić,train,-2.495407,-2.916671,-2.5672775,-3.149883
saricda01,Dario Šarić,test,-3.279071,-2.916671,-1.960817,-3.525075
satorto01,Tomáš Satoranský,train,-2.390046,-2.916671,-2.8075085,-3.149883
schofad01,Admiral Schofield,train,-4.356159,-2.916671,-4.332629,-3.149883
schrode01,Dennis Schröder,train,-1.733858,-2.916671,-2.8075085,-3.149883
schrode01,Dennis Schröder,val,-2.370027,-2.916671,-2.4042459999999997,-1.409717
schrode01,Dennis Schröder,test,-2.345842,-2.916671,-2.4042459999999997,-3.149883
scottmi01,Mike Scott,train,-2.940193,-2.916671,-2.8075085,-3.525075
scottmi01,Mike Scott,train,-3.103396,-2.916671,-1.960817,-3.525075
sefolth01,Thabo Sefolosha,train,-2.757872,-2.916671,-1.960817,-3.149883
seldewa01,Wayne Selden,train,-4.952734,-2.916671,-4.332629,-3.525075
seldewa01,Wayne Selden,train,-4.238384,-2.916671,-4.332629,-3.525075
sessira01,Ramon Sessions,train,-3.390394,-2.916671,-2.5672775,-3.149883
sextoco01,Collin Sexton,val,-1.941814,-2.916671,-2.5672775,-3.149883
sextoco01,Collin Sexton,test,-2.874692,-2.916671,-1.960817,-3.149883
shamela01,Landry Shamet,test,-3.345529,-2.916671,-1.960817,-3.149883
sharpda01,Day'Ron Sharpe,test,-3.208564,-2.916671,-2.5672775,-3.525075
sharpda01,Day'Ron Sharpe,test,-2.83387,-2.916671,-2.5672775,-3.525075
sheadja01,Jamal Shead,test,-4.233879,-2.916671,-4.332629,-3.149883
shumpim01,Iman Shumpert,train,-1.94591,-2.916671,-2.5672775,-3.149883
siakapa01,Pascal Siakam,train,-1.159675,-2.916671,-2.8075085,-1.409717
siakapa01,Pascal Siakam,test,-1.090646,-2.916671,-1.960817,-1.409717
simmobe01,Ben Simmons,train,-1.12479,-2.916671,-2.8075085,-1.409717
simmojo02,Jonathon Simmons,train,-4.60517,-2.916671,-4.332629,-3.149883
simonan01,Anfernee Simons,val,-1.59862,-2.916671,-2.5672775,-3.149883
simonan01,Anfernee Simons,test,-3.320003,-2.916671,-1.960817,-3.149883
simsje01,Jericho Sims,val,-4.182684,-2.916671,-2.8075085,-3.525075
simsje01,Jericho Sims,test,-4.074161,-2.916671,-2.5672775,-3.525075
singlky01,Kyle Singler,train,-2.690351,-2.916671,-2.8075085,-3.149883
smartma01,Marcus Smart,train,-2.933714,-2.916671,-4.332629,-3.149883
smartma01,Marcus Smart,train,-2.058738,-2.916671,-2.5672775,-3.149883
smartma01,Marcus Smart,train,-1.86663,-2.916671,-1.960817,-1.409717
smartma01,Marcus Smart,test,-3.381014,-2.916671,-2.4042459999999997,-3.525075
smartma01,Marcus Smart,test,-3.30949,-2.916671,-2.4042459999999997,-3.149883
smithdr01,Dru Smith,test,-4.072895,-2.916671,-2.8075085,-3.525075
smithis01,Ish Smith,train,-2.753055,-2.916671,-2.5672775,-3.149883
smithis01,Ish Smith,train,-3.192877,-2.916671,-2.4042459999999997,-3.149883
smithja04,Jalen Smith,val,-3.199428,-2.916671,-2.8075085,-3.525075
smithja04,Jalen Smith,test,-2.748609,-2.916671,-2.5672775,-3.525075
smithjr01,J.R. Smith,train,-1.888058,-2.916671,-2.4042459999999997,-1.409717
smithni01,Nick Smith Jr.,val,-3.761446,-2.916671,-4.332629,-3.149883
snellto01,Tony Snell,train,-2.153712,-2.916671,-2.5672775,-3.149883
speigma01,Marreese Speights,train,-4.18714,-2.916671,-1.960817,-3.525075
spencca01,Cam Spencer,test,-4.085634,-2.916671,-2.8075085,-3.525075
stausni01,Nik Stauskas,train,-3.110981,-2.916671,-4.332629,-3.149883
stephla01,Lance Stephenson,train,-1.946941,-2.916671,-2.8075085,-1.409717
stephla01,Lance Stephenson,train,-3.187514,-2.916671,-2.5672775,-3.149883
strusma01,Max Strus,train,-4.185695,-2.916671,-2.8075085,-3.525075
strusma01,Max Strus,val,-2.167142,-2.916671,-2.5672775,-3.149883
sumneed01,Edmond Sumner,train,-3.960264,-2.916671,-2.8075085,-4.131628
sumneed01,Edmond Sumner,val,-4.07318,-2.916671,-2.5672775,-3.149883
tateja01,Jae'Sean Tate,train,-4.300589,-2.916671,-4.332629,-3.149883
tateja01,Jae'Sean Tate,val,-2.82053,-2.916671,-2.8075085,-3.149883
tatumja01,Jayson Tatum,train,-1.237876,-2.916671,-2.8075085,-1.409717
tatumja01,Jayson Tatum,test,-0.90119,-2.916671,-1.960817,-1.409717
taylois01,Isaiah Taylor,train,-4.866399,-2.916671,-4.332629,-3.149883
taylois01,Isaiah Taylor,train,-4.596059,-2.916671,-4.332629,-3.525075
taylois01,Isaiah Taylor,train,-4.207401,-2.916671,-4.332629,-3.525075
taylois01,Isaiah Taylor,train,-4.167903,-2.916671,-2.8075085,-3.149883
taylote01,Terry Taylor,val,-4.166121,-2.916671,-2.8075085,-4.131628
teaguje01,Jeff Teague,train,-1.65162,-2.916671,-1.960817,-1.409717
teletmi01,Mirza Teletović,train,-2.19344,-2.916671,-2.5672775,-3.149883
templga01,Garrett Temple,train,-4.104945,-2.916671,-2.5672775,-4.131628
templga01,Garrett Temple,train,-2.465373,-2.916671,-2.5672775,-3.149883
templga01,Garrett Temple,train,-3.081898,-2.916671,-2.4042459999999997,-3.149883
teodomi01,Miloš Teodosić,train,-2.779607,-2.916671,-4.332629,-3.149883
theisda01,Daniel Theis,train,-4.505304,-2.916671,-4.332629,-3.149883
theisda01,Daniel Theis,train,-3.083194,-2.916671,-2.8075085,-3.525075
theisda01,Daniel Theis,train,-2.524964,-2.916671,-2.5672775,-3.149883
thomais02,Isaiah Thomas,train,-2.234623,-2.916671,-2.8075085,-1.409717
thomala01,Lance Thomas,train,-2.616923,-2.916671,-2.5672775,-3.149883
thomama02,Matt Thomas,train,-4.356159,-2.916671,-4.332629,-3.149883
thompkl01,Klay Thompson,train,-1.400683,-2.916671,-2.8075085,-1.409717
thompkl01,Klay Thompson,train,-1.055572,-2.916671,-1.960817,-1.409717
thompkl01,Klay Thompson,test,-2.132423,-2.916671,-2.4042459999999997,-3.149883
thomptr01,Tristan Thompson,train,-1.451214,-2.916671,-2.5672775,-3.149883
thomptr01,Tristan Thompson,train,-2.442393,-2.916671,-1.960817,-1.409717
thorjt01,JT Thor,train,-4.215371,-2.916671,-4.332629,-3.149883
thornsi01,Sindarius Thornwell,train,-4.35967,-2.916671,-4.332629,-3.149883
thybuma01,Matisse Thybulle,val,-2.512493,-2.916671,-2.5672775,-3.525075
tillmxa01,Xavier Tillman Sr.,train,-4.202519,-2.916671,-4.332629,-3.149883
tillmxa01,Xavier Tillman Sr.,test,-4.07454,-2.916671,-2.8075085,-3.525075
tollian01,Anthony Tolliver,train,-3.045554,-2.916671,-2.5672775,-3.149883
tollian01,Anthony Tolliver,train,-2.465373,-2.916671,-1.960817,-3.525075
toppiob01,Obi Toppin,test,-2.271685,-2.916671,-2.5672775,-3.149883
townska01,Karl-Anthony Towns,train,-2.485478,-2.916671,-4.332629,-3.149883
townska01,Karl-Anthony Towns,train,-1.237893,-2.916671,-2.8075085,-1.409717
townska01,Karl-Anthony Towns,val,-0.903478,-2.916671,-1.960817,-1.409717
trentga02,Gary Trent Jr.,train,-4.361323,-2.916671,-4.332629,-3.149883
trentga02,Gary Trent Jr.,train,-1.872639,-2.916671,-2.8075085,-1.409717
trentga02,Gary Trent Jr.,test,-2.363867,-2.916671,-1.960817,-3.149883
tuckepj01,P.J. Tucker,train,-2.439418,-2.916671,-1.960817,-1.409717
tuckepj01,P.J. Tucker,train,-2.519747,-2.916671,-2.4042459999999997,-3.149883
tuckepj01,P.J. Tucker,train,-2.751586,-2.916671,-2.4042459999999997,-3.149883
tuckepj01,P.J. Tucker,val,-2.4196,-2.916671,-2.4042459999999997,-3.149883
turneev01,Evan Turner,train,-2.935206,-2.916671,-2.5672775,-1.409717
turneev01,Evan Turner,train,-1.682614,-2.916671,-2.5672775,-3.149883
turnemy01,Myles Turner,train,-3.368868,-2.916671,-4.332629,-3.149883
turnemy01,Myles Turner,train,-1.696899,-2.916671,-2.8075085,-3.149883
turnemy01,Myles Turner,test,-1.737377,-2.916671,-2.4042459999999997,-1.409717
tysonhu01,Hunter Tyson,val,-4.265706,-2.916671,-4.332629,-3.149883
udohek01,Ekpe Udoh,train,-3.417404,-2.916671,-1.960817,-3.149883
udrihbe01,Beno Udrih,train,-3.390394,-2.916671,-2.4042459999999997,-3.525075
ulisty01,Tyler Ulis,train,-4.544815,-2.916671,-4.332629,-3.149883
valanjo01,Jonas Valančiūnas,train,-1.984581,-2.916671,-1.960817,-3.149883
valanjo01,Jonas Valančiūnas,train,-2.104789,-2.916671,-1.960817,-3.149883
valanjo01,Jonas Valančiūnas,test,-2.633298,-2.916671,-2.4042459999999997,-3.149883
valende01,Denzel Valentine,train,-3.997058,-2.916671,-2.5672775,-3.525075
vandeja01,Jarred Vanderbilt,train,-4.361323,-2.916671,-4.332629,-3.149883
vandeja01,Jarred Vanderbilt,train,-3.246663,-2.916671,-2.8075085,-3.525075
vandeja01,Jarred Vanderbilt,val,-2.460927,-2.916671,-2.5672775,-3.149883
vanvlfr01,Fred VanVleet,train,-4.866399,-2.916671,-4.332629,-3.149883
vanvlfr01,Fred VanVleet,train,-2.426463,-2.916671,-2.8075085,-3.525075
vanvlfr01,Fred VanVleet,train,-1.636275,-2.916671,-2.5672775,-1.409717
vanvlfr01,Fred VanVleet,val,-1.155493,-2.916671,-1.960817,-1.409717
vanvlfr01,Fred VanVleet,test,-1.822269,-2.916671,-1.960817,-1.409717
varejan01,Anderson Varejão,train,-1.94591,-2.916671,-2.4042459999999997,-3.149883
vassede01,Devin Vassell,val,-1.649997,-2.916671,-2.8075085,-1.409717
vaughra01,Rashad Vaughn,train,-3.677516,-2.916671,-4.332629,-3.149883
vezenal01,Sasha Vezenkov,val,-3.01719,-2.916671,-4.332629,-3.149883
vincega01,Gabe Vincent,train,-4.168303,-2.916671,-2.8075085,-3.525075
vincega01,Gabe Vincent,val,-2.514914,-2.916671,-2.8075085,-3.149883
vonleno01,Noah Vonleh,train,-3.196377,-2.916671,-4.332629,-3.149883
vucevni01,Nikola Vučević,train,-1.664498,-2.916671,-2.8075085,-1.409717
vucevni01,Nikola Vučević,train,-1.473756,-2.916671,-1.960817,-1.409717
wadede01,Dean Wade,val,-3.093651,-2.916671,-2.8075085,-3.525075
wadede01,Dean Wade,test,-2.86691,-2.916671,-1.960817,-3.149883
wadedw01,Dwyane Wade,train,-1.399302,-2.916671,-2.4042459999999997,-1.409717
wadedw01,Dwyane Wade,train,-1.387814,-2.916671,-2.4042459999999997,-1.409717
wagnemo01,Moritz Wagner,train,-4.134402,-2.916671,-2.8075085,-3.525075
wagnemo01,Moritz Wagner,val,-2.833368,-2.916671,-2.5672775,-3.525075
wagnemo01,Moritz Wagner,test,-2.547938,-2.916671,-2.5672775,-3.525075
wagnemo01,Moritz Wagner,test,-2.914538,-2.916671,-1.960817,-3.525075
wainris01,Ish Wainright,train,-4.503053,-2.916671,-4.332629,-3.149883
waitedi01,Dion Waiters,train,-3.457938,-2.916671,-2.5672775,-3.149883
waitedi01,Dion Waiters,train,-2.031109,-2.916671,-2.5672775,-1.409717
walkeja01,Jabari Walker,val,-4.35586,-2.916671,-4.332629,-3.149883
walkeke02,Kemba Walker,train,-1.763589,-2.916671,-2.8075085,-1.409717
walkeke02,Kemba Walker,train,-1.131656,-2.916671,-1.960817,-1.409717
walkeke02,Kemba Walker,train,-2.531094,-2.916671,-2.4042459999999997,-1.409717
wallaty01,Tyrone Wallace,train,-4.241832,-2.916671,-4.332629,-3.149883
walljo01,John Wall,train,-1.313426,-2.916671,-2.8075085,-1.409717
walljo01,John Wall,train,-0.868318,-2.916671,-1.960817,-1.409717
walljo01,John Wall,val,-2.924383,-2.916671,-2.4042459999999997,-3.149883
walshjo01,Jordan Walsh,val,-4.265706,-2.916671,-4.332629,-3.149883
walshjo01,Jordan Walsh,test,-3.622328,-2.916671,-2.8075085,-3.525075
warretj01,T.J. Warren,train,-3.453522,-2.916671,-4.332629,-3.149883
warretj01,T.J. Warren,train,-2.159834,-2.916671,-2.8075085,-1.409717
washipj01,P.J. Washington,val,-2.171969,-2.916671,-2.5672775,-1.409717
washipj01,P.J. Washington,test,-2.036814,-2.916671,-2.5672775,-1.409717
watanyu01,Yuta Watanabe,val,-3.996519,-2.916671,-2.5672775,-3.525075
watfotr01,Trendon Watford,test,-4.074161,-2.916671,-2.5672775,-3.149883
watsocj01,C.J. Watson,train,-2.639057,-2.916671,-1.960817,-3.149883
weberbr01,Briante Weber,train,-5.001573,-2.916671,-4.332629,-3.149883
weberbr01,Briante Weber,train,-4.819202,-2.916671,-2.8075085,-3.525075
wellsja01,Jaylen Wells,test,-4.265265,-2.916671,-4.332629,-3.149883
westbru01,Russell Westbrook,train,-1.18908,-2.916671,-1.960817,-1.409717
westbru01,Russell Westbrook,train,-0.901373,-2.916671,-1.960817,-1.409717
westbru01,Russell Westbrook,val,-3.54417,-2.916671,-2.4042459999999997,-3.149883
westbru01,Russell Westbrook,test,-3.72648,-2.916671,-2.4042459999999997,-3.149883
westda01,David West,train,-3.826501,-2.916671,-2.4042459999999997,-3.149883
whiteco01,Coby White,val,-2.427903,-2.916671,-2.5672775,-3.149883
whiteco01,Coby White,test,-1.931002,-2.916671,-1.960817,-3.149883
whitede01,Derrick White,train,-1.859988,-2.916671,-2.8075085,-3.149883
whitede01,Derrick White,test,-1.656331,-2.916671,-1.960817,-1.409717
whiteha01,Hassan Whiteside,train,-4.277697,-2.916671,-2.5672775,-3.149883
whiteha01,Hassan Whiteside,train,-1.342068,-2.916671,-2.5672775,-3.149883
whiteis01,Isaiah Whitehead,train,-4.407229,-2.916671,-4.332629,-3.149883
whiteok01,Okaro White,train,-4.866399,-2.916671,-4.332629,-3.149883
whiteok01,Okaro White,train,-4.870496,-2.916671,-4.332629,-3.525075
wiggiaa01,Aaron Wiggins,test,-2.748609,-2.916671,-2.8075085,-3.525075
wiggian01,Andrew Wiggins,train,-2.415169,-2.916671,-4.332629,-3.149883
wiggian01,Andrew Wiggins,train,-1.237942,-2.916671,-2.8075085,-1.409717
wiggian01,Andrew Wiggins,val,-1.607756,-2.916671,-1.960817,-1.409717
wiggian01,Andrew Wiggins,test,-2.403565,-2.916671,-2.4042459999999997,-1.409717
willial03,Alan Williams,train,-5.289255,-2.916671,-4.332629,-4.131628
willial03,Alan Williams,train,-2.861458,-2.916671,-2.8075085,-3.525075
willide01,Deron Williams,train,-2.543747,-2.916671,-2.4042459999999997,-1.409717
willide02,Derrick Williams,train,-2.74464,-2.916671,-2.5672775,-3.525075
willigr01,Grant Williams,val,-2.322417,-2.916671,-2.5672775,-3.149883
willija06,Jalen Williams,test,-1.268635,-2.916671,-2.8075085,-1.409717
willija07,Jaylin Williams,val,-4.098437,-2.916671,-4.332629,-3.149883
willija07,Jaylin Williams,test,-3.057014,-2.916671,-2.8075085,-3.525075
willike04,Kenrich Williams,train,-4.492659,-2.916671,-4.332629,-3.149883
willike04,Kenrich Williams,train,-3.999484,-2.916671,-2.8075085,-3.149883
willike04,Kenrich Williams,val,-2.99699,-2.916671,-2.5672775,-3.149883
willilo02,Lou Williams,train,-2.302585,-2.916671,-2.4042459999999997,-3.149883
willima01,Mo Williams,train,-3.485356,-2.916671,-2.4042459999999997,-3.149883
willima02,Marvin Williams,train,-2.198256,-2.916671,-1.960817,-3.149883
willima02,Marvin Williams,train,-1.932909,-2.916671,-2.4042459999999997,-3.149883
willima07,Mark Williams,test,-2.597481,-2.916671,-2.5672775,-3.149883
willipa01,Patrick Williams,train,-2.61007,-2.916671,-4.332629,-3.149883
willipa01,Patrick Williams,test,-2.055462,-2.916671,-2.5672775,-3.149883
williro04,Robert Williams,test,-2.557617,-2.916671,-1.960817,-3.525075
willitr02,Troy Williams,train,-4.866399,-2.916671,-4.332629,-3.149883
willitr02,Troy Williams,train,-4.149239,-2.916671,-2.8075085,-3.525075
willitr02,Troy Williams,train,-4.751521,-2.916671,-2.8075085,-3.525075
willizi02,Ziaire Williams,test,-3.208564,-2.916671,-2.5672775,-3.149883
wilsodj01,D.J. Wilson,val,-3.995515,-2.916671,-2.5672775,-3.525075
winslju01,Justise Winslow,train,-3.316331,-2.916671,-4.332629,-3.149883
winslju01,Justise Winslow,train,-2.127682,-2.916671,-2.8075085,-3.149883
wisemja01,James Wiseman,test,-4.07454,-2.916671,-2.5672775,-3.525075
wisemja01,James Wiseman,test,-3.995582,-2.916671,-2.5672775,-4.131628
witheje01,Jeff Withey,train,-4.268698,-2.916671,-2.8075085,-4.131628
witheje01,Jeff Withey,train,-4.074293,-2.916671,-2.5672775,-4.131628
woodch01,Christian Wood,train,-4.471639,-2.916671,-4.332629,-3.149883
woodch01,Christian Wood,train,-4.601385,-2.916671,-2.8075085,-4.131628
woodch01,Christian Wood,train,-2.077672,-2.916671,-2.5672775,-3.149883
woodch01,Christian Wood,val,-3.856757,-2.916671,-1.960817,-3.149883
wrighbr03,Brandan Wright,train,-2.508029,-2.916671,-1.960817,-3.525075
wrighde01,Delon Wright,train,-3.813471,-2.916671,-4.332629,-3.149883
wrighde01,Delon Wright,train,-2.457255,-2.916671,-2.5672775,-3.149883
wrighde01,Delon Wright,val,-2.738054,-2.916671,-1.960817,-3.525075
youngni01,Nick Young,train,-2.471753,-2.916671,-1.960817,-3.149883
youngth01,Thaddeus Young,train,-1.645806,-2.916671,-1.960817,-1.409717
youngth01,Thaddeus Young,train,-2.077672,-2.916671,-2.4042459999999997,-1.409717
youngth01,Thaddeus Young,val,-2.738054,-2.916671,-2.4042459999999997,-3.525075
youngtr01,Trae Young,train,-1.055551,-2.916671,-2.8075085,-1.409717
youngtr01,Trae Young,test,-1.162397,-2.916671,-1.960817,-3.149883
yurtsom01,Omer Yurtseven,train,-4.239762,-2.916671,-4.332629,-3.149883
yurtsom01,Omer Yurtseven,val,-3.908508,-2.916671,-2.8075085,-4.131628
zelleco01,Cody Zeller,train,-1.957001,-2.916671,-2.8075085,-3.149883
zelleco01,Cody Zeller,test,-3.643827,-2.916671,-2.4042459999999997,-4.131628
zellety01,Tyler Zeller,train,-2.34759,-2.916671,-2.5672775,-3.525075
zellety01,Tyler Zeller,train,-3.997222,-2.916671,-2.5672775,-3.525075
zipsepa01,Paul Zipser,train,-4.596108,-2.916671,-4.332629,-3.149883
zubaciv01,Ivica Zubac,train,-4.480276,-2.916671,-4.332629,-3.149883
zubaciv01,Ivica Zubac,train,-2.746721,-2.916671,-2.8075085,-3.525075
zubaciv01,Ivica Zubac,val,-2.520993,-2.916671,-2.5672775,-3.149883
zubaciv01,Ivica Zubac,test,-2.069023,-2.916671,-1.960817,-3.149883
