player_id,player_name,height_inches,weight_lb,born,college,draft_year,draft_round,draft_pick,debut_year
abrinal01,Álex Abrines,78,200,1993-08-01,,2013,,,2016
achiupr01,Precious Achiuwa,80,243,1999-09-19,Memphis,2020,,,2020
acyqu01,Quincy Acy,79,240,1990-10-06,Baylor,2012,,,2012
adamsja01,Jaylen Adams,72,225,1996-05-04,St. Bonaventure,,,,2018
adamsjo01,Jordan Adams,77,209,1994-07-08,UCLA,2014,,,2014
adamsst01,Steven Adams,83,265,1993-07-20,Pitt,2013,,,2013
adebaba01,Bam Adebayo,81,255,1997-07-18,Kentucky,2017,,,2017
adelde01,Deng Adel,79,200,1997-02-01,Louisville,,,,2019
afflaar01,Arron Afflalo,77,210,1985-10-15,UCLA,2007,,,2007
agbajoc01,Ochai Agbaji,77,215,2000-04-20,Kansas,2022,,,2022
ajincal01,Alexis Ajinça,86,248,1988-05-06,,2008,,,2008
akoonde01,DeVaughn Akoon-Purcell,78,200,1993-06-05,Illinois State,,,,2018
aldamsa01,Santi Aldama,84,215,2001-01-10,Loyola (MD),2021,,,2021
aldrico01,Cole Aldrich,83,253,1988-10-31,Kansas,2010,,,2010
aldrila01,LaMarcus Aldridge,83,250,1985-07-19,Texas,2006,,,2006
alexacl01,Cliff Alexander,80,245,1995-11-16,Kansas,,,,2015
alexaky01,Kyle Alexander,83,220,1996-10-21,Tennessee,,,,2020
alexani01,Nickeil Alexander-Walker,77,205,1998-09-02,Virginia Tech,2019,,,2019
alexatr01,Trey Alexander,77,185,2003-05-02,Creighton,,,,2024
alexaty01,Ty-Shon Alexander,75,195,1998-07-16,Creighton,,,,2020
alkinra01,Rawle Alkins,77,225,1997-10-29,Arizona,,,,2018
allengr01,Grayson Allen,75,198,1995-10-08,Duke,2018,,,2018
allenja01,Jarrett Allen,81,243,1998-04-21,Texas,2017,,,2017
allenka01,Kadeem Allen,73,200,1993-01-15,Arizona,2017,,,2017
allenla01,Lavoy Allen,81,260,1989-02-04,Temple,2011,,,2012
allenti01,Timmy Allen,78,210,2000-01-09,Utah,,,,2024
allento01,Tony Allen,76,213,1982-01-11,Butler County Community College,2004,,,2004
alvarjo01,Jose Alvarado,72,179,1998-04-12,Georgia Tech,,,,2021
aminual01,Al-Farouq Aminu,81,220,1990-09-21,Wake Forest,2010,,,2010
amundlo01,Lou Amundson,81,220,1982-12-07,UNLV,,,,2007
anderal01,Alan Anderson,78,220,1982-10-16,Michigan State,,,,2005
anderch01,Chris Andersen,82,245,1978-07-07,Blinn College,,,,2001
anderja01,James Anderson,78,213,1989-03-25,Oklahoma State,2010,,,2010
anderju01,Justin Anderson,78,230,1993-11-19,Virginia,2015,,,2015
anderky01,Kyle Anderson,80,230,1993-09-20,UCLA,2014,,,2014
anderry01,Ryan Anderson,81,240,1988-05-06,California,2008,,,2008
anigbik01,Ike Anigbogu,81,252,1998-10-17,UCLA,2017,,,2017
antetal01,Alex Antetokounmpo,80,214,2001-08-27,,,,,2026
antetgi01,Giannis Antetokounmpo,83,243,1994-12-06,,2013,,,2013
antetko01,Kostas Antetokounmpo,82,200,1997-11-20,Dayton,2018,,,2019
antetth01,Thanasis Antetokounmpo,79,219,1992-07-18,,2014,,,2016
anthoca01,Carmelo Anthony,79,238,1984-05-29,Syracuse,2003,,,2003
anthoco01,Cole Anthony,74,185,2000-05-15,UNC,2020,,,2020
anthojo01,Joel Anthony,81,245,1982-08-09,UNLV,,,,2007
anunoog01,OG Anunoby,79,240,1997-07-17,Indiana,2017,,,2017
applike01,Keith Appling,73,185,1992-02-13,Michigan State,,,,2016
arcidry01,Ryan Arcidiacono,75,195,1994-03-26,Villanova,,,,2017
arizatr01,Trevor Ariza,80,215,1985-06-30,UCLA,2004,,,2004
armeltr01,Armel Traoré,81,246,2003-01-23,,,,,2024
artesro01,Metta World Peace,79,260,1979-11-13,St. John's,1999,,,1999
arthuda01,Darrell Arthur,81,235,1988-03-25,Kansas,2008,,,2008
artisja01,Jamel Artis,79,213,1993-01-12,Pitt,,,,2017
asikom01,Ömer Aşık,84,255,1986-07-04,,2008,,,2010
augusdj01,D.J. Augustin,71,183,1987-11-10,Texas,2008,,,2008
avdijde01,Deni Avdija,80,228,2001-01-03,,2020,,,2020
ayayijo01,Joel Ayayi,76,180,2000-03-05,Gonzaga,,,,2021
aytonde01,Deandre Ayton,84,252,1998-07-23,Arizona,2018,,,2018
azubuud01,Udoka Azubuike,83,270,1999-09-17,Kansas,2020,,,2020
babbilu01,Luke Babbitt,81,225,1989-06-20,Nevada,2010,,,2010
bacondw01,Dwayne Bacon,78,221,1995-08-30,Florida State,2017,,,2017
badjiib01,Ibou Badji,82,240,2002-10-13,,,,,2023
baglema01,Marvin Bagley III,82,235,1999-03-14,Duke,2018,,,2018
baglema02,Marcus Bagley,80,215,2001-10-23,Arizona State,,,,2025
baileac01,Ace Bailey,81,200,2006-08-13,Rutgers University,2025,,,2025
baileam01,Amari Bailey,75,185,2004-02-17,UCLA,2023,,,2023
bairsca01,Cameron Bairstow,81,250,1990-12-07,New Mexico,2014,,,2014
bakerro01,Ron Baker,76,220,1993-03-30,Wichita State,,,,2016
balad01,Adama-Alpha Bal,79,190,2003-12-18,Arizona,,,,2026
baldwpa01,Patrick Baldwin Jr.,84,220,2002-11-18,UW-Milwaukee,2022,,,2022
baldwwa01,Wade Baldwin,76,200,1996-03-29,Vanderbilt,2016,,,2016
ballla01,LaMelo Ball,79,180,2001-08-22,,2020,,,2020
balllo01,Lonzo Ball,77,190,1997-10-27,UCLA,2017,,,2017
bambamo01,Mo Bamba,84,231,1998-05-12,Texas,2018,,,2018
banchpa01,Paolo Banchero,82,250,2002-11-12,Duke,2022,,,2022
banede01,Desmond Bane,78,215,1998-06-25,TCU,2020,,,2020
bantoda01,Dalano Banton,80,203,1999-11-07,Nebraska,2021,,,2021
barbeca01,Cat Barber,74,180,1994-07-25,NC State,,,,2021
barbole01,Leandro Barbosa,75,194,1982-11-28,,2003,,,2003
bareajo01,J.J. Barea,70,180,1984-06-26,Northeastern University,,,,2006
bargnan01,Andrea Bargnani,84,245,1985-10-26,,2006,,,2006
barlodo01,Dominick Barlow,81,215,2003-05-26,,,,,2022
barneha02,Harrison Barnes,79,225,1992-05-30,UNC,2012,,,2012
barnema02,Matt Barnes,79,226,1980-03-09,UCLA,2002,,,2004
barnesc01,Scottie Barnes,80,237,2001-08-01,Florida State,2021,,,2021
barnhbr01,Brooks Barnhizer,77,230,2002-03-02,Northwestern,2025,,,2025
barrerj01,RJ Barrett,78,214,2000-06-14,Duke,2019,,,2019
bartowi01,Will Barton,77,181,1991-01-06,Memphis,2012,,,2012
bassbr01,Brandon Bass,80,250,1985-04-30,LSU,2005,,,2005
bassech01,Charles Bassey,82,230,2000-10-28,Western Kentucky,2021,,,2021
basspa01,Paris Bass,80,200,1995-08-29,Detroit Mercy,,,,2022
batesem01,Emoni Bates,81,202,2004-01-28,Memphis,2023,,,2023
bateske01,Keita Bates-Diop,80,229,1996-01-23,Ohio State,2018,,,2018
battlja01,Jamison Battle,79,220,2001-05-10,George Washington,,,,2024
batumni01,Nicolas Batum,79,230,1988-12-14,,2008,,,2008
baughda01,Damion Baugh,76,194,2000-08-03,Memphis,,,,2025
bayleje01,Jerryd Bayless,75,200,1988-08-20,Arizona,2008,,,2008
baynear01,Aron Baynes,82,260,1986-12-09,Washington State,,,,2013
bazemke01,Kent Bazemore,76,195,1989-07-01,Old Dominion,,,,2012
bazleda01,Darius Bazley,81,216,2000-06-12,,2019,,,2019
bealbr01,Bradley Beal,76,207,1993-06-28,Florida,2012,,,2012
beaslma01,Malik Beasley,76,187,1996-11-26,Florida State,2016,,,2016
beaslmi01,Michael Beasley,81,235,1989-01-09,Kansas State,2008,,,2008
beaucma01,MarJon Beauchamp,79,199,2000-10-12,Yakima Valley Community College,2022,,,2022
beekmre01,Reece Beekman,75,190,2001-10-08,Virginia,,,,2024
belinma01,Marco Belinelli,77,220,1986-03-25,,2007,,,2007
belljo01,Jordan Bell,80,216,1995-01-07,Oregon,2017,,,2017
bembrde01,DeAndre' Bembry,77,210,1994-07-04,Saint Joseph's,2016,,,2016
bendedr01,Dragan Bender,84,249,1997-11-17,,2016,,,2016
bennean01,Anthony Bennett,80,245,1993-03-14,UNLV,2013,,,2013
bentibe01,Ben Bentil,81,235,1995-03-29,Providence,2016,,,2017
berinjo01,Joan Beringer,83,230,2006-11-11,,2025,,,2025
bernaju01,Jules Bernard,78,210,2000-01-21,UCLA,,,,2023
bertada01,Dāvis Bertāns,82,225,1992-11-12,,2011,,,2016
bertada02,Dairis Bertāns,76,183,1989-09-09,,,,,2019
beverpa01,Patrick Beverley,74,180,1988-07-12,Arkansas,2009,,,2013
beysa01,Saddiq Bey,80,215,1999-04-09,Villanova,2020,,,2020
beyty01,Tyler Bey,79,215,1998-02-10,Colorado,2020,,,2021
birchkh01,Khem Birch,80,233,1992-09-28,Pitt,,,,2017
birdja01,Jabari Bird,78,198,1994-07-03,California,2017,,,2017
bitadgo01,Goga Bitadze,83,250,1999-07-20,,2019,,,2019
bitimon01,Onuralp Bitim,78,215,1999-03-31,,,,,2023
biyombi01,Bismack Biyombo,80,255,1992-08-28,,2011,,,2011
bjeline01,Nemanja Bjelica,82,234,1988-05-09,,2010,,,2015
blackan01,Anthony Black,79,200,2004-01-20,Arkansas,2023,,,2023
blackle01,Leaky Black,78,209,1999-06-14,UNC,,,,2023
blackta01,Tarik Black,81,250,1991-11-22,Memphis,,,,2014
blairde01,DeJuan Blair,79,270,1989-04-22,Pitt,2009,,,2009
blakean01,Antonio Blakeney,76,192,1996-10-04,LSU,,,,2017
blakest01,Steve Blake,75,172,1980-02-26,Maryland,2003,,,2003
bledser01,Eric Bledsoe,73,214,1989-12-09,Kentucky,2010,,,2010
blevike01,Keljin Blevins,76,200,1995-11-24,Southern Miss,,,,2020
blossja01,Jaron Blossomgame,80,220,1993-09-16,Clemson,2017,,,2018
blueva01,Vander Blue,76,200,1992-07-17,Marquette,,,,2014
boehebu01,Buddy Boeheim,77,205,1999-11-11,Syracuse,,,,2022
bogdabo01,Bogdan Bogdanović,77,225,1992-08-18,,2014,,,2017
bogdabo02,Bojan Bogdanović,79,226,1989-04-18,,2011,,,2014
bogutan01,Andrew Bogut,84,260,1984-11-28,Utah,2005,,,2005
bolbo01,Bol Bol,87,220,1999-11-16,Oregon,2019,,,2020
boldejo01,Jonah Bolden,80,225,1996-01-02,UCLA,2017,,,2018
boldema01,Marques Bolden,82,249,1998-04-17,Duke,,,,2020
bolmale01,Leandro Bolmaro,78,200,2000-09-11,,2020,,,2021
bolomjo01,Joel Bolomboy,81,235,1994-01-28,Weber State,2016,,,2016
bonaad01,Adem Bona,82,235,2003-03-28,UCLA,2024,,,2024
bonejo01,Jordan Bone,74,180,1997-11-05,Tennessee,2019,,,2019
bongais01,Isaac Bonga,80,180,1999-11-08,,2018,,,2018
bonnema01,Matt Bonner,82,235,1980-04-05,Florida,2003,,,2004
bookede01,Devin Booker,77,206,1996-10-30,Kentucky,2015,,,2015
booketr01,Trevor Booker,80,228,1987-11-25,Clemson,2010,,,2010
boshch01,Chris Bosh,83,235,1984-03-24,Georgia Tech,2003,,,2003
bostobr01,Brandon Boston Jr.,78,188,2001-11-28,Kentucky,2021,,,2021
bouchch01,Chris Boucher,80,200,1993-01-11,New Mexico Junior College,,,,2018
bouknja01,James Bouknight,76,190,2000-09-18,UConn,2021,,,2021
bouyeja01,Jamaree Bouyea,74,180,1999-06-27,San Francisco,,,,2023
bowenbr02,Brian Bowen,79,199,1998-10-02,,,,,2019
bowmaky01,Ky Bowman,73,187,1997-06-16,Boston College,,,,2019
bradlav01,Avery Bradley,75,180,1990-11-26,Texas,2010,,,2010
bradlto01,Tony Bradley,82,248,1998-01-08,UNC,2017,,,2017
brandel01,Elton Brand,81,275,1979-03-11,Duke,1999,,,1999
branhma01,Malaki Branham,76,180,2003-05-12,Ohio State,2022,,,2022
brantja01,Jarrell Brantley,77,250,1996-06-07,College of Charleston,2019,,,2019
braunch01,Christian Braun,78,220,2001-04-17,Kansas,2022,,,2022
brazdig01,Ignas Brazdeikis,78,221,1999-01-08,Michigan,2019,,,2019
breako01,Koby Brea,77,215,2002-11-06,Dayton,2025,,,2025
breweco01,Corey Brewer,81,186,1986-03-05,Florida,2007,,,2007
bridgja01,Jalen Bridges,79,225,2001-05-14,West Virginia,,,,2024
bridgmi01,Mikal Bridges,78,209,1996-08-30,Villanova,2018,,,2018
bridgmi02,Miles Bridges,79,225,1998-03-21,Michigan State,2018,,,2018
brimaam01,Amida Brimah,82,230,1994-02-11,UConn,,,,2021
briscis01,Isaiah Briscoe,75,215,1996-04-13,Kentucky,,,,2018
brissos01,Oshae Brissett,79,210,1998-06-20,Syracuse,,,,2019
brockiz01,Izaiah Brockington,76,196,1999-07-12,St. Bonaventure,,,,2024
broekry01,Ryan Broekhoff,78,215,1990-08-23,Valparaiso,,,,2018
brogdma01,Malcolm Brogdon,76,229,1992-12-11,Virginia,2016,,,2016
brookaa01,Aaron Brooks,72,161,1985-01-14,Oregon,2007,,,2007
brookar01,Armoni Brooks,75,195,1998-06-05,Houston,,,,2021
brookdi01,Dillon Brooks,79,225,1996-01-22,Oregon,2017,,,2017
brookke02,Keion Brooks Jr.,79,210,2000-08-07,Kentucky,,,,2025
brookma01,MarShon Brooks,77,200,1989-01-26,Providence,2011,,,2011
broomjo01,Johni Broome,82,235,2002-07-19,Morehead State University,2025,,,2025
brownan02,Anthony Brown,79,224,1992-10-10,Stanford,2015,,,2015
brownbo02,Bobby Brown,74,175,1984-09-24,Cal State Fullerton,,,,2008
brownbr01,Bruce Brown,76,202,1996-08-15,Miami (FL),2018,,,2018
brownch02,Charlie Brown Jr.,78,199,1997-02-02,Saint Joseph's,,,,2019
brownch05,Chaundee Brown Jr.,77,215,1998-12-04,Wake Forest,,,,2021
brownda04,Darius Brown II,74,192,1999-07-28,Cal State Northridge,,,,2026
browngr01,Greg Brown III,79,206,2001-09-01,Texas,2021,,,2021
brownja02,Jaylen Brown,78,223,1996-10-24,California,2016,,,2016
brownke03,Kendall Brown,78,205,2003-05-11,Baylor,2022,,,2022
brownko01,Kobe Brown,79,250,2000-01-01,Missouri,2023,,,2023
brownlo01,Lorenzo Brown,77,189,1990-08-26,NC State,2013,,,2013
brownma02,Markel Brown,75,190,1992-01-29,Oklahoma State,2014,,,2014
brownmo01,Moses Brown,86,258,1999-10-13,UCLA,,,,2019
brownst02,Sterling Brown,77,219,1995-02-10,SMU,2017,,,2017
browntr01,Troy Brown Jr.,79,215,1999-07-28,Oregon,2018,,,2018
brunsja01,Jalen Brunson,74,190,1996-08-31,Villanova,2018,,,2018
brussni01,Nicolás Brussino,80,195,1993-03-02,,,,,2016
bryanca01,Carter Bryant,78,220,2005-11-26,Arizona,2025,,,2025
bryanel01,Elijah Bryant,77,210,1995-04-19,Elon University,,,,2021
bryanko01,Kobe Bryant,78,212,1978-08-23,,1996,,,1996
bryanth01,Thomas Bryant,81,248,1997-07-31,Indiana,2017,,,2017
buchash01,Shaq Buchanan,75,190,1997-01-30,Northeast Mississippi Community College,,,,2021
budinch01,Chase Budinger,79,209,1988-05-22,Arizona,2009,,,2009
bufkiko01,Kobe Bufkin,76,195,2003-09-21,Michigan,2023,,,2023
bullore01,Reggie Bullock,78,205,1991-03-16,UNC,2013,,,2013
burketr01,Trey Burke,72,185,1992-11-12,Michigan,2013,,,2013
burksal01,Alec Burks,77,214,1991-07-20,Colorado,2011,,,2011
burtode02,Deonte Burton,76,240,1994-01-31,Marquette,,,,2018
burtoty01,Tyler Burton,79,215,2000-02-11,Richmond,,,,2026
butleca01,Caron Butler,79,228,1980-03-13,UConn,2002,,,2002
butleja02,Jared Butler,75,193,2000-08-25,Baylor,2021,,,2021
butleji01,Jimmy Butler,78,230,1989-09-14,Tyler Junior College,2011,,,2012
butlejo01,John Butler,84,190,2002-12-04,Florida State,,,,2022
butlera01,Rasual Butler,79,215,1979-05-23,La Salle,2002,,,2002
buyckdw01,Dwight Buycks,75,190,1989-03-06,Marquette,,,,2013
buzelma01,Matas Buzelis,80,209,2004-10-13,,2024,,,2024
cabocbr01,Bruno Caboclo,81,218,1995-09-21,,2014,,,2014
cacokde01,Devontae Cacok,79,240,1996-10-08,UNC Wilmington,,,,2020
cainja01,Jamal Cain,79,191,1999-03-20,Marquette,,,,2022
caldejo01,José Calderón,75,200,1981-09-28,,,,,2005
caldwke01,Kentavious Caldwell-Pope,77,204,1993-02-18,Georgia,2013,,,2013
camarto01,Toumani Camara,79,230,2000-05-08,Georgia,2023,,,2023
campafa01,Facundo Campazzo,70,195,1991-03-23,,,,,2020
canaais01,Isaiah Canaan,72,200,1991-05-21,Murray State,2013,,,2013
cancavl01,Vlatko Čančar,80,236,1997-04-10,,2017,,,2019
cannade01,Devin Cannady,74,183,1996-05-21,Princeton,,,,2021
capelca01,Clint Capela,82,256,1994-05-18,,2014,,,2014
cardwdy01,Dylan Cardwell,82,255,2001-12-16,Auburn,,,,2025
careyve01,Vernon Carey Jr.,82,270,2001-02-25,Duke,2020,,,2020
carlsbr01,Branden Carlson,84,220,1999-06-14,Utah,,,,2024
carrica01,Bub Carrington,76,190,2005-07-21,Pitt,2024,,,2024
carrode01,DeMarre Carroll,78,215,1986-07-27,Vanderbilt,2009,,,2009
cartede02,Devin Carter,74,195,2002-03-18,South Carolina,2024,,,2025
carteje01,Jevon Carter,72,200,1995-09-14,West Virginia,2018,,,2018
cartemi01,Michael Carter-Williams,78,205,1991-10-10,Syracuse,2013,,,2013
cartevi01,Vince Carter,78,220,1977-01-26,UNC,1998,,,1999
cartewe01,Wendell Carter Jr.,82,270,1999-04-16,Duke,2018,,,2018
cartodj01,D.J. Carton,74,200,2000-08-05,Ohio State,,,,2024
carusal01,Alex Caruso,77,186,1994-02-28,Texas A&M,,,,2017
casspom01,Omri Casspi,81,225,1988-06-22,,2009,,,2009
castlco01,Colin Castleton,82,250,2000-05-25,Michigan,,,,2023
castlst01,Stephon Castle,78,215,2004-11-01,UConn,2024,,,2024
caulewi01,Willie Cauley-Stein,84,240,1993-08-18,Kentucky,2015,,,2015
caupatr01,Troy Caupain,76,210,1995-11-29,Cincinnati,,,,2018
cavanty01,Tyler Cavanaugh,81,238,1994-02-09,George Washington,,,,2017
caverah01,Ahmad Caver,74,174,1996-09-12,Old Dominion,,,,2022
cazalma01,Malcolm Cazalon,78,185,2001-08-27,,,,,2023
chalmma01,Mario Chalmers,74,190,1986-05-19,Kansas,2008,,,2008
champju01,Justin Champagnie,78,206,2001-06-29,Pitt,,,,2021
champju02,Julian Champagnie,79,217,2001-06-29,St. John's,,,,2022
chandke01,Kennedy Chandler,72,170,2002-09-16,Tennessee,2022,,,2022
chandty01,Tyson Chandler,84,235,1982-10-02,,2001,,,2001
chandwi01,Wilson Chandler,80,235,1987-05-10,DePaul,2007,,,2007
chealjo01,Joe Chealey,76,190,1995-11-01,College of Charleston,,,,2019
cheatzy01,Zylan Cheatham,77,220,1995-11-17,San Diego State,,,,2019
chiozch01,Chris Chiozza,71,179,1995-11-21,Florida,,,,2019
chomcul01,Ulrich Chomche,83,235,2005-12-30,,2024,,,2024
chrisca02,Cam Christie,77,190,2005-07-24,Minnesota,2024,,,2024
chrisjo01,Josh Christopher,76,215,2001-12-08,Arizona State,2021,,,2021
chrisma01,Marquese Chriss,81,240,1997-07-02,Washington,2016,,,2016
chrisma02,Max Christie,77,190,2003-02-10,Michigan State,2022,,,2022
chrisra01,Rakeem Christmas,81,250,1991-12-01,Syracuse,2015,,,2016
chrisse01,Semaj Christon,75,190,1992-11-01,Xavier,2014,,,2016
cissemo01,Moussa Cisse,83,220,2002-09-10,Oklahoma State,,,,2025
cissosi01,Sidy Cissoko,78,220,2004-04-02,,2023,,,2023
clarkbr01,Brandon Clarke,80,215,1996-09-19,San Jose State,2019,,,2019
clarkco01,Coty Clarke,79,232,1992-07-04,Arkansas,,,,2016
clarkga01,Gary Clark,78,225,1994-11-16,Cincinnati,,,,2018
clarkia01,Ian Clark,75,175,1991-03-07,Belmont,,,,2013
clarkja02,Jaylen Clark,77,205,2001-10-13,UCLA,2023,,,2025
clarkjo01,Jordan Clarkson,77,194,1992-06-07,Tulsa,2014,,,2014
clavegi01,Gian Clavell,76,185,1993-11-26,Colorado State,,,,2017
claxtni01,Nic Claxton,83,215,1999-04-17,Georgia,2019,,,2019
claytwa01,Walter Clayton,76,195,2003-03-06,Iona College,2025,,,2025
clemoch01,Chris Clemons,69,180,1997-07-23,Campbell,,,,2019
clevean01,Antonius Cleveland,77,195,1994-02-02,SE Missouri State,,,,2017
cliffni01,Nique Clifford,77,175,2002-02-09,Colorado,2025,,,2025
clingdo01,Donovan Clingan,86,280,2004-02-23,UConn,2024,,,2024
clownno01,Noah Clowney,82,210,2004-07-14,Alabama,2023,,,2023
coffeam01,Amir Coffey,79,210,1997-06-17,Minnesota,,,,2019
coleno01,Norris Cole,74,175,1988-10-13,Cleveland State University,2011,,,2011
collida01,Darren Collison,72,175,1987-08-23,UCLA,2009,,,2009
colliis01,Isaiah Collier,76,210,2004-10-08,USC,2024,,,2024
collijo01,John Collins,81,226,1997-09-23,Wake Forest,2017,,,2017
colliky01,Kyle Collinsworth,78,210,1991-10-03,BYU,,,,2017
collini01,Nick Collison,82,255,1980-10-26,Kansas,2003,,,2004
colliyu01,Yuri Collins,72,190,2001-03-07,Saint Louis,,,,2025
colliza01,Zach Collins,81,250,1997-11-19,Gonzaga,2017,,,2017
colsobo01,Bonzie Colson,78,225,1996-01-12,Notre Dame,,,,2019
comanch01,Chance Comanche,82,210,1996-04-14,Arizona,,,,2023
conlemi01,Mike Conley,73,175,1987-10-11,Ohio State,2007,,,2007
connapa01,Pat Connaughton,77,209,1993-01-06,Notre Dame,2015,,,2015
cookech01,Charles Cooke,77,196,1994-07-01,Dayton,,,,2017
cookeja01,Javonte Cooke,78,185,1999-07-11,University of South Carolina Aiken,,,,2025
cookqu01,Quinn Cook,73,180,1993-03-23,Duke,,,,2017
cooksxa01,Xavier Cooks,80,183,1995-08-19,Winthrop University,,,,2023
cookty01,Tyler Cook,80,255,1997-09-23,Iowa,,,,2019
cooleja01,Jack Cooley,82,274,1991-04-12,Notre Dame,,,,2015
coopesh01,Sharife Cooper,72,176,2001-06-11,Auburn,2021,,,2021
copelch01,Chris Copeland,81,239,1984-03-17,Colorado,,,,2012
cornepe01,Petr Cornelie,83,220,1995-07-26,,2016,,,2021
costema01,Matt Costello,82,240,1993-08-05,Michigan State,,,,2017
cottobr01,Bryce Cotton,73,165,1992-08-11,Providence,,,,2015
coulibi01,Bilal Coulibaly,79,195,2004-07-26,,2023,,,2023
councri01,Ricky Council IV,78,207,2001-08-03,Wichita State,,,,2024
couside01,DeMarcus Cousins,82,270,1990-08-13,Kentucky,2010,,,2010
covinro01,Robert Covington,79,209,1990-12-14,Tennessee State,,,,2014
cowarce01,Cedric Coward,77,206,2003-09-11,Willamette University,2025,,,2025
crabbal01,Allen Crabbe,77,212,1992-04-09,California,2013,,,2013
craigto01,Torrey Craig,77,221,1990-12-19,USC Upstate,,,,2017
crawfis01,Isaiah Crawford,78,220,2001-11-01,Louisiana Tech,,,,2024
crawfja01,Jamal Crawford,77,185,1980-03-20,Michigan,2000,,,2000
crawfjo02,Jordan Crawford,76,195,1988-10-23,Indiana,2010,,,2010
creekmi01,Mitch Creek,78,225,1992-04-27,,,,,2019
crowdja01,Jae Crowder,78,235,1990-07-06,Marquette,2012,,,2012
crutcja01,Jalen Crutcher,73,175,1999-07-18,Dayton,,,,2024
cryerlj01,LJ Cryer,73,202,2001-10-09,Baylor,,,,2026
cuiyo01,Cui Yongxi,77,190,2003-05-28,,,,,2024
culveja01,Jarrett Culver,78,195,1999-02-20,Texas Tech,2019,,,2019
cumbeja01,Jarron Cumberland,77,205,1997-09-22,Cincinnati,,,,2021
cunnica01,Cade Cunningham,78,220,2001-09-25,Oklahoma State,2021,,,2021
cunnida01,Dante Cunningham,80,230,1987-04-22,Villanova,2009,,,2009
cunnija01,Jared Cunningham,76,195,1991-05-22,Oregon State,2012,,,2012
curryse01,Seth Curry,73,185,1990-08-23,Liberty,,,,2014
curryst01,Stephen Curry,74,185,1988-03-14,Davidson,2009,,,2009
dadiepa01,Pacôme Dadiet,81,210,2005-07-27,,2024,,,2024
daniedy01,Dyson Daniels,79,199,2003-03-17,,2022,,,2022
danietr01,Troy Daniels,76,200,1991-07-15,VCU,,,,2014
darlina01,Nate Darling,77,200,1998-08-30,UAB,,,,2021
dasiltr01,Tristan Da Silva,80,217,2001-05-15,Colorado,2024,,,2024
davisan02,Anthony Davis,82,253,1993-03-11,Kentucky,2012,,,2012
davisde01,Deyonta Davis,81,237,1996-12-02,Michigan State,2016,,,2016
davised01,Ed Davis,81,218,1989-06-05,UNC,2010,,,2010
davisjd01,JD Davison,73,195,2002-10-03,Alabama,2022,,,2022
davisjo06,Johnny Davis,76,195,2002-02-27,Wisconsin,2022,,,2022
daviste02,Terence Davis,76,201,1997-05-16,Ole Miss,,,,2019
davisty01,Tyler Davis,82,266,1997-05-22,Texas A&M,,,,2018
dawsobr01,Branden Dawson,78,225,1993-02-01,Michigan State,2015,,,2015
daysda01,Darius Days,79,245,1999-10-20,LSU,,,,2023
deckga01,Gabriel Deck,78,231,1995-02-08,,,,,2021
dedmode01,Dewayne Dedmon,82,245,1989-08-12,USC,,,,2013
dejeabr01,Bryce Dejean-Jones,78,209,1992-08-21,USC,,,,2016
dekkesa01,Sam Dekker,81,230,1994-05-06,Wisconsin,2015,,,2015
delanma01,Malcolm Delaney,75,190,1989-03-11,Virginia Tech,,,,2016
delauja01,Javin DeLaurier,82,237,1998-04-07,Duke,,,,2022
delgaan01,Ángel Delgado,82,245,1994-11-20,Seton Hall,,,,2019
dellama01,Matthew Dellavedova,75,200,1990-09-08,Saint Mary's,,,,2013
demineg01,Egor Dёmin,80,200,2006-03-03,BYU,2025,,,2025
denglu01,Luol Deng,81,237,1985-04-16,Duke,2004,,,2004
dennide01,Dexter Dennis,77,210,1999-02-09,Wichita State,,,,2023
dennira01,RayJ Dennis,73,180,2001-03-30,Boise State,,,,2025
derozde01,DeMar DeRozan,78,220,1989-08-07,USC,2009,,,2009
derrima01,Marcus Derrickson,79,249,1996-02-01,Georgetown,,,,2018
diabamo01,Moussa Diabaté,82,210,2002-01-21,Michigan,2022,,,2022
diakima01,Mamadi Diakite,81,228,1997-01-21,Virginia,,,,2021
diallch01,Cheick Diallo,80,219,1996-09-13,Kansas,2016,,,2016
diallha01,Hamidou Diallo,77,202,1998-07-31,Kentucky,2018,,,2018
diawamo01,Mohamed Diawara,81,225,2005-04-29,,2025,,,2025
diawbo01,Boris Diaw,80,250,1982-04-16,,2003,,,2003
dickgr01,Gradey Dick,79,200,2003-11-20,Kansas,2023,,,2023
dickihu01,Hunter Dickinson,85,255,2000-11-25,Michigan,,,,2025
dienggo01,Gorgui Dieng,82,252,1990-01-18,Louisville,2013,,,2013
diengou01,Ousmane Dieng,81,185,2003-05-21,,2022,,,2022
dilliro01,Rob Dillingham,74,175,2005-01-04,Kentucky,2024,,,2024
dinwisp01,Spencer Dinwiddie,77,215,1993-04-06,Colorado,2014,,,2014
divindo01,Donte DiVincenzo,76,203,1997-01-31,Villanova,2018,,,2018
doncilu01,Luka Dončić,80,230,1999-02-28,,2018,,,2018
dorsety01,Tyler Dorsey,76,180,1996-02-18,Oregon,2017,,,2017
dortlu01,Luguentz Dort,76,220,1999-04-19,Arizona State,,,,2019
dosunay01,Ayo Dosunmu,76,200,2000-01-17,Illinois,2021,,,2021
dotsoda01,Damyean Dotson,77,210,1994-05-06,Oregon,2017,,,2017
dotsode01,Devon Dotson,73,185,1999-08-02,Kansas,,,,2021
douglto01,Toney Douglas,74,195,1986-03-16,Auburn,2009,,,2009
doumbse01,Sekou Doumbouya,80,230,2000-12-23,,2019,,,2019
dowtije01,Jeff Dowtin Jr.,75,177,1997-05-10,Rhode Island,,,,2021
doylemi01,Milton Doyle,76,180,1993-10-31,Loyola Chicago,,,,2017
doziepj01,PJ Dozier,78,212,1996-10-25,South Carolina,,,,2018
dragigo01,Goran Dragić,76,190,1986-05-06,,2008,,,2008
drellhe01,Henri Drell,80,185,2000-04-25,,,,,2024
drewla02,Larry Drew II,74,180,1990-03-05,UNC,,,,2015
drumman01,Andre Drummond,83,279,1993-08-10,UConn,2012,,,2012
duartch01,Chris Duarte,77,190,1997-06-13,Oregon,2021,,,2021
ducasal01,Alex Ducas,79,220,2000-12-11,Saint Mary's,,,,2024
dudleja01,Jared Dudley,78,237,1985-07-10,Boston College,2007,,,2007
dukandu01,Duje Dukan,81,220,1991-12-04,Wisconsin,,,,2016
dukeda01,David Duke Jr.,76,204,1999-10-13,Providence,,,,2021
duncati01,Tim Duncan,83,250,1976-04-25,Wake Forest,1997,,,1997
dunlemi02,Mike Dunleavy,81,230,1980-09-15,Duke,2002,,,2002
dunnkr01,Kris Dunn,75,205,1994-03-18,Providence,2016,,,2016
dunnry01,Ryan Dunn,79,216,2003-01-07,Virginia,2024,,,2024
duranke01,Kevin Durant,83,240,1988-09-29,Texas,2007,,,2007
durenja01,Jalen Duren,82,250,2003-11-18,Memphis,2022,,,2022
duvaltr01,Trevon Duval,74,189,1998-08-03,Duke,,,,2019
earlycl01,Cleanthony Early,80,210,1991-04-17,Wichita State,2014,,,2014
easonta01,Tari Eason,80,215,2001-05-10,Cincinnati,2022,,,2022
echenja01,Jaime Echenique,83,258,1997-04-27,Trinity Valley CC,,,,2021
eddieja01,Jarell Eddie,79,218,1991-10-30,Virginia Tech,,,,2015
edeyza01,Zach Edey,87,305,2002-05-14,Purdue,2024,,,2024
edgecvj01,VJ Edgecombe,76,180,2005-07-30,Baylor,2025,,,2025
edwaran01,Anthony Edwards,76,225,2001-08-05,Georgia,2020,,,2020
edwarca01,Carsen Edwards,71,200,1998-03-12,Purdue,2019,,,2019
edwarje01,Jesse Edwards,84,236,2000-03-18,West Virginia,,,,2025
edwarju01,Justin Edwards,79,203,2003-12-16,Kentucky,,,,2024
edwarke02,Kessler Edwards,80,203,2000-08-09,Pepperdine,2021,,,2021
edwarro01,Rob Edwards,77,205,1997-01-20,Cleveland State University,,,,2021
edwarvi01,Vince Edwards,80,225,1996-04-05,Purdue,2018,,,2018
ellebcj01,CJ Elleby,78,200,2000-06-16,Washington State,2020,,,2020
ellenhe01,Henry Ellenson,82,240,1997-01-13,Marquette,2016,,,2016
ellinwa01,Wayne Ellington,76,207,1987-11-29,UNC,2009,,,2009
elliske01,Keon Ellis,76,175,2000-01-08,Florida SouthWestern State College,,,,2022
ellismo01,Monta Ellis,75,185,1985-10-26,,2005,,,2005
embiijo01,Joel Embiid,84,280,1994-03-16,Kansas,2014,,,2016
enarutr01,Tristan Enaruna,79,220,2001-06-26,Kansas,,,,2026
ennisja01,James Ennis III,78,215,1990-07-01,Cal State Long Beach,2013,,,2014
ennisty01,Tyler Ennis,75,194,1994-08-24,Syracuse,2014,,,2014
essenno01,Noa Essengue,80,200,2006-12-18,,2025,,,2025
etienty01,Tyson Etienne,72,200,1999-09-17,Wichita State,,,,2025
eubandr01,Drew Eubanks,82,245,1997-02-01,Oregon State,,,,2018
evansja01,Jawun Evans,72,190,1996-07-26,Oklahoma State,2017,,,2017
evansja02,Jacob Evans,76,210,1997-06-18,Cincinnati,2018,,,2018
evansje01,Jeremy Evans,81,200,1987-10-24,Western Kentucky,2010,,,2010
evansty01,Tyreke Evans,78,220,1989-09-19,Memphis,2009,,,2009
evbuoto01,Tosan Evbuomwan,80,217,2001-02-16,Princeton,,,,2024
exumda01,Danté Exum,77,214,1995-07-13,,2014,,,2014
ezelife01,Festus Ezeli,83,255,1989-10-21,Vanderbilt,2012,,,2012
fallta01,Tacko Fall,90,311,1995-12-10,Central Florida,,,,2019
farieke01,Kenneth Faried,80,220,1989-11-19,Morehead State University,2011,,,2011
farmajo01,Jordan Farmar,74,180,1986-11-30,UCLA,2006,,,2006
favorde01,Derrick Favors,81,265,1991-07-15,Georgia Tech,2010,,,2010
fearsje01,Jeremiah Fears,75,190,2006-10-14,Oklahoma,2025,,,2025
feldeka01,Kay Felder,69,176,1995-03-29,Oakland,2016,,,2016
feliccr01,Cristiano Felício,83,270,1992-07-07,,,,,2015
feltora01,Raymond Felton,73,205,1984-06-26,UNC,2005,,,2005
fergute01,Terrance Ferguson,78,190,1998-05-17,,2017,,,2017
fernabr01,Bruno Fernando,81,240,1998-08-15,Maryland,2019,,,2019
ferreyo01,Yogi Ferrell,72,178,1993-05-09,Indiana,,,,2016
filipky01,Kyle Filipowski,83,250,2003-11-07,Duke,2024,,,2024
finnedo01,Dorian Finney-Smith,79,220,1993-05-04,Florida,,,,2016
fittsma01,Malik Fitts,77,230,1997-07-04,South Florida,,,,2021
flaggco01,Cooper Flagg,81,205,2006-12-21,Duke,2025,,,2025
flaglad01,Adam Flagler,73,180,1999-12-01,Presbyterian College,,,,2024
flemira01,Rasheer Fleming,81,240,2004-07-10,Saint Joseph's,2025,,,2025
flowetr01,Trentyn Flowers,81,185,2005-03-08,,,,,2024
flynnma01,Malachi Flynn,73,185,1998-05-10,San Diego State,2020,,,2020
fontesi01,Simone Fontecchio,79,209,1995-12-09,,,,,2022
forbebr01,Bryn Forbes,74,205,1993-07-23,Michigan State,,,,2016
fordal03,Aleem Ford,80,220,1997-12-22,Wisconsin,,,,2021
fordjo01,Jordan Ford,73,175,1998-05-26,Saint Mary's,,,,2023
forretr01,Trent Forrest,76,210,1998-06-12,Florida State,,,,2021
fostemi02,Michael Foster Jr.,80,250,2003-01-16,,,,,2022
fournev01,Evan Fournier,78,205,1992-10-29,,2012,,,2012
foxde01,De'Aaron Fox,75,185,1997-12-20,Kentucky,2017,,,2017
foyera01,Randy Foye,76,213,1983-09-24,Villanova,2006,,,2006
frankro01,Robert Franks,79,225,1996-12-18,Washington State,,,,2021
frazime01,Melvin Frazier,78,210,1996-08-30,Tulane,2018,,,2018
frazimi01,Michael Frazier,75,200,1994-03-08,Florida,,,,2020
fraziti01,Tim Frazier,73,170,1990-11-01,Penn State,,,,2015
fredeji01,Jimmer Fredette,74,195,1989-02-25,BYU,2011,,,2011
freemen01,Enrique Freeman,81,220,2000-07-29,University of Akron,2024,,,2024
freemja01,Javon Freeman-Liberty,75,190,1999-10-20,Valparaiso,,,,2024
fryech01,Channing Frye,84,255,1983-05-17,Arizona,2005,,,2005
fudgeal01,Alex Fudge,80,200,2003-05-06,LSU,,,,2023
fultzma01,Markelle Fultz,76,209,1998-05-29,Washington,2017,,,2017
funkan01,Andrew Funk,77,200,1999-09-21,Bucknell,,,,2024
furphjo01,Johnny Furphy,80,200,2004-12-08,Kansas,2024,,,2024
gabriwe01,Wenyen Gabriel,81,205,1997-03-26,Kentucky,,,,2019
gaffoda01,Daniel Gafford,82,265,1998-10-01,Arkansas,2019,,,2019
gallida01,Danilo Gallinari,82,236,1988-08-08,,2008,,,2008
gallola01,Langston Galloway,73,200,1991-12-09,Saint Joseph's,,,,2015
garcian01,Andersson Garcia,79,220,2000-08-23,Mississippi State,,,,2026
gardnmy01,Myron Gardner,77,220,2001-05-21,South Plains College,,,,2025
garinpa01,Patricio Garino,78,210,1993-05-17,George Washington,,,,2017
garlada01,Darius Garland,73,192,2000-01-26,Vanderbilt,2019,,,2019
garneke01,Kevin Garnett,83,240,1976-05-19,,1995,,,1995
garrebi01,Billy Garrett,78,215,1994-10-16,DePaul,,,,2019
garrema01,Marcus Garrett,77,205,1998-11-09,Kansas,,,,2021
garubus01,Usman Garuba,80,229,2002-03-09,,2021,,,2021
garzalu01,Luka Garza,82,243,1998-12-27,Iowa,2021,,,2021
gasolma01,Marc Gasol,83,255,1985-01-29,,2007,,,2008
gasolpa01,Pau Gasol,84,250,1980-07-06,,2001,,,2001
gateska01,Kaiser Gates,80,223,1996-11-08,Xavier,,,,2023
gayru01,Rudy Gay,80,250,1986-08-17,UConn,2006,,,2006
gbinimi01,Michael Gbinije,79,200,1992-06-05,Duke,2016,,,2016
geeal01,Alonzo Gee,78,225,1987-05-29,Alabama,,,,2010
georgke01,Keyonte George,76,185,2003-11-08,Baylor,2023,,,2023
georgky01,Kyshawn George,80,200,2003-12-12,Miami (FL),2024,,,2024
georgma01,Marcus Georges-Hunt,77,226,1994-03-28,Georgia Tech,,,,2017
georgpa01,Paul George,80,220,1990-05-02,Fresno State,2010,,,2010
gibsojo01,Jonathan Gibson,74,185,1987-11-08,New Mexico State,,,,2016
gibsota01,Taj Gibson,81,232,1985-06-24,USC,2009,,,2009
giddejo01,Josh Giddey,79,216,2002-10-10,,2021,,,2021
gilbeke01,Keshon Gilbert,76,200,2003-06-30,UNLV,,,,2026
gilesha01,Harry Giles,82,240,1998-04-22,Duke,2017,,,2018
gilgesh01,Shai Gilgeous-Alexander,78,195,1998-07-12,Kentucky,2018,,,2018
gillan01,Anthony Gill,79,230,1992-10-17,South Carolina,,,,2020
gilleco01,Collin Gillespie,73,195,1999-06-25,Villanova,,,,2023
gillefr01,Freddie Gillespie,81,245,1997-06-14,Carleton College,,,,2021
gilyaja01,Jacob Gilyard,68,160,1998-07-14,Richmond,,,,2023
ginobma01,Manu Ginóbili,78,205,1977-07-28,,1999,,,2002
goberru01,Rudy Gobert,85,258,1992-06-26,,2013,,,2013
goldivl01,Vladislav Goldin,84,250,2001-05-12,Texas Tech,,,,2025
gonzahu01,Hugo González,78,200,2006-02-05,,2025,,,2025
goodedr01,Drew Gooden,82,250,1981-09-24,Kansas,2002,,,2002
goodwar01,Archie Goodwin,77,200,1994-08-17,Kentucky,2013,,,2013
goodwbr01,Brandon Goodwin,72,180,1995-10-02,Central Florida,,,,2018
goodwjo01,Jordan Goodwin,75,215,1998-10-23,Saint Louis,,,,2021
gordoaa01,Aaron Gordon,80,235,1995-09-16,Arizona,2014,,,2014
gordoer01,Eric Gordon,75,215,1988-12-25,Indiana,2008,,,2008
gortama01,Marcin Gortat,83,240,1984-02-17,,2005,,,2008
gortmja01,Jazian Gortman,74,184,2003-04-14,,,,,2024
goudean01,Andrew Goudelock,75,200,1988-12-07,College of Charleston,2011,,,2011
grahade01,Devonte' Graham,73,195,1995-02-22,Kansas,2018,,,2018
grahatr01,Treveon Graham,77,219,1993-10-28,VCU,,,,2016
grantdo01,Donte Grantham,80,215,1995-03-19,Clemson,,,,2019
grantje01,Jerami Grant,79,213,1994-03-12,Syracuse,2014,,,2014
grantje02,Jerian Grant,76,205,1992-10-09,Notre Dame,2015,,,2015
graveha01,Hassani Gravett,74,188,1996-07-16,Pensacola State,,,,2021
grayha01,Hayden Gray,76,190,2003-05-11,UC San Diego,,,,2026
grayjo01,Josh Gray,72,180,1993-09-09,LSU,,,,2018
grayra01,RaiQuan Gray,79,260,1999-07-07,Florida State,2021,,,2023
greenaj01,A.J. Green,76,190,1999-09-27,University of Northern Iowa,,,,2022
greenda02,Danny Green,78,215,1987-06-22,UNC,2009,,,2009
greendr01,Draymond Green,78,230,1990-03-04,Michigan State,2012,,,2012
greener01,Erick Green,76,185,1991-05-09,Virginia Tech,2013,,,2014
greenge01,Gerald Green,78,205,1986-01-26,,2005,,,2006
greenja01,JaMychal Green,81,227,1990-06-21,Alabama,,,,2015
greenja02,Javonte Green,77,205,1993-07-23,Radford,,,,2019
greenja05,Jalen Green,76,186,2002-02-09,,2021,,,2021
greenje02,Jeff Green,80,235,1986-08-28,Georgetown,2007,,,2007
greenjo02,Josh Green,78,200,2000-11-16,Arizona,2020,,,2020
griffaj01,AJ Griffin,78,220,2003-08-25,Duke,2022,,,2022
griffbl01,Blake Griffin,81,250,1989-03-16,Oklahoma,2009,,,2010
grimequ01,Quentin Grimes,76,210,2000-05-08,Kansas,2021,,,2021
gudurma01,Marko Gudurić,78,201,1995-03-08,,,,,2019
gueyemo01,Mouhamadou Gueye,81,210,1998-07-06,Monroe Community College,,,,2024
gueyemo02,Mouhamed Gueye,83,210,2002-11-09,Washington State,2023,,,2023
gutiejo01,Jorge Gutiérrez,75,191,1988-12-27,California,,,,2014
guyky01,Kyle Guy,73,167,1997-08-11,Virginia,2019,,,2020
hachiru01,Rui Hachimura,80,230,1998-02-08,Gonzaga,2019,,,2019
haganas01,Ashton Hagans,75,190,1999-07-08,Kentucky,,,,2021
hairspj02,P.J. Hairston,78,230,1992-12-24,UNC,2014,,,2014
halibty01,Tyrese Haliburton,77,185,2000-02-29,Iowa State,2020,,,2020
hallde01,Devon Hall,74,215,1995-07-07,Virginia,2018,,,2019
halldo01,Donta Hall,82,230,1997-08-07,Alabama,,,,2020
halljo01,Josh Hall,81,190,2000-10-08,,,,,2020
halljo02,Jordan Hall,79,220,2002-01-14,Saint Joseph's,,,,2022
hallpj01,PJ Hall,80,245,2002-02-21,Clemson,,,,2024
hallty01,Tyler Hall,77,210,1997-03-25,Montana State,,,,2021
hamilda02,Daniel Hamilton,79,195,1995-08-08,UConn,2016,,,2017
hamiljo02,Jordan Hamilton,79,220,1990-10-06,Texas,2011,,,2012
hamilju01,Justin Hamilton,84,260,1990-04-01,Iowa State,2012,,,2014
hammoaj01,A.J. Hammons,84,260,1992-08-27,Purdue,2016,,,2016
hamptrj01,R.J. Hampton,76,175,2001-02-07,,2020,,,2020
hannadu01,Dusty Hannahs,76,195,1993-09-02,Texas Tech,,,,2019
hansbty01,Tyler Hansbrough,81,250,1985-11-03,UNC,2009,,,2009
hardati02,Tim Hardaway Jr.,77,205,1992-03-16,Michigan,2013,,,2013
hardeja01,James Harden,77,220,1989-08-26,Arizona State,2009,,,2009
hardyja02,Jaden Hardy,75,198,2002-07-05,,2022,,,2022
harklej01,Elijah Harkless,75,195,2000-02-03,Cal State Northridge,,,,2025
harklma01,Maurice Harkless,79,220,1993-05-11,St. John's,2012,,,2012
harpedy01,Dylan Harper,77,215,2006-03-02,Rutgers University,2025,,,2025
harpeja01,Jared Harper,70,175,1997-09-14,Auburn,,,,2019
harpeju01,Justin Harper,82,225,1989-08-30,Richmond,2011,,,2011
harpero02,Ron Harper Jr.,77,233,2000-04-12,Rutgers University,,,,2022
harremo01,Montrezl Harrell,79,240,1994-01-26,Louisville,2015,,,2015
harriaa01,Aaron Harrison,78,210,1994-10-28,Kentucky,,,,2015
harrian01,Andrew Harrison,78,213,1994-10-28,Kentucky,2015,,,2016
harride01,Devin Harris,75,185,1983-02-27,Wisconsin,2004,,,2004
harriga01,Gary Harris,76,210,1994-09-14,Michigan State,2014,,,2014
harrija01,Jalen Harris,77,195,1998-08-14,Louisiana Tech,2020,,,2021
harrijo01,Joe Harris,78,220,1991-09-06,Virginia,2014,,,2014
harrike01,Kevon Harris,77,216,1997-06-24,Stephen F. Austin,,,,2022
harrima01,Manny Harris,77,185,1989-09-21,Michigan,,,,2010
harrish01,Shaquille Harrison,76,195,1993-10-06,Tulsa,,,,2018
harrito02,Tobias Harris,80,226,1992-07-15,Tennessee,2011,,,2012
harteis01,Isaiah Hartenstein,84,250,1998-05-05,,2017,,,2018
hartjo01,Josh Hart,77,215,1995-03-06,Villanova,2017,,,2017
hasleud01,Udonis Haslem,80,235,1980-06-09,Florida,,,,2003
hausesa01,Sam Hauser,79,217,1997-12-08,Marquette,,,,2021
hawessp01,Spencer Hawes,85,245,1988-04-28,Washington,2007,,,2007
hawkijo01,Jordan Hawkins,77,190,2002-04-29,UConn,2023,,,2023
hayesch01,Chuck Hayes,78,240,1983-06-11,Kentucky,,,,2006
hayesja02,Jaxson Hayes,84,220,2000-05-23,Texas,2019,,,2019
hayeski01,Killian Hayes,76,195,2001-07-27,,2020,,,2020
hayesni01,Nigel Hayes-Davis,79,254,1994-12-16,Wisconsin,,,,2018
haywago01,Gordon Hayward,79,225,1990-03-23,Butler,2010,,,2010
hearnre01,Reggie Hearn,77,210,1991-08-14,Northwestern,,,,2018
hendege02,Gerald Henderson,77,215,1987-12-09,Duke,2009,,,2009
hendesc01,Scoot Henderson,75,207,2004-02-03,,2023,,,2023
hendrta01,Taylor Hendricks,81,215,2003-11-22,Central Florida,2023,,,2023
henryaa01,Aaron Henry,77,210,1999-08-30,Michigan State,,,,2021
henrymy01,Myke Henry,78,238,1992-12-23,DePaul,,,,2018
hensojo01,John Henson,81,219,1990-12-28,UNC,2012,,,2012
hepbuch01,Chucky Hepburn,72,190,2003-02-09,Wisconsin,,,,2025
hernade01,Dewan Hernandez,82,235,1996-12-09,Miami (FL),2019,,,2019
hernaju01,Juancho Hernangómez,81,214,1995-09-28,,2016,,,2016
hernawi01,Willy Hernangómez,83,250,1994-05-27,,2015,,,2016
herroty01,Tyler Herro,77,195,2000-01-20,Kentucky,2019,,,2019
herveke01,Kevin Hervey,80,230,1996-07-09,UT Arlington,2018,,,2019
hezonma01,Mario Hezonja,80,220,1995-02-25,,2015,,,2015
hibbero01,Roy Hibbert,86,270,1986-12-11,Georgetown,2008,,,2008
hicksis01,Isaiah Hicks,81,230,1994-07-24,UNC,,,,2018
hicksjj01,J.J. Hickson,81,242,1988-09-04,NC State,2008,,,2008
hieldbu01,Buddy Hield,76,220,1992-12-17,Oklahoma,2016,,,2016
highsha01,Haywood Highsmith,77,220,1996-12-09,Wheeling University,,,,2019
hilarne01,Nenê,83,250,1982-09-13,,2002,,,2002
hillge01,George Hill,76,188,1986-05-04,IUPUI,2008,,,2008
hillida01,Darrun Hilliard,78,220,1993-04-13,Villanova,2015,,,2015
hilljo01,Jordan Hill,82,235,1987-07-27,Arizona,2009,,,2009
hillma01,Malcolm Hill,78,220,1995-10-26,Illinois,,,,2021
hillso01,Solomon Hill,78,226,1991-03-18,Arizona,2013,,,2013
hinriki01,Kirk Hinrich,76,190,1981-01-02,Kansas,2003,,,2003
hinsobl01,Blake Hinson,80,240,1999-12-26,Ole Miss,,,,2026
hintona01,Nate Hinton,77,210,1999-06-08,Houston,,,,2021
hoardja01,Jaylen Hoard,80,216,1999-03-30,Wake Forest,,,,2019
hodgedm01,D'Moi Hodge,75,188,1998-12-20,"State College of Florida, Manatee-Sarasota",,,,2023
holidaa01,Aaron Holiday,72,185,1996-09-30,UCLA,2018,,,2018
holidjr01,Jrue Holiday,76,220,1990-06-12,UCLA,2009,,,2009
holidju01,Justin Holiday,78,180,1989-04-05,Washington,,,,2013
hollajo02,John Holland,77,205,1988-11-06,Boston University,,,,2016
hollaro01,Ron Holland,80,206,2005-07-07,,2024,,,2024
holliro01,Rondae Hollis-Jefferson,78,217,1995-01-03,Arizona,2015,,,2015
holliry01,Ryan Hollins,84,240,1984-10-10,UCLA,2006,,,2007
holmeda01,DaRon Holmes,81,225,2002-08-15,Dayton,2024,,,2025
holmeri01,Richaun Holmes,81,235,1993-10-15,Bowling Green,2015,,,2015
holmgch01,Chet Holmgren,85,208,2002-05-01,Gonzaga,2022,,,2023
hoodro01,Rodney Hood,80,208,1992-10-20,Mississippi State,2014,,,2014
hoodsja01,Jalen Hood-Schifino,77,210,2003-06-19,Indiana,2023,,,2023
hopsosc01,Scotty Hopson,79,215,1989-08-08,Tennessee,,,,2014
horfoal01,Al Horford,80,240,1986-06-03,Florida,2007,,,2007
hortota01,Talen Horton-Tucker,76,234,2000-11-25,Iowa State,2019,,,2019
houseda01,Danuel House Jr.,78,220,1993-06-07,Texas A&M,,,,2016
houstca01,Caleb Houstan,80,205,2003-01-09,Michigan,2022,,,2022
howardw01,Dwight Howard,82,265,1985-12-08,,2004,,,2004
howarje01,Jett Howard,80,215,2003-09-14,Michigan,2023,,,2023
howarma02,Markus Howard,70,175,1999-03-03,Marquette,,,,2020
howarwi01,William Howard,80,207,1993-10-25,,,,,2020
hudgitr01,Trevor Hudgins,72,180,1999-03-23,Northwest Missouri State University,,,,2022
huertke01,Kevin Huerter,78,198,1998-08-27,Maryland,2018,,,2018
huertma01,Marcelo Huertas,75,200,1983-05-25,,,,,2015
huestjo01,Josh Huestis,79,230,1991-12-19,Stanford,2014,,,2016
huffja01,Jay Huff,85,240,1998-08-25,Virginia,,,,2021
hugheel01,Elijah Hughes,77,215,1998-03-10,East Carolina University,2020,,,2020
hukpoar01,Ariel Hukporti,84,246,2002-04-12,,2024,,,2024
humphis01,Isaac Humphries,84,255,1998-01-05,Kentucky,,,,2019
humphkr01,Kris Humphries,81,235,1985-02-06,Minnesota,2004,,,2004
huntede01,De'Andre Hunter,79,221,1997-12-02,Virginia,2019,,,2019
hunterj01,R.J. Hunter,77,185,1993-10-24,Georgia State University,2015,,,2015
huntevi01,Vince Hunter,80,216,1994-08-05,Texas-El Paso,,,,2017
huntfe01,Feron Hunt,80,195,1999-07-05,SMU,,,,2022
huntlcj01,CJ Huntley,81,190,2002-01-06,Appalachian State University,,,,2026
hurtma01,Matthew Hurt,81,233,2000-04-20,Duke,,,,2024
hutchch01,Chandler Hutchison,78,210,1996-04-26,Boise State,2018,,,2018
hylanbo01,Bones Hyland,74,169,2000-09-14,VCU,2021,,,2021
ibakase01,Serge Ibaka,83,235,1989-09-18,,2008,,,2009
ighodos01,Oso Ighodaro,83,235,2002-07-14,Marquette,2024,,,2024
iguodan01,Andre Iguodala,78,215,1984-01-28,Arizona,2004,,,2004
ilyaser01,Ersan İlyasova,81,235,1987-05-15,,2005,,,2006
inglejo01,Joe Ingles,80,220,1987-10-02,,,,,2014
inglida01,Damien Inglis,80,246,1995-05-20,,2014,,,2015
ingraan01,Andre Ingram,75,184,1985-11-19,American University,,,,2018
ingrabr01,Brandon Ingram,80,190,1997-09-02,Duke,2016,,,2016
ingraha01,Harrison Ingram,77,230,2002-11-27,Stanford,2024,,,2024
irvinky01,Kyrie Irving,74,195,1992-03-23,Duke,2011,,,2011
isaacjo01,Jonathan Isaac,82,230,1997-10-03,Florida State,2017,,,2017
iveyja01,Jaden Ivey,75,195,2002-02-13,Purdue,2022,,,2022
iwundwe01,Wes Iwundu,78,195,1994-12-20,Kansas State,2017,,,2017
jackja01,Jarrett Jack,75,200,1983-10-28,Georgia Tech,2005,,,2005
jacksaa01,Aaron Jackson,75,183,1986-05-06,Duquesne,,,,2018
jacksan01,Andre Jackson Jr.,78,209,2001-11-13,UConn,2023,,,2023
jacksde01,Demetrius Jackson,73,201,1994-09-07,Notre Dame,2016,,,2016
jacksfr01,Frank Jackson,75,205,1998-05-04,Duke,2017,,,2018
jacksgg01,GG Jackson II,81,210,2004-12-17,South Carolina,2023,,,2023
jacksis01,Isaiah Jackson,80,205,2002-01-10,Kentucky,2021,,,2021
jacksja02,Jaren Jackson Jr.,82,242,1999-09-15,Michigan State,2018,,,2018
jacksjo02,Josh Jackson,80,207,1997-02-10,Kansas,2017,,,2017
jacksju01,Justin Jackson,80,220,1995-03-28,UNC,2017,,,2017
jackspi01,Pierre Jackson,70,180,1991-08-29,Baylor,2013,,,2016
jacksqu01,Quenton Jackson,76,173,1998-09-15,Texas A&M,,,,2023
jacksre01,Reggie Jackson,74,208,1990-04-16,Boston College,2011,,,2011
jackstr02,Trayce Jackson-Davis,81,245,2000-02-22,Indiana,2023,,,2023
jakucka01,Kasparas Jakučionis,77,200,2006-05-29,Illinois,2025,,,2025
jamesbr02,Bronny James,74,210,2004-10-06,USC,2024,,,2024
jamesju01,Justin James,78,190,1997-01-24,Wyoming,2019,,,2019
jamesle01,LeBron James,81,250,1984-12-30,,2003,,,2003
jamesmi02,Mike James,73,175,1990-08-18,Lamar,,,,2017
jamessi01,Sion James,77,220,2002-12-04,Tulane,2025,,,2025
jaqueja01,Jaime Jaquez Jr.,78,225,2001-02-18,UCLA,2023,,,2023
jarrede01,DeJon Jarreau,77,185,1998-01-23,UMass,,,,2021
jeffeal01,Al Jefferson,82,289,1985-01-04,,2004,,,2004
jeffeam01,Amile Jefferson,81,222,1993-05-07,Duke,,,,2018
jeffeco01,Cory Jefferson,81,218,1990-12-26,Baylor,2014,,,2014
jefferi01,Richard Jefferson,79,233,1980-06-21,Arizona,2001,,,2001
jeffrda01,DaQuan Jeffries,77,222,1997-08-30,Oral Roberts,,,,2019
jemistr01,Trey Jemison,82,270,1999-11-28,Clemson,,,,2024
jenkida01,Daniss Jenkins,76,165,2001-08-17,University of the Pacific,,,,2024
jenkijo01,John Jenkins,76,215,1991-03-06,Vanderbilt,2012,,,2012
jennibr01,Brandon Jennings,73,170,1989-09-23,,2009,,,2009
jerebjo01,Jonas Jerebko,82,231,1987-03-02,,2009,,,2009
jeromty01,Ty Jerome,77,195,1997-07-08,Virginia,2019,,,2019
joeis01,Isaiah Joe,76,165,1999-07-02,Arkansas,2020,,,2020
johnsaj01,AJ Johnson,77,160,2004-12-01,,2024,,,2024
johnsal02,Alize Johnson,81,212,1996-04-22,Frank Phillips College,2018,,,2018
johnsam01,Amir Johnson,81,240,1987-05-01,,2005,,,2006
johnsbj01,B.J. Johnson,79,200,1995-12-21,Syracuse,,,,2019
johnsbr02,Brice Johnson,82,230,1994-06-27,UNC,2016,,,2017
johnsca02,Cameron Johnson,80,210,1996-03-03,Pitt,2019,,,2019
johnsch04,Chris Johnson,78,206,1990-04-29,Dayton,,,,2013
johnsch06,Chaney Johnson,79,220,2002-06-20,Auburn,,,,2026
johnsda04,Dakari Johnson,84,255,1995-09-22,Kentucky,2015,,,2017
johnsda08,David Johnson,76,203,2001-02-26,Louisville,2021,,,2021
johnsja01,James Johnson,79,240,1987-02-20,Wake Forest,2009,,,2009
johnsja05,Jalen Johnson,80,219,2001-12-18,Duke,2021,,,2021
johnsjo02,Joe Johnson,79,240,1981-06-29,Arkansas,2001,,,2001
johnske04,Keldon Johnson,78,220,1999-10-11,Kentucky,2019,,,2019
johnske07,Keon Johnson,77,185,2002-03-10,Tennessee,2021,,,2021
johnske08,Keyontae Johnson,76,230,2000-05-24,Florida,2023,,,2023
johnske10,Keshad Johnson,78,225,2001-06-23,San Diego State,,,,2024
johnsom01,Omari Johnson,81,220,1989-11-26,Oregon State,,,,2018
johnsor01,Orlando Johnson,77,220,1989-03-11,Loyola Marymount,2012,,,2012
johnsst04,Stanley Johnson,78,242,1996-05-29,Arizona,2015,,,2015
johnstr03,Tre Johnson,77,190,2006-03-07,Texas,2025,,,2025
johnsty01,Tyler Johnson,75,186,1992-05-07,Fresno State,,,,2015
johnswe01,Wesley Johnson,79,215,1987-07-11,Iowa State,2010,,,2010
jokicni01,Nikola Jokić,83,284,1995-02-19,,2014,,,2015
jonesca03,Carlik Jones,72,174,1997-12-23,Radford,,,,2021
jonesco02,Colby Jones,78,207,2002-05-28,Xavier,2023,,,2023
jonescu01,Curtis Jones,75,195,2001-12-04,Indian Hills Community College,,,,2025
jonesda02,Dahntay Jones,78,225,1980-12-27,Rutgers University,2003,,,2003
jonesda03,Damian Jones,82,245,1995-06-30,Vanderbilt,2016,,,2016
jonesda06,David Jones García,76,210,2001-11-24,DePaul,,,,2025
jonesde02,Derrick Jones Jr.,78,210,1997-02-15,UNLV,,,,2016
jonesdi01,Dillon Jones,77,235,2001-10-29,Weber State,2024,,,2024
joneshe01,Herbert Jones,79,206,1998-10-06,Alabama,2021,,,2021
jonesis01,Isaac Jones,80,245,2000-07-11,Wenatchee Valley College,,,,2024
jonesja02,James Jones,80,218,1980-10-04,Miami (FL),2003,,,2003
jonesja04,Jalen Jones,79,220,1993-05-27,SMU,,,,2017
jonesje01,Jemerrio Jones,77,174,1995-04-09,Hill College,,,,2019
joneska01,Kai Jones,83,221,2001-01-19,Texas,2021,,,2021
joneska03,Kam Jones,76,200,2002-02-25,Marquette,2025,,,2025
jonesma05,Mason Jones,76,200,1998-07-21,Connors State College,,,,2021
jonessp01,Spencer Jones,79,225,2001-06-14,Stanford,,,,2024
joneste01,Terrence Jones,81,252,1992-01-09,Kentucky,2012,,,2012
jonestr01,Tre Jones,73,185,2000-01-08,Duke,2020,,,2020
jonesty01,Tyus Jones,72,196,1996-05-10,Duke,2015,,,2015
jordade01,DeAndre Jordan,83,265,1988-07-21,Texas A&M,2008,,,2008
josepco01,Cory Joseph,74,200,1991-08-20,Texas,2011,,,2011
jovicni01,Nikola Jović,82,205,2003-06-09,,2022,,,2022
juzanjo01,Johnny Juzang,79,226,2001-03-17,Kentucky,,,,2023
kabenmf01,Mfiondu Kabengele,82,250,1997-08-14,Florida State,2019,,,2019
kalaige01,Georgios Kalaitzakis,80,192,1999-01-02,,2021,,,2021
kalkbry01,Ryan Kalkbrenner,85,256,2002-01-17,Creighton,2025,,,2025
kamanch01,Chris Kaman,84,265,1982-04-28,Central Michigan University,2003,,,2003
kaminfr01,Frank Kaminsky,84,240,1993-04-04,Wisconsin,2015,,,2015
kanteen01,Enes Freedom,82,250,1992-05-20,Kentucky,2011,,,2011
karasse01,Sergey Karasev,79,208,1993-10-26,,2013,,,2013
kaunsa01,Sasha Kaun,83,260,1985-05-08,Kansas,2008,,,2015
kawamyu01,Yuki Kawamura,67,159,2001-05-02,,,,,2024
keelstr01,Trevor Keels,75,215,2003-08-26,Duke,2022,,,2022
kelleky01,Kylor Kelley,84,215,1997-08-26,Oregon State,,,,2025
kellymi02,Miles Kelly,76,190,2003-01-26,Georgia Tech,,,,2025
kellyry01,Ryan Kelly,83,230,1991-04-09,Duke,2013,,,2013
kennalu01,Luke Kennard,77,206,1996-06-24,Duke,2017,,,2017
kentja01,Jayson Kent,80,215,2002-02-03,Bradley,,,,2026
kesslwa01,Walker Kessler,86,245,2001-07-26,UNC,2022,,,2022
keybr01,Braxton Key,79,225,1997-02-14,Alabama,,,,2022
kiddgmi01,Michael Kidd-Gilchrist,78,230,1993-09-26,Kentucky,2012,,,2012
kiddst01,Stanton Kidd,78,216,1992-03-18,South Plains College,,,,2019
kilpase01,Sean Kilpatrick,76,210,1990-01-06,Cincinnati,,,,2015
kingge03,George King,78,220,1994-01-15,Colorado,2018,,,2018
kinglo02,Louis King,79,205,1999-04-06,Oregon,,,,2019
kispeco01,Corey Kispert,78,224,1999-03-03,Gonzaga,2021,,,2021
klebima01,Maxi Kleber,82,240,1992-01-29,,,,,2017
klintbo01,Bobi Klintman,81,225,2003-03-06,Wake Forest,2024,,,2025
knechda01,Dalton Knecht,78,215,2001-04-19,Northeastern Junior College,2024,,,2024
knighbr03,Brandon Knight,74,182,1991-12-02,Kentucky,2011,,,2011
knighna01,Nathan Knight,80,253,1997-09-20,William & Mary,,,,2020
knoxke01,Kevin Knox,80,215,1999-08-11,Kentucky,2018,,,2018
knuepko01,Kon Knueppel,78,215,2005-08-03,Duke,2025,,,2025
kolekty01,Tyler Kolek,74,195,2001-03-27,George Mason,2024,,,2024
kolokch01,Christian Koloko,83,225,2000-06-20,Arizona,2022,,,2022
konanya01,Yanic Konan Niederhäuser,83,242,2003-03-14,Northern Illinois,2025,,,2025
konchjo01,John Konchar,77,210,1996-03-22,Purdue-Fort Wayne,,,,2019
korkmfu01,Furkan Korkmaz,79,202,1997-07-24,,2016,,,2017
kornelu01,Luke Kornet,85,250,1995-07-15,Vanderbilt,,,,2018
korveky01,Kyle Korver,79,212,1981-03-17,Creighton,2003,,,2003
koufoko01,Kosta Koufos,84,245,1989-02-24,Ohio State,2008,,,2008
krejcvi01,Vít Krejčí,80,195,2000-06-19,,2020,,,2021
kulboar01,Arnoldas Kulboka,82,220,1998-01-04,,2018,,,2021
kuminjo01,Jonathan Kuminga,79,225,2002-10-06,,2021,,,2021
kurucro01,Rodions Kurucs,81,228,1998-02-05,,2018,,,2018
kuzmaky01,Kyle Kuzma,80,221,1995-07-24,Utah,2017,,,2017
kuzmimi01,Mindaugas Kuzminskas,81,215,1989-10-19,,,,,2016
labissk01,Skal Labissière,82,235,1996-03-18,Kentucky,2016,,,2016
lamban01,Anthony Lamb,78,227,1998-01-20,University of Vermont,,,,2021
lambje01,Jeremy Lamb,77,180,1992-05-30,UConn,2012,,,2012
landajo01,Jock Landale,83,255,1995-10-25,Saint Mary's,,,,2021
landrca01,Carl Landry,81,248,1983-09-19,Vincennes University,2007,,,2007
langfro01,Romeo Langford,77,216,1999-10-25,Indiana,2019,,,2019
laniech01,Chaz Lanier,75,206,2001-12-19,University of North Florida,2025,,,2025
laproni01,Nicolás Laprovíttola,76,180,1990-01-31,,,,,2016
laravja01,Jake LaRavia,79,235,2001-11-03,Indiana State University,2022,,,2022
larkish01,Shane Larkin,71,175,1992-10-02,Miami (FL),2013,,,2013
larsspe01,Pelle Larsson,77,215,2001-02-23,Utah,2024,,,2024
lauvejo01,Joffrey Lauvergne,83,260,1991-09-30,,2013,,,2015
lavinza01,Zach LaVine,77,200,1995-03-10,UCLA,2014,,,2014
lawsoaj01,A.J. Lawson,78,179,2000-07-15,South Carolina,,,,2022
lawsoty01,Ty Lawson,71,195,1987-11-03,UNC,2009,,,2009
lawvi01,Vic Law,79,200,1995-12-19,Northwestern,,,,2020
laymaja01,Jake Layman,80,209,1994-03-07,Maryland,2016,,,2016
leaftj01,T.J. Leaf,82,222,1997-04-30,UCLA,2017,,,2017
lecquja01,Jalen Lecque,76,185,2000-06-13,,,,,2020
leeco01,Courtney Lee,77,215,1985-10-03,Western Kentucky,2008,,,2008
leeda02,David Lee,81,245,1983-04-29,Florida,2005,,,2005
leeda03,Damion Lee,78,210,1992-10-21,Drexel,,,,2018
leesa01,Saben Lee,74,183,1999-06-23,Vanderbilt,2020,,,2021
lemonwa01,Walt Lemon Jr.,75,180,1992-07-26,Bradley,,,,2018
lenal01,Alex Len,84,250,1993-06-16,Maryland,2013,,,2013
leonaka01,Kawhi Leonard,78,225,1991-06-29,San Diego State,2011,,,2011
leoname01,Meyers Leonard,84,260,1992-02-27,Illinois,2012,,,2012
leonsma01,Malevy Leons,81,210,1999-09-23,Mineral Area College,,,,2024
leuerjo01,Jon Leuer,82,228,1989-05-14,Wisconsin,2011,,,2011
leverca01,Caris LeVert,79,205,1994-08-25,Michigan,2016,,,2016
lewiski01,Kira Lewis Jr.,73,170,2001-04-06,Alabama,2020,,,2020
lewisma05,Maxwell Lewis,79,215,2002-07-27,Pepperdine,2023,,,2023
lewissc01,Scottie Lewis,76,188,2000-03-12,Florida,2021,,,2021
liddeej01,E.J. Liddell,78,240,2000-12-18,Ohio State,2022,,,2023
liggide01,DeAndre Liggins,78,209,1988-03-31,Kentucky,2011,,,2012
lillada01,Damian Lillard,74,200,1990-07-15,Weber State,2012,,,2012
linje01,Jeremy Lin,75,200,1988-08-23,Harvard University,,,,2010
littlna01,Nassir Little,78,220,2000-02-11,UNC,2019,,,2019
livelde01,Dereck Lively II,85,230,2004-02-12,Duke,2023,,,2023
liveris01,Isaiah Livers,78,232,1998-07-28,Michigan,2021,,,2021
livinch01,Chris Livingston,78,220,2003-10-15,Kentucky,2023,,,2023
livinsh01,Shaun Livingston,79,192,1985-09-11,,2004,,,2004
loftoke01,Kenneth Lofton Jr.,78,275,2002-08-14,Louisiana Tech,,,,2022
loftoza01,Zach Lofton,76,180,1992-11-18,Illinois State,,,,2018
longsh01,Shawn Long,81,255,1993-01-29,Louisiana,,,,2017
looneke01,Kevon Looney,81,222,1996-02-06,UCLA,2015,,,2016
lopezbr01,Brook Lopez,85,282,1988-04-01,Stanford,2008,,,2008
lopezro01,Robin Lopez,85,281,1988-04-01,Stanford,2008,,,2008
louzama01,Didi Louzada,77,188,1999-02-07,,2019,,,2021
loveca01,Caleb Love,75,212,2001-09-27,UNC,,,,2025
loveke01,Kevin Love,82,251,1988-09-07,UCLA,2008,,,2008
loverla01,Lawson Lovering,84,245,2003-05-09,Colorado,,,,2026
lowryky01,Kyle Lowry,72,196,1986-03-25,Villanova,2006,,,2006
loydjo01,Jordan Loyd,76,210,1993-07-27,Furman University,,,,2018
lucasjo02,John Lucas III,71,166,1982-11-21,Baylor,,,,2005
lucaska01,Kalin Lucas,73,195,1989-05-24,Michigan State,,,,2014
lundbga01,Gabriel Lundberg,76,203,1994-12-04,,,,,2022
lundyse01,Seth Lundy,76,220,2000-04-02,Penn State,2023,,,2023
luwawti01,Timothé Luwawu-Cabarrot,79,210,1995-05-09,,2016,,,2016
lydonty01,Tyler Lydon,82,225,1996-04-09,Syracuse,2017,,,2017
lylestr01,Trey Lyles,81,234,1995-11-05,Kentucky,2015,,,2015
machasc01,Scott Machado,73,205,1990-06-08,Iona College,,,,2012
macksh01,Shelvin Mack,75,203,1990-04-22,Butler,2011,,,2011
maconda01,Daryl Macon,74,185,1995-11-29,Arkansas,,,,2018
macurjp01,J.P. Macura,76,203,1995-06-05,Xavier,,,,2019
magetjo01,Josh Magette,73,160,1989-11-28,Alabama-Huntsville,,,,2017
magnawi01,Will Magnay,82,234,1998-06-10,Tulsa,,,,2021
mahinia01,Ian Mahinmi,83,262,1986-11-05,,2005,,,2007
makerth01,Thon Maker,84,221,1997-02-25,,2016,,,2016
maledth01,Théo Maledon,76,175,2001-06-12,,2020,,,2020
maluakh01,Khaman Maluach,85,250,2006-09-14,Duke,2025,,,2025
mamuksa01,Sandro Mamukelashvili,81,240,1999-05-23,Seton Hall,2021,,,2021
maneka01,Karim Mané,75,190,2000-05-16,Vanier College,,,,2020
mannini01,Nico Mannion,74,190,2001-03-14,Arizona,2020,,,2021
mannte01,Terance Mann,78,215,1996-10-18,Florida State,2019,,,2019
manntr01,Tre Mann,76,178,2001-02-03,Florida,2021,,,2021
manonch01,Chris Mañon,76,209,2001-12-09,Cornell,,,,2025
marblde01,Devyn Marble,78,200,1992-09-21,Iowa,2014,,,2014
marjabo01,Boban Marjanović,88,290,1988-08-15,,,,,2015
markkla01,Lauri Markkanen,85,240,1997-05-22,Arizona,2017,,,2017
marshke01,Kendall Marshall,76,200,1991-08-19,UNC,2012,,,2012
marshna01,Naji Marshall,78,220,1998-01-24,Xavier,,,,2021
martial01,Alijah Martin,74,210,2001-12-26,Florida Atlantic University,2025,,,2025
martica02,Caleb Martin,77,205,1995-09-28,NC State,,,,2019
martico01,Cody Martin,78,205,1995-09-28,NC State,2019,,,2019
martija01,Jarell Martin,82,239,1994-05-24,LSU,2015,,,2015
martija02,Jaylen Martin,78,216,2004-01-28,,,,,2024
martije02,Jeremiah Martin,74,185,1996-06-19,Memphis,,,,2020
martike02,Kevin Martin,79,199,1983-02-01,Western Carolina University,2004,,,2004
martike03,Kelan Martin,77,230,1995-08-03,Butler,,,,2019
martike04,KJ Martin,78,215,2001-01-06,,2020,,,2021
martity01,Tyrese Martin,78,215,1999-03-07,Rhode Island,2022,,,2022
mashaja01,Jahmai Mashack,76,203,2002-11-10,Tennessee,2025,,,2025
masonfr01,Frank Mason III,71,190,1994-04-03,Kansas,2017,,,2017
matenya01,Yante Maten,79,240,1996-08-14,Georgia,,,,2019
mathega01,Garrison Mathews,77,215,1996-10-24,Lipscomb,,,,2019
mathida01,Dakota Mathias,76,200,1995-07-11,Purdue,,,,2020
mathima01,Mangok Mathiang,82,230,1992-10-08,Louisville,,,,2017
mathube01,Bennedict Mathurin,77,210,2002-06-19,Arizona,2022,,,2022
matkoka01,Karlo Matković,82,231,2001-03-30,,2022,,,2024
matthwe02,Wesley Matthews,77,220,1986-10-14,Marquette,,,,2009
maxeyty01,Tyrese Maxey,74,200,2000-11-04,Kentucky,2020,,,2020
mayooj01,O.J. Mayo,77,210,1987-11-05,USC,2008,,,2008
mayssk01,Skylar Mays,76,205,1997-09-05,LSU,2020,,,2020
mbahalu01,Luc Mbah a Moute,80,230,1986-09-09,UCLA,2008,,,2008
mbengbe01,Bez Mbeng,76,185,2003-05-02,Yale,,,,2026
mcadoja01,James Michael McAdoo,81,230,1993-01-04,UNC,,,,2015
mcbrimi01,Miles McBride,74,195,2000-09-08,West Virginia,2021,,,2021
mccaija01,Jared McCain,75,195,2004-02-20,Duke,2024,,,2024
mccalra01,Ray McCallum,75,190,1991-06-12,Detroit Mercy,2013,,,2013
mccalta01,Tahjere McCall,77,190,1994-08-17,Tennessee State,,,,2019
mccawpa01,Patrick McCaw,79,181,1995-10-25,UNLV,2016,,,2016
mcclesh01,Sheldon Mac,78,200,1992-12-21,Texas,,,,2016
mccluma01,Mac McClung,74,185,1999-01-06,Georgetown,,,,2021
mccolcj01,CJ McCollum,75,190,1991-09-19,Lehigh,2013,,,2014
mccontj01,T.J. McConnell,73,190,1992-03-25,Duquesne,,,,2015
mccreer01,Erik McCree,80,225,1993-12-20,Louisiana Tech,,,,2018
mcculch01,Chris McCullough,83,200,1995-02-05,Syracuse,2015,,,2016
mcculke01,Kevin McCullar Jr.,78,210,2001-03-15,Texas Tech,2024,,,2025
mcdanja01,Jalen McDaniels,81,205,1998-01-31,San Diego State,2019,,,2019
mcdanja02,Jaden McDaniels,81,185,2000-09-29,Washington,2020,,,2020
mcdankj01,K.J. McDaniels,78,205,1993-02-09,Clemson,2014,,,2014
mcderdo01,Doug McDermott,79,225,1992-01-03,Creighton,2014,,,2014
mcderse01,Sean McDermott,78,195,1996-11-03,Butler,,,,2020
mcgarmi01,Mitch McGary,82,255,1992-06-06,Michigan,2014,,,2014
mcgeeja01,JaVale McGee,84,270,1988-01-19,Nevada,2008,,,2008
mcgowbr01,Bryce McGowens,78,190,2002-11-08,Nebraska,2022,,,2022
mcgrica01,Cameron McGriff,79,220,1997-09-30,Oklahoma State,,,,2021
mcgruro01,Rodney McGruder,76,205,1991-07-29,Kansas State,,,,2016
mckinal01,Alfonzo McKinnie,79,215,1992-09-17,Green Bay,,,,2017
mckintr01,Trey McKinney-Jones,77,220,1990-08-27,Missouri-Kansas City,,,,2018
mclauja01,JaQuori McLaughlin,76,190,1998-01-29,Oregon State,,,,2021
mclaujo01,Jordan McLaughlin,71,185,1996-04-09,USC,,,,2019
mclembe01,Ben McLemore,75,195,1993-02-11,Kansas,2013,,,2013
mcneeli01,Liam McNeeley,79,210,2005-10-10,UConn,2025,,,2025
mcraejo01,Jordan McRae,77,179,1991-03-28,Tennessee,2014,,,2016
mcrobjo01,Josh McRoberts,82,240,1987-02-28,Duke,2007,,,2007
mcveija01,Jack McVeigh,80,215,1996-06-27,Nebraska,,,,2024
meeksjo01,Jodie Meeks,76,210,1987-08-21,Kentucky,2009,,,2009
mejrisa01,Salah Mejri,86,235,1986-06-15,,,,,2015
mellini01,Nicolò Melli,81,236,1991-01-26,,,,,2019
meltode01,De'Anthony Melton,74,200,1998-05-28,USC,2018,,,2018
mensana01,Nathan Mensah,81,230,1998-04-09,San Diego State,,,,2023
merrisa01,Sam Merrill,76,205,1996-05-15,Utah State University,2020,,,2020
metuch01,Chimezie Metu,82,225,1997-03-22,USC,2018,,,2018
micicva01,Vasilije Micić,75,188,1994-01-13,,2014,,,2023
mickejo01,Jordan Mickey,80,235,1994-07-09,LSU,2015,,,2015
middlkh01,Khris Middleton,79,222,1991-08-12,Texas A&M,2012,,,2012
mikaer01,Eric Mika,82,240,1995-01-05,BYU,,,,2020
milescj01,C.J. Miles,78,220,1987-03-18,,2005,,,2005
millean02,Andre Miller,75,200,1976-03-19,Utah,1999,,,1999
millebr02,Brandon Miller,79,200,2002-11-22,Alabama,2023,,,2023
milleda01,Darius Miller,78,225,1990-03-21,Kentucky,2012,,,2012
milleem01,Emanuel Miller,77,215,2000-06-19,Texas A&M,,,,2025
millejo02,Jordan Miller,77,194,2000-01-23,George Mason,2023,,,2023
millele01,Leonard Miller,82,220,2003-11-26,,2023,,,2023
millema01,Malcolm Miller,79,210,1993-03-06,Holy Cross,,,,2017
millemi01,Mike Miller,80,218,1980-02-19,Florida,2000,,,2000
millsel01,Elijah Millsap,78,225,1987-08-12,Louisiana,,,,2015
millspa01,Paul Millsap,79,257,1985-02-10,Louisiana Tech,2006,,,2006
millspa02,Patty Mills,74,180,1988-08-11,Saint Mary's,2009,,,2010
miltosh01,Shake Milton,77,205,1996-09-26,SMU,2018,,,2018
minayju01,Justin Minaya,77,205,1999-03-26,South Carolina,,,,2023
minixri01,Riley Minix,79,230,2000-09-22,Southeastern University,,,,2024
minotjo01,Josh Minott,80,205,2002-11-25,Memphis,2022,,,2022
mirotni01,Nikola Mirotić,82,250,1991-02-11,,2011,,,2014
missiyv01,Yves Missi,83,235,2004-05-14,Baylor,2024,,,2024
mitchaj01,Ajay Mitchell,76,190,2002-06-25,UC Santa Barbara,2024,,,2024
mitchda01,Davion Mitchell,72,202,1998-09-05,Auburn,2021,,,2021
mitchdo01,Donovan Mitchell,74,215,1996-09-07,Louisville,2017,,,2017
mitrona01,Naz Mitrou-Long,75,218,1993-08-03,Iowa State,,,,2017
mobleev01,Evan Mobley,83,215,2001-06-18,USC,2021,,,2021
mobleis01,Isaiah Mobley,80,238,1999-09-24,USC,2022,,,2022
mogbojo01,Jonathan Mogbo,81,225,2001-10-29,Missouri State,2024,,,2024
mohamna01,Nazr Mohammed,82,221,1977-09-05,Kentucky,1998,,,1999
mokokad01,Adam Mokoka,76,190,1998-07-18,,,,,2019
monekch01,Chima Moneke,77,223,1995-12-24,Northeast Community College,,,,2022
monkma01,Malik Monk,75,200,1998-02-04,Kentucky,2017,,,2017
monrogr01,Greg Monroe,83,265,1990-06-04,Georgetown,2010,,,2010
montelu01,Luis Montero,79,200,1993-04-06,Westchester CC,,,,2015
moodymo01,Moses Moody,77,211,2002-05-31,Arkansas,2021,,,2021
moonema01,Matt Mooney,75,199,1996-02-07,Air Force,,,,2020
moonxa01,Xavier Moon,72,165,1995-01-02,Northwest Florida State College,,,,2021
moorebe01,Ben Moore,80,220,1995-05-13,SMU,,,,2018
mooreet01,E'Twaun Moore,75,191,1989-02-25,Purdue,2011,,,2011
mooreta02,Taze Moore,77,195,1998-06-29,Cal State-Bakersfield,,,,2024
moorewe01,Wendell Moore Jr.,77,215,2001-09-18,Duke,2022,,,2022
moralal01,Alex Morales,78,180,1997-11-21,Prince George Community College,,,,2026
moranja01,Ja Morant,74,174,1999-08-10,Murray State,2019,,,2019
moreler01,Eric Moreland,82,238,1991-12-24,Oregon State,,,,2014
morgaju01,Juwan Morgan,79,232,1997-04-17,Indiana,,,,2019
morrija01,Jaylen Morris,77,185,1995-09-19,Molloy,,,,2018
morrima02,Markieff Morris,81,245,1989-09-02,Kansas,2011,,,2011
morrima03,Marcus Morris,80,218,1989-09-02,Kansas,2011,,,2011
morrimo01,Monte Morris,74,183,1995-06-27,Iowa State,2017,,,2017
morroan01,Anthony Morrow,77,210,1985-09-27,Georgia Tech,,,,2008
motiedo01,Donatas Motiejūnas,84,255,1990-09-20,,2011,,,2012
motlejo01,Johnathan Motley,80,230,1995-05-04,Baylor,,,,2017
mozgoti01,Timofey Mozgov,85,275,1986-07-16,,,,,2010
mudiaem01,Emmanuel Mudiay,75,200,1996-03-05,,2015,,,2015
muhamsh01,Shabazz Muhammad,77,225,1992-11-13,UCLA,2013,,,2013
muldemy01,Mychal Mulder,75,195,1994-06-12,Vincennes University,,,,2020
munfoxa02,Xavier Munford,76,173,1992-06-01,Rhode Island,,,,2016
murkead01,Ade Murkey,77,200,1998-01-29,Denver,,,,2021
murphtr02,Trey Murphy III,80,206,2000-06-18,Rice University,2021,,,2021
murraco01,Collin Murray-Boyles,79,245,2005-06-10,South Carolina,2025,,,2025
murrade01,Dejounte Murray,76,180,1996-09-19,Washington,2016,,,2016
murraja01,Jamal Murray,76,215,1997-02-23,Kentucky,2016,,,2016
murrake02,Keegan Murray,80,225,2000-08-19,Iowa,2022,,,2022
murrakr01,Kris Murray,80,218,2000-08-19,Iowa,2023,,,2023
musadz01,Džanan Musa,81,217,1999-05-08,,2018,,,2018
muscami01,Mike Muscala,82,240,1991-07-01,Bucknell,2013,,,2014
mykhasv01,Svi Mykhailiuk,79,205,1997-06-10,Kansas,2018,,,2018
naderab01,Abdel Nader,77,225,1993-09-25,Northern Illinois,2016,,,2017
nancela02,Larry Nance Jr.,78,245,1993-01-01,Wyoming,2015,,,2015
nancepe01,Pete Nance,81,225,2000-02-19,Northwestern,,,,2024
napiesh01,Shabazz Napier,72,175,1991-07-14,UConn,2014,,,2014
ndourma01,Maurice Ndour,81,200,1992-06-18,Ohio University,,,,2016
nealga01,Gary Neal,76,210,1984-10-03,La Salle,,,,2010
nelsogr02,Grant Nelson,84,215,2002-03-18,North Dakota State University,,,,2026
nelsoja01,Jameer Nelson,72,190,1982-02-09,Saint Joseph's,2004,,,2004
nembhan01,Andrew Nembhard,76,191,2000-01-16,Florida,2022,,,2022
nembhrj01,RJ Nembhard Jr.,77,200,1999-03-22,TCU,,,,2021
nembhry01,Ryan Nembhard,71,180,2003-03-10,Creighton,,,,2025
nesmiaa01,Aaron Nesmith,77,215,1999-10-16,Vanderbilt,2020,,,2020
netora01,Raul Neto,74,180,1992-05-19,,2013,,,2015
newelas01,Asa Newell,82,220,2005-10-05,Georgia,2025,,,2025
newmama01,Malik Newman,75,190,1997-02-21,Mississippi State,,,,2020
newtotr01,Tristen Newton,77,190,2001-04-26,East Carolina University,2024,,,2024
nfalyda01,N'Faly Dante,83,230,2001-10-19,Oregon,,,,2025
niangge01,Georges Niang,78,230,1993-06-17,Iowa State,2016,,,2016
nichoan01,Andrew Nicholson,81,250,1989-12-08,St. Bonaventure,2012,,,2012
nixda01,Daishen Nix,75,226,2002-02-13,,,,,2021
nnajize01,Zeke Nnaji,82,240,2001-01-09,Arizona,2020,,,2020
noahjo01,Joakim Noah,83,230,1985-02-25,Florida,2007,,,2007
noelne01,Nerlens Noel,82,220,1994-04-10,Kentucky,2013,,,2014
noguelu01,Lucas Nogueira,84,241,1992-07-26,,2013,,,2014
norrimi01,Miles Norris,79,220,2000-04-15,Oregon,,,,2025
norveza01,Zach Norvell,77,206,1997-12-09,Gonzaga,,,,2019
novakst01,Steve Novak,82,225,1983-06-13,Marquette,2006,,,2006
nowelja01,Jaylen Nowell,76,201,1999-07-09,Washington,2019,,,2019
nowelma01,Markquis Nowell,67,160,1999-12-25,Little Rock,,,,2023
nowitdi01,Dirk Nowitzki,84,245,1978-06-19,,1998,,,1999
ntilila01,Frank Ntilikina,76,200,1998-07-28,,2017,,,2017
nunnaja01,James Nunnally,79,205,1990-07-14,UC Santa Barbara,,,,2014
nunnke01,Kendrick Nunn,75,190,1995-08-03,Illinois,,,,2019
nurkiju01,Jusuf Nurkić,83,290,1994-08-23,,2014,,,2014
nwabada01,David Nwaba,77,219,1993-01-14,Cal Poly,,,,2017
nworajo01,Jordan Nwora,80,225,1998-09-09,Louisville,2020,,,2020
obriejj01,J.J. O'Brien,79,228,1992-04-08,San Diego State,,,,2016
obryajo01,Johnny O'Bryant,81,257,1993-06-01,LSU,2014,,,2014
ochefda01,Daniel Ochefu,83,245,1993-12-15,Villanova,,,,2016
odurojo01,Josh Oduro,81,240,2000-10-14,George Mason,,,,2026
ojelese01,Semi Ojeleye,78,240,1994-12-05,Duke,2017,,,2017
okafoem01,Emeka Okafor,82,252,1982-09-28,UConn,2004,,,2004
okafoja01,Jahlil Okafor,82,270,1995-12-15,Duke,2015,,,2015
okanito01,Toby Okani,80,210,2001-10-05,Duquesne,,,,2026
okekech01,Chuma Okeke,79,229,1998-08-18,Auburn,2019,,,2020
okoboel01,Elie Okobo,75,190,1997-10-23,,2018,,,2018
okogijo01,Josh Okogie,76,213,1998-09-01,Georgia Tech,2018,,,2018
okongon01,Onyeka Okongwu,82,240,2000-12-11,USC,2020,,,2021
okorois01,Isaac Okoro,76,225,2001-01-26,Auburn,2020,,,2020
okpalkz01,KZ Okpala,80,215,1999-04-28,Stanford,2019,,,2019
oladivi01,Victor Oladipo,75,213,1992-05-04,Indiana,2013,,,2013
olbrila01,Lachlan Olbrich,80,236,2003-12-30,"University of California, Riverside",2025,,,2025
olivaqu01,Quincy Olivari,74,201,2001-05-27,Rice University,,,,2024
oliveca01,Cameron Oliver,80,225,1996-07-11,Nevada,,,,2021
olynyke01,Kelly Olynyk,84,240,1991-04-19,Gonzaga,2013,,,2013
omierno01,Norchad Omier,77,248,2001-08-28,Arkansas State University,,,,2026
omorueu01,Eugene Omoruyi,78,235,1997-02-14,Rutgers University,,,,2021
onealro01,Royce O'Neale,78,226,1993-06-05,Denver,,,,2017
onimi01,Miye Oni,77,206,1997-08-04,Yale,2019,,,2019
onuakar01,Arinze Onuaku,81,255,1987-07-13,Syracuse,,,,2013
onuakch01,Chinanu Onuaku,82,245,1996-11-01,Louisville,2016,,,2016
oquinky01,Kyle O'Quinn,81,250,1990-03-26,Norfolk State,2012,,,2012
osmande01,Cedi Osman,79,230,1995-04-08,,2015,,,2017
oturuda01,Daniel Oturu,82,240,1999-09-20,Minnesota,2020,,,2020
oubreke01,Kelly Oubre Jr.,80,203,1995-12-09,Kansas,2015,,,2015
owensta01,Tariq Owens,82,205,1995-06-30,Tennessee,,,,2020
pachuza01,Zaza Pachulia,83,270,1984-02-10,,2003,,,2003
paigeja01,Jaysean Paige,74,200,1994-07-30,College of Southern Idaho,,,,2022
paigema01,Marcus Paige,72,164,1993-09-11,UNC,2016,,,2017
palmetr01,Trayvon Palmer,78,200,1994-11-13,North Dakota State College of Science,,,,2021
pangoke01,Kevin Pangos,73,179,1993-01-26,Gonzaga,,,,2021
papagge01,Georgios Papagiannis,85,240,1997-07-03,,2016,,,2016
papanko01,Kostas Papanikolaou,80,225,1990-07-31,,2012,,,2014
pargoje01,Jeremy Pargo,74,219,1986-03-17,Gonzaga,,,,2011
parkeja01,Jabari Parker,79,245,1995-03-15,Duke,2014,,,2014
parketo01,Tony Parker,74,185,1982-05-17,,2001,,,2001
parsoch01,Chandler Parsons,81,230,1988-10-25,Florida,2011,,,2011
pascher01,Eric Paschall,78,255,1996-11-04,Fordham,2019,,,2019
pasecan01,Anžejs Pasečņiks,85,229,1995-12-20,,2017,,,2019
pattela01,Lamar Patterson,77,225,1991-08-12,Pitt,2014,,,2015
pattepa01,Patrick Patterson,80,235,1989-03-14,Kentucky,2010,,,2010
pattoju01,Justin Patton,83,241,1997-06-14,Creighton,2017,,,2018
paulbr01,Brandon Paul,76,200,1991-04-30,Illinois,,,,2017
paulch01,Chris Paul,72,175,1985-05-06,Wake Forest,2005,,,2005
paynead01,Adreian Payne,82,237,1991-02-19,Michigan State,2014,,,2014
payneca01,Cameron Payne,74,183,1994-08-08,Murray State,2015,,,2015
paytoel01,Elfrid Payton,75,195,1994-02-22,Louisiana,2014,,,2014
paytoga02,Gary Payton II,74,195,1992-12-01,Oregon State,,,,2017
peavymi01,Micah Peavy,79,215,2001-07-16,Texas Tech,2025,,,2025
pedulse01,Sean Pedulla,73,195,2002-10-10,Virginia Tech,,,,2026
pekovni01,Nikola Peković,83,307,1986-01-03,,2008,,,2010
pelleno01,Norvel Pelle,82,231,1993-02-03,,,,,2019
pendano01,Noah Penda,79,215,2005-01-07,,2025,,,2025
pendeje02,Jeff Ayres,81,240,1987-04-29,Arizona State,2009,,,2009
pereima01,Mãozinha Pereira,80,177,2000-08-28,,,,,2024
perkike01,Kendrick Perkins,82,270,1984-11-10,,2003,,,2003
perralo01,London Perrantes,74,200,1994-10-03,Virginia,,,,2017
perryre01,Reggie Perry,80,250,2000-03-21,Mississippi State,2020,,,2020
peteral01,Alec Peters,81,235,1995-04-13,Valparaiso,2017,,,2017
peterdr01,Drew Peterson,80,205,1999-11-09,Rice University,,,,2023
peterta01,Taelon Peter,75,185,2002-02-27,Tennessee Technological University,2025,,,2025
petrufi01,Filip Petrušev,83,225,2000-04-15,Gonzaga,2021,,,2023
phillju01,Julian Phillips,78,198,2003-11-05,Tennessee,2023,,,2023
pickeja01,Jamorko Pickett,81,206,1997-12-24,Georgetown,,,,2021
pickeja02,Jalen Pickett,74,202,1999-10-22,Siena College,2023,,,2023
piercpa01,Paul Pierce,79,235,1977-10-13,Kansas,1998,,,1999
pinsoth01,Theo Pinson,77,212,1995-11-05,UNC,,,,2018
pippesc02,Scotty Pippen Jr.,74,170,2000-11-10,Vanderbilt,,,,2022
pleisti01,Tibor Pleiß,87,256,1989-11-02,,2010,,,2015
plowdda01,Daeqwon Plowden,76,216,1998-08-29,Bowling Green,,,,2025
plumlma01,Mason Plumlee,84,254,1990-03-05,Duke,2013,,,2013
plumlma02,Marshall Plumlee,84,250,1992-07-14,Duke,,,,2016
plumlmi01,Miles Plumlee,83,249,1988-09-01,Duke,2012,,,2012
podzibr01,Brandin Podziemski,76,205,2003-02-25,Illinois,2023,,,2023
poeltja01,Jakob Poeltl,84,253,1995-10-15,Utah,2016,,,2016
poirivi01,Vincent Poirier,84,235,1993-10-17,,,,,2019
pokusal01,Aleksej Pokusevski,84,210,2001-12-26,,2020,,,2020
pondequ01,Quincy Pondexter,79,230,1988-03-10,Washington,2010,,,2010
pondssh01,Shamorie Ponds,72,175,1998-06-29,St. John's,,,,2019
ponsyv01,Yves Pons,77,206,1999-05-07,Tennessee,,,,2021
poolejo01,Jordan Poole,76,194,1999-06-19,Michigan,2019,,,2019
portecr01,Craig Porter Jr.,73,180,2000-02-26,Vincennes University,,,,2023
portejo01,Jontay Porter,83,240,1999-11-15,Missouri,,,,2021
porteke02,Kevin Porter Jr.,77,203,2000-05-04,USC,2019,,,2019
portemi01,Michael Porter Jr.,82,218,1998-06-29,Missouri,2018,,,2019
porteot01,Otto Porter Jr.,80,198,1993-06-03,Georgetown,2013,,,2013
portibo01,Bobby Portis,81,250,1995-02-10,Arkansas,2015,,,2015
porzikr01,Kristaps Porziņģis,86,240,1995-08-02,,2015,,,2015
postqu01,Quinten Post,84,238,2000-03-21,Mississippi State,2024,,,2024
pottemi01,Micah Potter,81,248,1998-04-06,Ohio State,,,,2022
poulajo01,John Poulakidas,78,205,2003-04-04,Yale,,,,2026
poweldr01,Drake Powell,77,195,2005-09-08,UNC,2025,,,2025
poweldw01,Dwight Powell,82,240,1991-07-20,Stanford,2014,,,2014
powelmy01,Myles Powell,74,195,1997-07-07,Seton Hall,,,,2021
powelno01,Norman Powell,75,215,1993-05-25,UCLA,2015,,,2015
poythal01,Alex Poythress,81,235,1993-09-06,Kentucky,,,,2017
pressph01,Phil Pressey,71,175,1991-02-17,Missouri,,,,2013
prestja01,Jason Preston,75,181,1999-08-10,Ohio University,2021,,,2022
pricero01,Ronnie Price,74,190,1983-06-21,Nicholls State,,,,2005
prigipa01,Pablo Prigioni,75,185,1977-05-17,,,,,2012
primojo01,Joshua Primo,76,189,2002-12-24,Alabama,2021,,,2021
princta01,Tayshaun Prince,81,212,1980-02-28,Kentucky,2002,,,2002
princta02,Taurean Prince,78,218,1994-03-22,Baylor,2016,,,2016
pritcpa01,Payton Pritchard,73,195,1998-01-28,Oregon,2020,,,2020
proctty01,Tyrese Proctor,76,185,2004-04-01,Duke,2025,,,2025
prospol01,Olivier-Maxence Prosper,79,230,2002-07-03,Clemson,2023,,,2023
pulleja01,Jacob Pullen,73,200,1989-11-10,Kansas State,,,,2017
pullizy01,Zyon Pullin,76,206,2001-03-03,"University of California, Riverside",,,,2025
purviro01,Rodney Purvis,76,205,1994-02-14,UConn,,,,2018
qizh01,Zhou Qi,85,210,1996-01-16,,2016,,,2017
quartti01,Tim Quarterman,78,190,1994-10-27,LSU,,,,2016
queende01,Derik Queen,81,250,2004-12-27,Maryland,2025,,,2025
queentr01,Trevelin Queen,77,190,1997-02-25,College of Marin,,,,2021
quetane01,Neemias Queta,84,248,1999-07-13,Utah State University,2021,,,2021
quickim01,Immanuel Quickley,74,190,1999-06-17,Kentucky,2020,,,2020
quinole01,Lester Quiñones,77,208,2000-11-16,Memphis,,,,2023
rabbiv01,Ivan Rabb,82,220,1997-02-04,California,2017,,,2017
ramseja01,Jahmi'us Ramsey,75,190,2001-06-09,Texas Tech,2020,,,2020
randlch01,Chasson Randle,74,185,1993-02-05,Stanford,,,,2017
randlju01,Julius Randle,81,250,1994-11-29,Kentucky,2014,,,2014
randoza01,Zach Randolph,81,250,1981-07-16,Michigan State,2001,,,2001
rathaxa01,Xavier Rathan-Mayes,76,208,1994-04-29,Florida State,,,,2018
raynama01,Maxime Raynaud,85,250,2003-04-07,Stanford,2025,,,2025
reathdu01,Duop Reath,81,245,1996-06-26,Lee College,,,,2023
reaveau01,Austin Reaves,77,197,1998-05-29,Wichita State,,,,2021
reavejo02,Josh Reaves,76,214,1997-06-04,Penn State,,,,2020
reddica01,Cam Reddish,79,230,1999-09-01,Duke,2019,,,2019
redicjj01,JJ Redick,75,200,1984-06-24,Duke,2006,,,2006
reedda01,Davon Reed,77,206,1995-06-11,Miami (FL),2017,,,2018
reedpa01,Paul Reed,81,210,1999-06-14,DePaul,2020,,,2021
reedwi02,Willie Reed,83,245,1990-05-16,Saint Louis,,,,2015
reeseal01,Alex Reese,81,245,1999-05-21,Alabama,,,,2024
reeseju01,Julian Reese,81,230,2003-06-30,Maryland,,,,2026
reevean01,Antonio Reeves,77,205,2000-11-20,Illinois State,2024,,,2024
reidna01,Naz Reid,81,264,1999-08-26,LSU,,,,2019
reynoca01,Cameron Reynolds,79,225,1995-02-07,Tulane,,,,2019
rhodeja01,Jared Rhoden,77,210,1999-08-27,Seton Hall,,,,2023
richaja02,Jase Richardson,73,180,2005-10-16,Michigan State,2025,,,2025
richajo01,Josh Richardson,77,200,1993-09-15,Tennessee,2015,,,2015
richama01,Malachi Richardson,78,205,1996-01-05,Syracuse,2016,,,2016
richani01,Nick Richards,83,245,1997-11-29,Kentucky,2020,,,2020
richawi02,Will Richard,75,206,2002-12-24,Belmont,2025,,,2025
richmka01,Kadary Richmond,77,205,2001-08-25,Syracuse,,,,2026
rileywi01,Will Riley,81,180,2006-02-10,Illinois,2025,,,2025
rillegr01,Grant Riller,74,190,1997-02-08,College of Charleston,2020,,,2021
risacza01,Zaccharie Risacher,80,200,2005-04-08,,2024,,,2024
riverau01,Austin Rivers,76,200,1992-08-01,Duke,2012,,,2012
robbili01,Liam Robbins,84,250,1999-07-12,Drake University,,,,2024
roberan03,Andre Roberson,79,210,1991-12-04,Colorado,2013,,,2013
roberbr01,Brian Roberts,73,173,1985-12-03,Dayton,,,,2012
robinde01,Devin Robinson,80,200,1995-03-07,Florida,,,,2018
robindu01,Duncan Robinson,79,215,1994-04-22,Williams,,,,2018
robingl02,Glenn Robinson III,78,222,1994-01-08,Michigan,2014,,,2014
robinje01,Jerome Robinson,77,190,1997-02-22,Boston College,2018,,,2018
robinje02,Jeremiah Robinson-Earl,81,240,2000-11-03,Villanova,2021,,,2021
robinju01,Justin Robinson,73,195,1997-10-12,Virginia Tech,,,,2019
robinmi01,Mitchell Robinson,84,240,1998-04-01,Western Kentucky,2018,,,2018
robinna01,Nate Robinson,69,180,1984-05-31,Washington,2005,,,2005
robinor01,Orlando Robinson,82,235,2000-07-10,Fresno State,,,,2022
robinth01,Thomas Robinson,82,237,1991-03-17,Kansas,2012,,,2012
robyis01,Isaiah Roby,78,230,1998-02-03,Nebraska,2019,,,2020
roddyda01,David Roddy,77,255,2001-03-27,Colorado State,2022,,,2022
rodrise01,Sergio Rodríguez,75,176,1986-06-12,,2006,,,2006
rolliry01,Ryan Rollins,75,180,2002-07-03,Toledo,2022,,,2022
rondora01,Rajon Rondo,73,180,1986-02-22,Kentucky,2006,,,2006
rosede01,Derrick Rose,75,200,1988-10-04,Memphis,2008,,,2008
rosste01,Terrence Ross,78,206,1991-02-05,Washington,2012,,,2012
roweja01,Jackson Rowe,78,210,1997-01-04,Cal State Fullerton,,,,2025
roziete01,Terry Rozier,73,190,1994-03-17,Louisville,2015,,,2015
rubiori01,Ricky Rubio,74,190,1990-10-21,,2009,,,2011
rudezda01,Damjan Rudež,82,228,1986-06-17,,,,,2014
ruperra01,Rayan Rupert,79,205,2004-05-31,,2023,,,2023
rushbr01,Brandon Rush,78,220,1985-07-07,Kansas,2008,,,2008
russeda01,D'Angelo Russell,75,193,1996-02-23,Ohio State,2015,,,2015
ryanco01,Cormac Ryan,77,195,1998-10-26,Stanford,,,,2026
ryanma01,Matt Ryan,78,215,1997-04-17,Notre Dame,,,,2022
sabondo01,Domantas Sabonis,82,240,1996-05-03,Gonzaga,2016,,,2016
sacrero01,Robert Sacre,84,270,1989-06-06,Gonzaga,2012,,,2012
salauti01,Tidjane Salaün,82,207,2005-08-10,,2024,,,2024
sallihu01,Hunter Sallis,76,185,2003-03-26,Gonzaga,,,,2025
samanlu01,Luka Šamanić,82,227,2000-01-09,,2019,,,2020
sampsbr01,Brandon Sampson,77,184,1997-05-01,LSU,,,,2019
sampsja02,JaKarr Sampson,79,214,1993-03-20,St. John's,,,,2014
samueje01,Jermaine Samuels,78,230,1998-11-13,Villanova,,,,2023
sandeko01,Kobe Sanders,80,207,2002-05-30,Cal Poly,2025,,,2025
sandela01,Larry Sanders,83,235,1988-11-21,VCU,2010,,,2010
sandfpa01,Payton Sandfort,79,215,2002-12-04,Iowa,,,,2026
sanogad01,Adama Sanogo,81,245,2002-02-12,UConn,,,,2023
santogu01,Gui Santos,79,185,2002-06-22,,2022,,,2023
sarafbe01,Ben Saraf,78,200,2006-04-14,,2025,,,2025
saricda01,Dario Šarić,82,225,1994-04-08,,2014,,,2016
sarral01,Alex Sarr,84,205,2005-04-26,,2024,,,2024
sarrol01,Olivier Sarr,82,240,1999-02-20,Wake Forest,,,,2021
sassema01,Marcus Sasser,73,195,2000-09-21,Houston,2023,,,2023
satorto01,Tomáš Satoranský,79,210,1991-10-30,,2012,,,2016
schakjo01,Jordan Schakel,78,200,1998-06-13,San Diego State,,,,2021
scheiba01,Baylor Scheierman,78,205,2000-09-26,South Dakota State,2024,,,2024
schofad01,Admiral Schofield,77,241,1997-03-30,Tennessee,2019,,,2019
schrode01,Dennis Schröder,73,175,1993-09-15,,2013,,,2013
scolalu01,Luis Scola,81,240,1980-04-30,,2002,,,2007
scottmi01,Mike Scott,79,237,1988-07-16,Virginia,2012,,,2012
scotttr01,Tre Scott,80,225,1996-11-25,Cincinnati,,,,2021
scrubja01,Jay Scrubb,77,220,2000-09-01,John A. Logan College,2020,,,2021
seabrde01,Dereon Seabron,77,180,2000-05-26,NC State,,,,2022
searsma01,Mark Sears,72,185,2002-02-19,Ohio University,,,,2025
sefolth01,Thabo Sefolosha,78,215,1984-05-02,,2006,,,2006
seldewa01,Wayne Selden,76,232,1994-09-30,Kansas,,,,2017
sengual01,Alperen Şengün,83,243,2002-07-25,,2021,,,2021
sensabr01,Brice Sensabaugh,78,235,2003-10-30,Ohio State,2023,,,2023
serapke01,Kevin Séraphin,81,285,1989-12-07,,2010,,,2010
sessira01,Ramon Sessions,75,190,1986-04-11,Nevada,2007,,,2008
sextoco01,Collin Sexton,75,190,1999-01-04,Alabama,2018,,,2018
shamela01,Landry Shamet,77,190,1997-03-13,Wichita State,2018,,,2018
shannte01,Terrence Shannon Jr.,78,215,2000-07-30,Texas Tech,2024,,,2024
sharpda01,Day'Ron Sharpe,82,265,2001-11-06,UNC,2021,,,2021
sharpsh01,Shaedon Sharpe,77,210,2003-05-30,Kentucky,2022,,,2022
shayoma01,Marial Shayok,77,198,1995-07-26,Virginia,2019,,,2020
sheadja01,Jamal Shead,73,200,2002-06-24,Houston,2024,,,2024
sheppbe01,Ben Sheppard,78,190,2001-07-16,Belmont,2023,,,2023
sheppre01,Reed Sheppard,74,185,2004-06-24,Kentucky,2024,,,2024
shulgma01,Max Shulga,76,210,2002-06-25,Utah State University,2025,,,2026
shumpim01,Iman Shumpert,77,212,1990-06-26,Georgia Tech,2011,,,2011
siakapa01,Pascal Siakam,80,245,1994-04-02,New Mexico State,2016,,,2016
siberjo01,Jordan Sibert,76,187,1992-08-01,Ohio State,,,,2019
silasxa01,Xavier Silas,77,205,1988-01-22,Colorado,,,,2012
silvach01,Chris Silva,80,234,1996-09-19,South Carolina,,,,2019
simmobe01,Ben Simmons,82,240,1996-07-20,LSU,2016,,,2017
simmojo02,Jonathon Simmons,78,195,1989-09-14,Houston,,,,2015
simmoko01,Kobi Simmons,77,180,1997-07-04,Arizona,,,,2017
simonan01,Anfernee Simons,75,200,1999-06-08,,2018,,,2018
simonma01,Marko Simonovic,84,220,1999-10-15,,2020,,,2021
simpskj01,KJ Simpson,74,189,2002-08-08,Colorado,2024,,,2024
simpsza01,Zavier Simpson,72,190,1997-02-11,Michigan,,,,2022
simshe01,Henry Sims,82,248,1990-03-27,Georgetown,,,,2013
simsja01,Jaylen Sims,78,210,1998-12-11,UNC Wilmington,,,,2025
simsje01,Jericho Sims,82,250,1998-10-20,Texas,2021,,,2021
singlky01,Kyle Singler,80,228,1988-05-04,Duke,2011,,,2012
sirvyde01,Deividas Sirvydis,80,190,2000-06-10,,2019,,,2021
skapidm01,Dmytro Skapintsev,85,260,1998-05-12,Cal State Northridge,,,,2023
slawsja01,Jalen Slawson,79,215,1999-10-22,Furman University,2023,,,2023
sloando01,Donald Sloan,75,205,1988-01-15,Texas A&M,,,,2012
smailal01,Alen Smailagić,82,215,2000-08-18,,2019,,,2019
smallja01,Javon Small,73,190,2002-12-19,East Carolina University,2025,,,2025
smartja01,Javonte Smart,76,205,1999-06-03,LSU,,,,2021
smartma01,Marcus Smart,75,220,1994-03-06,Oklahoma State,2014,,,2014
smithde03,Dennis Smith Jr.,74,205,1997-11-25,NC State,2017,,,2017
smithdr01,Dru Smith,74,203,1997-12-30,University of Evansville,,,,2022
smithgr02,Greg Smith,82,250,1991-01-08,Fresno State,,,,2012
smithis01,Ish Smith,72,175,1988-07-05,Wake Forest,,,,2010
smithja02,Jason Smith,84,240,1986-03-02,Colorado State,2007,,,2007
smithja04,Jalen Smith,80,215,2000-03-16,Maryland,2020,,,2020
smithja05,Jabari Smith Jr.,83,220,2003-05-13,Auburn,2022,,,2022
smithjo03,Josh Smith,81,225,1985-12-05,,2004,,,2004
smithjr01,J.R. Smith,78,225,1985-09-09,North Carolina A&T,2004,,,2004
smithma02,Malachi Smith,76,205,1999-12-06,Wright State University,,,,2026
smithni01,Nick Smith Jr.,74,185,2004-04-18,Arkansas,2023,,,2023
smithru01,Russ Smith,72,165,1991-04-19,Louisville,2014,,,2014
smithte01,Terquavion Smith,76,160,2002-12-31,NC State,,,,2024
smithto05,Tolu Smith,83,254,2000-07-26,Western Kentucky,,,,2025
smithty02,Tyler Smith,81,224,2004-11-02,,2024,,,2024
smithzh01,Zhaire Smith,75,205,1999-06-04,Texas Tech,2018,,,2019
sneedxa01,Xavier Sneed,77,215,1997-12-21,Kansas State,,,,2021
snellto01,Tony Snell,78,213,1991-11-10,New Mexico,2013,,,2013
sochaje01,Jeremy Sochan,80,230,2003-05-20,Baylor,2022,,,2022
spaldra01,Ray Spalding,82,215,1997-03-11,Louisville,2018,,,2018
speigma01,Marreese Speights,82,255,1987-08-04,Florida,2008,,,2008
spellom01,Omari Spellman,80,245,1997-07-21,Villanova,2018,,,2018
spencca01,Cam Spencer,75,205,2000-04-06,Loyola (MD),2024,,,2024
spencpa01,Pat Spencer,74,205,1996-07-04,Loyola (MD),,,,2024
splitti01,Tiago Splitter,83,245,1985-01-01,,2007,,,2010
sprinja01,Jaden Springer,76,202,2002-09-25,Tennessee,2021,,,2021
stanlca01,Cassius Stanley,77,190,1999-08-18,Duke,2020,,,2020
stausni01,Nik Stauskas,78,205,1993-10-07,Michigan,2014,,,2014
stephal01,Alex Stepheson,82,270,1987-08-07,UNC,,,,2016
stephdj01,D.J. Stephens,77,188,1990-12-19,Memphis,,,,2014
stephla01,Lance Stephenson,78,230,1990-09-05,Cincinnati,2010,,,2011
steveis01,Isaiah Stevens,71,185,2000-11-01,Colorado State,,,,2025
stevela01,Lamar Stevens,79,230,1997-07-09,Penn State,,,,2020
stewais01,Isaiah Stewart,80,250,2001-05-22,Washington,2020,,,2020
stockda01,David Stockton,71,165,1991-06-24,Gonzaga,,,,2015
stokeja01,Jarnell Stokes,81,255,1994-01-07,Tennessee,2014,,,2014
stonedi01,Diamond Stone,83,255,1997-02-10,Maryland,2016,,,2016
stoneju01,Julyan Stone,78,200,1988-12-07,Texas-El Paso,,,,2012
stoudam01,Amar'e Stoudemire,82,245,1982-11-16,,2002,,,2002
strawju01,Julian Strawther,78,205,2002-04-18,Gonzaga,2023,,,2023
strusma01,Max Strus,77,215,1996-03-28,Lewis (IL),,,,2019
stuckro01,Rodney Stuckey,77,210,1986-04-21,Eastern Washington,2007,,,2007
suggsja01,Jalen Suggs,77,205,2001-06-03,Gonzaga,2021,,,2021
sullija01,Jared Sullinger,81,260,1992-03-04,Ohio State,2012,,,2012
sumneed01,Edmond Sumner,76,190,1995-12-31,Xavier,2017,,,2018
swanica01,Caleb Swanigan,81,260,1997-04-18,Purdue,2017,,,2017
swideco01,Cole Swider,82,220,1999-05-08,Villanova,,,,2022
swordcr01,Craig Sword,75,196,1994-01-16,Mississippi State,,,,2021
sykeske01,Keifer Sykes,71,167,1993-12-30,Green Bay,,,,2021
tateja01,Jae'Sean Tate,76,230,1995-10-28,Ohio State,,,,2020
tatumja01,Jayson Tatum,80,210,1998-03-03,Duke,2017,,,2017
tavarwa01,Edy Tavares,87,260,1992-03-22,,2014,,,2015
taylois01,Isaiah Taylor,75,170,1994-07-11,Texas,,,,2017
taylote01,Terry Taylor,77,230,1999-09-23,Austin Peay State University,,,,2022
teaguje01,Jeff Teague,75,195,1988-06-10,Wake Forest,2009,,,2009
teaguma01,Marquis Teague,74,189,1993-02-28,Kentucky,2012,,,2012
teletmi01,Mirza Teletović,81,242,1985-09-18,,,,,2012
telfoja01,Jahmyl Telfort,79,225,2001-04-30,Northeastern University,,,,2025
templga01,Garrett Temple,77,195,1986-05-08,LSU,,,,2010
teodomi01,Miloš Teodosić,77,196,1987-03-19,,,,,2017
terreja01,Jared Terrell,75,227,1995-02-10,Rhode Island,,,,2018
terryda01,Dalen Terry,78,195,2002-07-12,Arizona,2022,,,2022
terryem01,Emanuel Terry,81,220,1996-08-21,Lincoln Memorial,,,,2019
terryja01,Jason Terry,74,185,1977-09-15,Arizona,1999,,,1999
terryty01,Tyrell Terry,74,160,2000-09-28,Stanford,2020,,,2020
teskejo01,Jon Teske,85,265,1997-05-04,Michigan,,,,2022
theisda01,Daniel Theis,80,245,1992-04-04,,,,,2017
thierad01,Adou Thiero,79,220,2004-05-08,Kentucky,2025,,,2025
thomabr01,Brodric Thomas,77,185,1997-01-28,Truman State University,,,,2020
thomaca02,Cam Thomas,75,210,2001-10-13,LSU,2021,,,2021
thomais02,Isaiah Thomas,69,185,1989-02-07,Washington,2011,,,2011
thomakh01,Khyri Thomas,75,210,1996-05-08,Creighton,2018,,,2018
thomala01,Lance Thomas,80,240,1988-04-24,Duke,,,,2011
thomama02,Matt Thomas,75,190,1994-08-04,Iowa State,,,,2019
thompam01,Amen Thompson,79,200,2003-01-30,,2023,,,2023
thompau01,Ausar Thompson,79,205,2003-01-30,,2023,,,2023
thompet01,Ethan Thompson,76,195,1999-05-04,Oregon State,,,,2025
thompho01,Hollis Thompson,80,206,1991-04-03,Georgetown,,,,2013
thompja02,Jason Thompson,83,250,1986-07-21,Rider University,2008,,,2008
thompkl01,Klay Thompson,77,220,1990-02-08,Washington State,2011,,,2011
thomptr01,Tristan Thompson,81,254,1991-03-13,Texas,2011,,,2011
thorjt01,JT Thor,81,203,2002-08-26,Auburn,2021,,,2021
thornma01,Marcus Thornton,76,205,1987-06-05,LSU,2009,,,2009
thornsi01,Sindarius Thornwell,76,215,1994-11-15,South Carolina,2017,,,2017
thybuma01,Matisse Thybulle,77,202,1997-03-04,Washington,2019,,,2019
tilliki02,Killian Tillie,81,220,1998-03-05,Gonzaga,,,,2021
tillmxa01,Xavier Tillman Sr.,80,245,1999-01-12,Michigan State,2020,,,2021
timmedr01,Drew Timme,81,235,2000-09-09,Gonzaga,,,,2025
tobeymi01,Mike Tobey,84,260,1994-10-10,Virginia,,,,2017
toddis01,Isaiah Todd,81,219,2001-10-17,,2021,,,2021
tollian01,Anthony Tolliver,80,240,1985-06-01,Creighton,,,,2008
tomlina01,Nae'Qwan Tomlin,80,210,2000-12-10,Monroe Community College,,,,2025
tonjejo01,John Tonje,76,218,2001-04-23,Colorado State,2025,,,2026
topicni01,Nikola Topić,78,200,2005-08-10,,2024,,,2026
toppija01,Jacob Toppin,81,200,2000-05-08,Rhode Island,,,,2023
toppiob01,Obi Toppin,81,220,1998-03-04,Dayton,2020,,,2020
toscaju01,Juan Toscano-Anderson,78,209,1993-04-10,Marquette,,,,2020
toupaax01,Axel Toupane,79,210,1992-07-23,,,,,2016
townska01,Karl-Anthony Towns,84,248,1995-11-15,Kentucky,2015,,,2015
traorno01,Nolan Traoré,75,185,2006-05-28,,2025,,,2025
travelu01,Luke Travers,78,207,2001-09-03,,2022,,,2024
trentga02,Gary Trent Jr.,77,204,1999-01-18,Duke,2018,,,2018
trieral01,Allonzo Trier,76,200,1996-01-17,Arizona,,,,2018
tshieos01,Oscar Tshiebwe,80,255,1999-11-27,West Virginia,,,,2023
tuckepj01,P.J. Tucker,77,245,1985-05-05,Texas,2006,,,2006
tuckera01,Rayjon Tucker,75,209,1997-09-24,Florida Gulf Coast,,,,2019
turneev01,Evan Turner,78,220,1988-10-27,Ohio State,2010,,,2010
turnemy01,Myles Turner,83,250,1996-03-24,Texas,2015,,,2015
tysonhu01,Hunter Tyson,80,215,2000-06-13,Clemson,2023,,,2023
tysonja01,Jaylon Tyson,78,215,2002-12-02,Texas,2024,,,2024
udohek01,Ekpe Udoh,82,245,1987-05-20,Michigan,2010,,,2010
udrihbe01,Beno Udrih,75,205,1982-07-05,,2004,,,2004
ulisty01,Tyler Ulis,70,160,1996-01-05,Kentucky,2016,,,2016
umudest01,Stanley Umude,78,210,1999-04-12,South Dakota,,,,2023
uthofja01,Jarrod Uthoff,81,220,1993-05-19,Iowa,,,,2017
valanjo01,Jonas Valančiūnas,83,265,1992-05-06,,2011,,,2012
valende01,Denzel Valentine,76,220,1993-11-16,Michigan State,2016,,,2016
vandeja01,Jarred Vanderbilt,80,214,1999-04-03,Kentucky,2018,,,2019
vanvlfr01,Fred VanVleet,72,197,1994-02-25,Wichita State,,,,2016
varejan01,Anderson Varejão,83,273,1982-09-28,,2004,,,2004
vasqugr01,Greivis Vásquez,78,217,1987-01-16,Maryland,2010,,,2010
vassede01,Devin Vassell,77,200,2000-08-23,Florida State,2020,,,2020
vaughra01,Rashad Vaughn,78,210,1996-08-16,UNLV,2015,,,2015
vezenal01,Sasha Vezenkov,80,225,1995-08-06,,2017,,,2023
villach01,Charlie Villanueva,83,232,1984-08-24,UConn,2005,,,2005
vincega01,Gabe Vincent,74,200,1996-06-14,UC Santa Barbara,,,,2020
vonleno01,Noah Vonleh,82,257,1995-08-24,Indiana,2014,,,2014
vucevni01,Nikola Vučević,81,260,1990-10-24,USC,2011,,,2011
vujacsa01,Sasha Vujačić,79,195,1984-03-08,,2004,,,2004
vukcetr01,Tristan Vukcevic,84,220,2003-03-11,,2023,,,2024
wadede01,Dean Wade,81,228,1996-11-20,Kansas State,,,,2019
wadedw01,Dwyane Wade,76,220,1982-01-17,Marquette,2003,,,2003
wagnefr01,Franz Wagner,82,220,2001-08-27,Michigan,2021,,,2021
wagnemo01,Moritz Wagner,83,245,1997-04-26,Michigan,2018,,,2018
wainris01,Ish Wainright,77,250,1994-09-12,Baylor,,,,2021
waitedi01,Dion Waiters,75,215,1991-12-10,Syracuse,2012,,,2012
walkeja01,Jabari Walker,79,237,2002-07-30,Colorado,2022,,,2022
walkeja02,Jarace Walker,79,235,2003-09-04,Houston,2023,,,2023
walkeke02,Kemba Walker,72,184,1990-05-08,UConn,2011,,,2011
walkelo01,Lonnie Walker IV,76,204,1998-12-14,Miami (FL),2018,,,2019
walkemj01,M.J. Walker,77,213,1998-03-28,Florida State,,,,2021
wallaca01,Cason Wallace,75,195,2003-11-07,Kentucky,2023,,,2023
wallake01,Keaton Wallace,75,185,1999-02-26,Texas-San Antonio,,,,2024
wallaty01,Tyrone Wallace,77,198,1994-06-10,California,2016,,,2018
walljo01,John Wall,75,210,1990-09-06,Kentucky,2010,,,2010
walshjo01,Jordan Walsh,78,205,2004-03-03,Arkansas,2023,,,2024
walteja01,Ja'Kobe Walter,76,180,2004-09-04,Baylor,2024,,,2024
waltode01,Derrick Walton,72,189,1995-04-03,Michigan,,,,2017
wanambr01,Brad Wanamaker,75,210,1989-07-25,Pitt,,,,2018
wareke01,Kel'el Ware,84,230,2004-04-20,Oregon,2024,,,2024
warneja01,Jameel Warney,80,260,1994-01-31,Stony Brook University,,,,2018
warretj01,T.J. Warren,80,220,1993-09-05,NC State,2014,,,2014
washbju01,Julian Washburn,80,210,1991-12-18,Texas-El Paso,,,,2019
washidu02,Duane Washington Jr.,74,197,2000-03-24,Ohio State,,,,2021
washipj01,P.J. Washington,79,230,1998-08-23,Kentucky,2019,,,2019
washity02,TyTy Washington Jr.,75,195,2001-11-15,Kentucky,2022,,,2022
watanyu01,Yuta Watanabe,81,215,1994-10-13,George Washington,,,,2018
waterli01,Lindy Waters III,77,210,1997-07-28,Oklahoma State,,,,2022
watertr01,Tremont Waters,70,175,1998-01-10,LSU,2019,,,2019
watfotr01,Trendon Watford,80,237,2000-11-09,LSU,,,,2021
watkija01,Jamir Watkins,78,210,2001-07-06,VCU,2025,,,2025
watsoan02,Anton Watson,80,225,2000-10-06,Gonzaga,2024,,,2025
watsocj01,C.J. Watson,74,175,1984-04-17,Tennessee,,,,2008
watsopa01,Paul Watson,78,210,1994-12-30,Fresno State,,,,2020
watsope01,Peyton Watson,80,200,2002-09-11,UCLA,2022,,,2022
weartr01,Travis Wear,81,219,1990-09-21,UNC,,,,2014
weathqu01,Quinndary Weatherspoon,75,207,1996-09-10,Mississippi State,2019,,,2020
webbja01,James Webb III,81,202,1993-08-19,Boise State,,,,2018
weberbr01,Briante Weber,74,170,1992-12-29,VCU,,,,2016
weemsso01,Sonny Weems,78,205,1986-07-08,Arkansas,2008,,,2009
wellsja01,Jaylen Wells,79,206,2003-08-26,Sonoma State University,2024,,,2024
welshth01,Thomas Welsh,84,255,1996-02-03,UCLA,2018,,,2018
wembavi01,Victor Wembanyama,88,235,2004-01-04,,2023,,,2023
weslebl01,Blake Wesley,76,190,2003-03-16,Notre Dame,2022,,,2022
westbru01,Russell Westbrook,76,200,1988-11-12,UCLA,2008,,,2008
westda01,David West,81,250,1980-08-29,Xavier,2003,,,2003
wheelph02,Phillip Wheeler,80,185,2002-04-23,,,,,2025
whitean01,Andrew White,79,210,1993-06-16,Nebraska,,,,2018
whiteco01,Coby White,76,195,2000-02-16,UNC,2019,,,2019
whiteda01,Dariq Whitehead,78,220,2004-08-01,Duke,2023,,,2023
whitede01,Derrick White,76,190,1994-07-02,Colorado-Colorado Springs,2017,,,2017
whiteha01,Hassan Whiteside,84,265,1989-06-13,Marshall,2010,,,2010
whiteis01,Isaiah Whitehead,76,213,1995-03-08,Seton Hall,2016,,,2016
whiteja03,Jack White,79,225,1997-08-05,Duke,,,,2022
whiteok01,Okaro White,80,205,1992-08-13,Florida State,,,,2017
whitmca01,Cam Whitmore,78,230,2004-07-08,Villanova,2023,,,2023
whittgr01,Greg Whittington,80,210,1993-02-07,Georgetown,,,,2021
whittsh01,Shayne Whittington,83,250,1991-03-27,Western Michigan,,,,2014
wieskjo01,Joe Wieskamp,78,205,1999-08-23,Iowa,2021,,,2021
wiggiaa01,Aaron Wiggins,77,190,1999-01-02,Maryland,2021,,,2021
wiggian01,Andrew Wiggins,78,197,1995-02-23,Kansas,2014,,,2014
wiggili01,Lindell Wigginton,73,189,1998-03-28,Iowa State,,,,2022
wilcocj01,C.J. Wilcox,77,195,1990-12-30,Washington,2014,,,2014
wileyja01,Jacob Wiley,80,223,1994-09-04,Eastern Washington,,,,2017
wilkida02,Damien Wilkins,78,225,1980-01-11,NC State,,,,2004
willial03,Alan Williams,80,265,1993-01-28,UC Santa Barbara,,,,2016
willial06,Alondes Williams,76,210,1999-06-19,Triton College,,,,2022
william01,Amari Williams,83,250,2002-01-28,Drexel,2025,,,2025
willibr03,Brandon Williams,73,190,1999-11-22,Arizona,,,,2021
willicj01,C.J. Williams,77,234,1990-02-06,NC State,,,,2017
willico04,Cody Williams,80,190,2004-11-20,Colorado,2024,,,2024
willide01,Deron Williams,75,200,1984-06-26,Illinois,2005,,,2005
willide02,Derrick Williams,80,240,1991-05-25,Arizona,2011,,,2011
willido02,Donovan Williams,78,190,2001-09-06,Texas,,,,2023
williel01,Elliot Williams,77,190,1989-06-20,Duke,2010,,,2011
willigr01,Grant Williams,79,236,1998-11-30,Tennessee,2019,,,2019
willija06,Jalen Williams,77,211,2001-04-14,Santa Clara,2022,,,2022
willija07,Jaylin Williams,81,240,2002-06-29,Arkansas,2022,,,2022
willije02,Nate Williams,77,205,1999-02-12,Buffalo,,,,2023
willijo04,Johnathan Williams,81,228,1995-05-22,Missouri,,,,2018
willike04,Kenrich Williams,79,210,1994-12-02,TCU,,,,2018
willilo02,Lou Williams,74,175,1986-10-27,,2005,,,2005
willilu01,Lucas Williamson,76,205,1999-01-28,Loyola Chicago,,,,2026
willima01,Mo Williams,73,198,1982-12-19,Alabama,2003,,,2003
willima02,Marvin Williams,80,237,1986-06-19,UNC,2005,,,2005
willima05,Matt Williams,77,210,1993-10-14,Central Florida,,,,2017
willima07,Mark Williams,85,240,2001-12-16,Duke,2022,,,2022
willima11,Malik Williams,83,250,1998-08-26,Louisville,,,,2024
willini01,Nigel Williams-Goss,74,190,1994-09-16,Gonzaga,2017,,,2019
willipa01,Patrick Williams,78,215,2001-08-26,Florida State,2020,,,2020
willire02,Reggie Williams,78,205,1986-09-14,Virginia Military Institute,,,,2010
williro04,Robert Williams,81,249,1997-10-17,Texas A&M,2018,,,2018
willitr02,Troy Williams,79,218,1994-12-30,Indiana,,,,2016
willivi01,Vince Williams Jr.,76,205,2000-08-30,VCU,2022,,,2022
willizi01,Zion Williamson,78,284,2000-07-06,Duke,2019,,,2020
willizi02,Ziaire Williams,81,185,2001-09-12,Stanford,2021,,,2021
wilsodj01,D.J. Wilson,82,231,1996-02-19,Michigan,2017,,,2017
wilsoja02,Jamil Wilson,79,229,1990-11-21,Oregon,,,,2017
wilsoja03,Jalen Wilson,78,220,2000-11-04,Kansas,2023,,,2023
wiltjky01,Kyle Wiltjer,82,240,1992-10-20,Kentucky,,,,2016
windldy01,Dylan Windler,79,196,1996-09-22,Belmont,2019,,,2020
winslju01,Justise Winslow,78,222,1996-03-26,Duke,2015,,,2015
winstca01,Cassius Winston,73,185,1998-02-28,Michigan State,2020,,,2021
wisemja01,James Wiseman,83,240,2001-03-31,Memphis,2020,,,2020
witheje01,Jeff Withey,84,230,1990-03-07,Kansas,2013,,,2013
wolfda01,Danny Wolf,83,250,2004-05-05,Yale,2025,,,2025
woltena01,Nate Wolters,76,190,1991-05-15,South Dakota State,2013,,,2013
wongis01,Isaiah Wong,75,185,2001-01-28,Miami (FL),2023,,,2023
woodaro01,Robert Woodard II,78,235,1999-09-22,Mississippi State,2020,,,2020
woodch01,Christian Wood,80,214,1995-09-27,UNLV,,,,2015
wrighbr03,Brandan Wright,82,235,1987-10-05,UNC,2007,,,2007
wrighde01,Delon Wright,76,185,1992-04-26,Utah,2015,,,2015
wrighju02,Justin Wright-Foreman,72,190,1997-10-27,Hofstra,2019,,,2020
wrighmc01,McKinley Wright IV,71,192,1998-10-25,Colorado,,,,2021
wrighmo01,Moses Wright,80,226,1998-12-23,Georgia Tech,,,,2021
wroteto01,Tony Wroten,78,205,1993-04-13,Washington,2012,,,2012
yabusgu01,Guerschon Yabusele,79,265,1995-12-17,,2016,,,2017
yangha01,Yang Hansen,85,270,2005-06-26,,2025,,,2025
yorkga01,Gabe York,75,185,1993-08-02,Arizona,,,,2022
youngch01,Chris Youngblood,76,221,2002-02-09,Kennesaw State University,,,,2025
youngja01,James Young,78,215,1995-08-16,Kentucky,2014,,,2014
youngja05,Jahmir Young,72,185,2000-10-07,UNC Charlotte,,,,2025
youngjo01,Joe Young,74,185,1992-06-27,Houston,2015,,,2015
youngni01,Nick Young,79,210,1985-06-01,USC,2007,,,2007
youngth01,Thaddeus Young,80,225,1988-06-21,Georgia Tech,2007,,,2007
youngtr01,Trae Young,74,164,1998-09-19,Oklahoma,2018,,,2018
yurtsom01,Omer Yurtseven,83,275,1998-06-19,NC State,,,,2021
zelleco01,Cody Zeller,83,240,1992-10-05,Indiana,2013,,,2013
zellety01,Tyler Zeller,84,253,1990-01-17,UNC,2012,,,2012
zikarro01,Rocco Zikarsky,87,227,2006-07-11,,2025,,,2026
zimmest01,Stephen Zimmerman,84,240,1996-09-09,UNLV,2016,,,2016
zipsepa01,Paul Zipser,80,226,1994-02-18,,2016,,,2016
zizican01,Ante Žižić,82,266,1997-01-04,,2016,,,2017
zubaciv01,Ivica Zubac,84,240,1997-03-18,,2016,,,2016
